Order ID,Order Date,Year,Month,Month Number,Customer ID,Customer Name,Product ID,Product Name,Category,Sub-Category,Segment,Region,State,City,Quantity,Unit Price,Sales,Discount,Revenue,Profit
ORD-102273,2025-01-01,2025,Jan,1,CUST-0400,Anika Deshmukh,P014,Ergonomic Chair Pro,Furniture,Chairs,Small Business,North,Rajasthan,Jaipur,5,18222.75,91113.75,0.05,86558.06,14355.12
ORD-102529,2025-01-01,2025,Jan,1,CUST-0006,Rohan Sharma,P040,Travel Backpack Pro,Office Supplies,Bags,Consumer,North,Rajasthan,Jaipur,3,4955.8,14867.4,0.1,13380.66,3819.69
ORD-100445,2025-01-02,2025,Jan,1,CUST-0447,Rahul Kumar,P002,Business Laptop 15,Technology,Laptops,Consumer,East,Odisha,Bhubaneswar,2,53509.7,107019.4,0.0,107019.4,25396.72
ORD-100850,2025-01-02,2025,Jan,1,CUST-0228,Karthik Rao,P008,4K Monitor 27,Technology,Monitors,Consumer,North,Rajasthan,Jaipur,4,28274.3,113097.2,0.1,101787.48,18336.29
ORD-101358,2025-01-02,2025,Jan,1,CUST-0133,Aadhya Rao,P027,Whiteboard,Office Supplies,Presentation,Corporate,South,Telangana,Hyderabad,4,4893.9,19575.6,0.15,16639.26,5210.19
ORD-101652,2025-01-02,2025,Jan,1,CUST-0058,Nisha Rao,P009,UltraWide Monitor 34,Technology,Monitors,Consumer,South,Telangana,Hyderabad,3,43962.01,131886.03,0.15,112103.13,18753.01
ORD-101683,2025-01-02,2025,Jan,1,CUST-0237,Sneha Kumar,P008,4K Monitor 27,Technology,Monitors,Small Business,South,Karnataka,Bengaluru,1,30049.78,30049.78,0.05,28547.29,5243.48
ORD-102234,2025-01-02,2025,Jan,1,CUST-0345,Ishaan Deshmukh,P010,Tablet Air 11,Technology,Tablets,Corporate,North,Uttar Pradesh,Lucknow,3,35701.22,107103.66,0.1,96393.29,19688.89
ORD-102990,2025-01-02,2025,Jan,1,CUST-0154,Meera Iyer,P040,Travel Backpack Pro,Office Supplies,Bags,Corporate,South,Telangana,Hyderabad,3,4810.86,14432.58,0.15,12267.69,2526.58
ORD-100739,2025-01-03,2025,Jan,1,CUST-0065,Ishaan Deshmukh,P040,Travel Backpack Pro,Office Supplies,Bags,Small Business,North,Rajasthan,Jaipur,4,4914.19,19656.76,0.05,18673.92,4451.51
ORD-101115,2025-01-03,2025,Jan,1,CUST-0271,Diya Sharma,P021,Laser Printer Pro,Office Supplies,Machines,Small Business,North,Uttar Pradesh,Lucknow,4,28512.96,114051.84,0.0,114051.84,32605.94
ORD-101425,2025-01-03,2025,Jan,1,CUST-0087,Rahul Kumar,P011,Smartphone Pro,Technology,Phones,Consumer,North,Uttar Pradesh,Lucknow,10,76307.24,763072.4,0.1,686765.16,131706.81
ORD-102283,2025-01-03,2025,Jan,1,CUST-0255,Priya Deshmukh,P021,Laser Printer Pro,Office Supplies,Machines,Small Business,South,Telangana,Hyderabad,3,29512.94,88538.82,0.1,79684.94,20473.62
ORD-100021,2025-01-04,2025,Jan,1,CUST-0469,Saanvi Iyer,P009,UltraWide Monitor 34,Technology,Monitors,Small Business,South,Telangana,Hyderabad,1,40383.51,40383.51,0.1,36345.16,8402.43
ORD-100587,2025-01-04,2025,Jan,1,CUST-0284,Arjun Iyer,P032,Air Purifier,Home Appliances,Air Care,Consumer,West,Maharashtra,Pune,2,15590.92,31181.84,0.05,29622.75,6639.31
ORD-100621,2025-01-04,2025,Jan,1,CUST-0236,Kavya Sharma,P010,Tablet Air 11,Technology,Tablets,Small Business,West,Gujarat,Ahmedabad,2,36728.29,73456.58,0.05,69783.75,11987.03
ORD-100755,2025-01-04,2025,Jan,1,CUST-0146,Rohan Sharma,P005,Noise Cancelling Headphones,Technology,Accessories,Small Business,North,Rajasthan,Jaipur,1,7479.65,7479.65,0.0,7479.65,818.97
ORD-102318,2025-01-04,2025,Jan,1,CUST-0207,Rahul Kumar,P021,Laser Printer Pro,Office Supplies,Machines,Corporate,South,Telangana,Hyderabad,3,27869.44,83608.32,0.0,83608.32,28428.25
ORD-102651,2025-01-04,2025,Jan,1,CUST-0410,Ananya Deshmukh,P002,Business Laptop 15,Technology,Laptops,Consumer,West,Maharashtra,Mumbai,6,51237.52,307425.12,0.1,276682.61,62170.53
ORD-100458,2025-01-05,2025,Jan,1,CUST-0242,Vivaan Kumar,P039,Backpack,Office Supplies,Bags,Consumer,West,Maharashtra,Mumbai,2,2213.82,4427.64,0.05,4206.26,1175.57
ORD-100859,2025-01-05,2025,Jan,1,CUST-0023,Aditya Rao,P031,Microwave Oven,Home Appliances,Kitchen,Consumer,West,Maharashtra,Mumbai,2,14947.83,29895.66,0.05,28400.88,6330.7
ORD-101186,2025-01-05,2025,Jan,1,CUST-0413,Aadhya Rao,P014,Ergonomic Chair Pro,Furniture,Chairs,Corporate,West,Maharashtra,Pune,2,17703.8,35407.6,0.2,28326.08,7068.06
ORD-100271,2025-01-06,2025,Jan,1,CUST-0466,Rohan Sharma,P020,Printer,Office Supplies,Machines,Consumer,East,Assam,Guwahati,2,17211.87,34423.74,0.05,32702.55,7531.65
ORD-101771,2025-01-06,2025,Jan,1,CUST-0149,Saanvi Iyer,P013,Office Chair,Furniture,Chairs,Corporate,East,Assam,Guwahati,1,12044.78,12044.78,0.0,12044.78,2945.28
ORD-102332,2025-01-06,2025,Jan,1,CUST-0301,Aarav Sharma,P034,Smart Watch,Technology,Wearables,Consumer,West,Gujarat,Ahmedabad,6,13065.41,78392.46,0.05,74472.84,11533.62
ORD-102378,2025-01-06,2025,Jan,1,CUST-0028,Karthik Rao,P031,Microwave Oven,Home Appliances,Kitchen,Small Business,North,Uttar Pradesh,Lucknow,5,14220.35,71101.75,0.1,63991.58,7883.6
ORD-102399,2025-01-06,2025,Jan,1,CUST-0466,Rohan Sharma,P023,Premium Notebook,Office Supplies,Paper,Corporate,South,Telangana,Hyderabad,3,437.71,1313.13,0.2,1050.5,232.45
ORD-100435,2025-01-07,2025,Jan,1,CUST-0484,Arjun Iyer,P030,Mixer Grinder,Home Appliances,Kitchen,Consumer,East,Assam,Guwahati,1,7161.09,7161.09,0.05,6803.04,974.69
ORD-100798,2025-01-07,2025,Jan,1,CUST-0258,Nisha Rao,P038,USB-C Hub,Technology,Accessories,Small Business,North,Uttar Pradesh,Lucknow,5,2485.47,12427.35,0.1,11184.61,2525.44
ORD-101131,2025-01-07,2025,Jan,1,CUST-0282,Vivaan Kumar,P037,Power Bank,Technology,Accessories,Corporate,South,Tamil Nadu,Chennai,1,2129.61,2129.61,0.1,1916.65,469.86
ORD-102340,2025-01-07,2025,Jan,1,CUST-0003,Aditya Rao,P007,Wireless Mouse,Technology,Accessories,Small Business,West,Maharashtra,Pune,5,1707.11,8535.55,0.1,7681.99,938.05
ORD-100049,2025-01-08,2025,Jan,1,CUST-0151,Diya Sharma,P037,Power Bank,Technology,Accessories,Consumer,North,Uttar Pradesh,Lucknow,10,2195.56,21955.6,0.0,21955.6,4951.74
ORD-100885,2025-01-08,2025,Jan,1,CUST-0184,Arjun Iyer,P012,Smartphone Plus,Technology,Phones,Consumer,North,Rajasthan,Jaipur,3,45910.26,137730.78,0.05,130844.24,30585.53
ORD-101075,2025-01-08,2025,Jan,1,CUST-0430,Ananya Deshmukh,P003,Gaming Laptop X,Technology,Laptops,Consumer,East,Odisha,Bhubaneswar,6,84821.97,508931.82,0.0,508931.82,108049.85
ORD-101423,2025-01-08,2025,Jan,1,CUST-0281,Aarav Sharma,P040,Travel Backpack Pro,Office Supplies,Bags,Corporate,East,West Bengal,Kolkata,3,4990.3,14970.9,0.1,13473.81,3631.89
ORD-101843,2025-01-08,2025,Jan,1,CUST-0286,Rohan Sharma,P036,Bluetooth Speaker,Technology,Audio,Corporate,East,Assam,Guwahati,5,5568.08,27840.4,0.15,23664.34,3950.97
ORD-101847,2025-01-08,2025,Jan,1,CUST-0285,Ishaan Deshmukh,P040,Travel Backpack Pro,Office Supplies,Bags,Corporate,North,Delhi,Delhi,1,5041.36,5041.36,0.15,4285.16,1455.27
ORD-102462,2025-01-08,2025,Jan,1,CUST-0285,Ishaan Deshmukh,P022,Printer Paper Pack,Office Supplies,Paper,Consumer,East,Odisha,Bhubaneswar,4,666.59,2666.36,0.0,2666.36,799.44
ORD-102524,2025-01-08,2025,Jan,1,CUST-0305,Ishaan Deshmukh,P019,Conference Table,Furniture,Tables,Small Business,South,Tamil Nadu,Chennai,4,42237.86,168951.44,0.05,160503.87,23557.54
ORD-100266,2025-01-09,2025,Jan,1,CUST-0424,Arjun Iyer,P023,Premium Notebook,Office Supplies,Paper,Consumer,North,Delhi,Delhi,2,441.62,883.24,0.05,839.08,166.18
ORD-100501,2025-01-09,2025,Jan,1,CUST-0111,Diya Sharma,P013,Office Chair,Furniture,Chairs,Consumer,South,Telangana,Hyderabad,3,12729.64,38188.92,0.05,36279.47,8871.7
ORD-100806,2025-01-09,2025,Jan,1,CUST-0445,Ishaan Deshmukh,P034,Smart Watch,Technology,Wearables,Consumer,South,Telangana,Hyderabad,1,12609.06,12609.06,0.0,12609.06,1442.03
ORD-100916,2025-01-09,2025,Jan,1,CUST-0420,Anika Deshmukh,P019,Conference Table,Furniture,Tables,Corporate,West,Maharashtra,Mumbai,4,43554.59,174218.36,0.2,139374.69,24983.25
ORD-101207,2025-01-09,2025,Jan,1,CUST-0047,Rahul Kumar,P011,Smartphone Pro,Technology,Phones,Corporate,North,Rajasthan,Jaipur,2,73401.09,146802.18,0.1,132121.96,15818.58
ORD-101483,2025-01-09,2025,Jan,1,CUST-0018,Nisha Rao,P036,Bluetooth Speaker,Technology,Audio,Consumer,South,Tamil Nadu,Chennai,1,5390.71,5390.71,0.1,4851.64,667.11
ORD-102240,2025-01-09,2025,Jan,1,CUST-0200,Anika Deshmukh,P034,Smart Watch,Technology,Wearables,Corporate,East,West Bengal,Kolkata,2,12353.08,24706.16,0.1,22235.54,5134.96
ORD-102503,2025-01-09,2025,Jan,1,CUST-0272,Ira Kumar,P032,Air Purifier,Home Appliances,Air Care,Small Business,West,Maharashtra,Mumbai,3,17007.83,51023.49,0.1,45921.14,10443.22
ORD-102504,2025-01-09,2025,Jan,1,CUST-0019,Pooja Iyer,P023,Premium Notebook,Office Supplies,Paper,Small Business,South,Karnataka,Bengaluru,4,428.22,1712.88,0.1,1541.59,499.44
ORD-100427,2025-01-10,2025,Jan,1,CUST-0067,Rahul Kumar,P038,USB-C Hub,Technology,Accessories,Consumer,South,Tamil Nadu,Chennai,2,2724.25,5448.5,0.05,5176.07,1231.25
ORD-100641,2025-01-10,2025,Jan,1,CUST-0440,Anika Deshmukh,P017,Bookshelf,Furniture,Storage,Consumer,North,Rajasthan,Jaipur,2,9566.52,19133.04,0.0,19133.04,4303.91
ORD-101349,2025-01-10,2025,Jan,1,CUST-0239,Pooja Iyer,P035,Fitness Band,Technology,Wearables,Consumer,West,Maharashtra,Mumbai,2,4119.42,8238.84,0.05,7826.9,1710.86
ORD-101700,2025-01-10,2025,Jan,1,CUST-0255,Priya Deshmukh,P023,Premium Notebook,Office Supplies,Paper,Consumer,North,Delhi,Delhi,4,465.1,1860.4,0.1,1674.36,382.6
ORD-100595,2025-01-11,2025,Jan,1,CUST-0179,Pooja Iyer,P019,Conference Table,Furniture,Tables,Small Business,South,Telangana,Hyderabad,4,39575.01,158300.04,0.05,150385.04,32918.05
ORD-101173,2025-01-11,2025,Jan,1,CUST-0033,Aadhya Rao,P022,Printer Paper Pack,Office Supplies,Paper,Corporate,North,Delhi,Delhi,2,617.37,1234.74,0.1,1111.27,346.29
ORD-101823,2025-01-11,2025,Jan,1,CUST-0387,Rahul Kumar,P003,Gaming Laptop X,Technology,Laptops,Small Business,North,Delhi,Delhi,1,84846.45,84846.45,0.1,76361.8,18859.69
ORD-102737,2025-01-11,2025,Jan,1,CUST-0495,Priya Deshmukh,P032,Air Purifier,Home Appliances,Air Care,Small Business,North,Delhi,Delhi,5,15783.2,78916.0,0.1,71024.4,13175.84
ORD-100855,2025-01-12,2025,Jan,1,CUST-0077,Sneha Kumar,P027,Whiteboard,Office Supplies,Presentation,Corporate,North,Delhi,Delhi,4,4682.1,18728.4,0.05,17791.98,4774.47
ORD-101175,2025-01-12,2025,Jan,1,CUST-0299,Pooja Iyer,P032,Air Purifier,Home Appliances,Air Care,Corporate,South,Tamil Nadu,Chennai,8,16284.1,130272.8,0.05,123759.16,15791.87
ORD-101188,2025-01-12,2025,Jan,1,CUST-0133,Aadhya Rao,P031,Microwave Oven,Home Appliances,Kitchen,Corporate,East,West Bengal,Kolkata,1,14888.52,14888.52,0.1,13399.67,1749.01
ORD-101345,2025-01-12,2025,Jan,1,CUST-0037,Sneha Kumar,P008,4K Monitor 27,Technology,Monitors,Consumer,West,Maharashtra,Mumbai,1,27822.94,27822.94,0.0,27822.94,6747.66
ORD-102339,2025-01-12,2025,Jan,1,CUST-0265,Ishaan Deshmukh,P033,Robot Vacuum,Home Appliances,Cleaning,Corporate,East,Odisha,Bhubaneswar,2,27452.0,54904.0,0.2,43923.2,7137.34
ORD-102214,2025-01-13,2025,Jan,1,CUST-0188,Karthik Rao,P016,Standing Desk,Furniture,Tables,Consumer,South,Karnataka,Bengaluru,2,30983.59,61967.18,0.05,58868.82,13100.81
ORD-100966,2025-01-14,2025,Jan,1,CUST-0268,Karthik Rao,P029,Air Fryer,Home Appliances,Kitchen,Corporate,North,Rajasthan,Jaipur,1,8822.71,8822.71,0.05,8381.57,1938.01
ORD-101063,2025-01-14,2025,Jan,1,CUST-0352,Ira Kumar,P021,Laser Printer Pro,Office Supplies,Machines,Small Business,South,Tamil Nadu,Chennai,3,30093.47,90280.41,0.1,81252.37,24525.02
ORD-102104,2025-01-14,2025,Jan,1,CUST-0442,Vivaan Kumar,P004,Wireless Headphones,Technology,Accessories,Corporate,East,Assam,Guwahati,2,4456.17,8912.34,0.0,8912.34,1864.19
ORD-102312,2025-01-14,2025,Jan,1,CUST-0435,Priya Deshmukh,P016,Standing Desk,Furniture,Tables,Corporate,West,Gujarat,Ahmedabad,6,32093.39,192560.34,0.15,163676.29,32413.72
ORD-102320,2025-01-14,2025,Jan,1,CUST-0333,Aadhya Rao,P011,Smartphone Pro,Technology,Phones,Small Business,West,Maharashtra,Mumbai,2,71374.87,142749.74,0.0,142749.74,33029.95
ORD-102455,2025-01-14,2025,Jan,1,CUST-0031,Diya Sharma,P019,Conference Table,Furniture,Tables,Consumer,East,Assam,Guwahati,2,40171.13,80342.26,0.1,72308.03,16022.15
ORD-100268,2025-01-15,2025,Jan,1,CUST-0135,Priya Deshmukh,P040,Travel Backpack Pro,Office Supplies,Bags,Consumer,East,Assam,Guwahati,2,4827.06,9654.12,0.0,9654.12,2322.12
ORD-100502,2025-01-15,2025,Jan,1,CUST-0323,Aditya Rao,P011,Smartphone Pro,Technology,Phones,Consumer,West,Maharashtra,Pune,1,70379.03,70379.03,0.0,70379.03,7250.57
ORD-100675,2025-01-15,2025,Jan,1,CUST-0278,Nisha Rao,P027,Whiteboard,Office Supplies,Presentation,Small Business,East,Odisha,Bhubaneswar,5,4836.44,24182.2,0.05,22973.09,4229.44
ORD-101141,2025-01-15,2025,Jan,1,CUST-0263,Aditya Rao,P002,Business Laptop 15,Technology,Laptops,Consumer,West,Maharashtra,Pune,1,55767.93,55767.93,0.05,52979.53,10458.99
ORD-101856,2025-01-15,2025,Jan,1,CUST-0261,Aarav Sharma,P040,Travel Backpack Pro,Office Supplies,Bags,Corporate,East,Odisha,Bhubaneswar,1,4736.39,4736.39,0.15,4025.93,838.42
ORD-102865,2025-01-16,2025,Jan,1,CUST-0446,Rohan Sharma,P038,USB-C Hub,Technology,Accessories,Small Business,East,West Bengal,Kolkata,4,2647.79,10591.16,0.05,10061.6,2277.59
ORD-100172,2025-01-17,2025,Jan,1,CUST-0284,Arjun Iyer,P013,Office Chair,Furniture,Chairs,Small Business,East,West Bengal,Kolkata,2,12597.62,25195.24,0.05,23935.48,3487.26
ORD-100932,2025-01-18,2025,Jan,1,CUST-0464,Arjun Iyer,P004,Wireless Headphones,Technology,Accessories,Corporate,West,Gujarat,Ahmedabad,3,4365.57,13096.71,0.1,11787.04,2769.41
ORD-100463,2025-01-19,2025,Jan,1,CUST-0284,Arjun Iyer,P020,Printer,Office Supplies,Machines,Corporate,West,Gujarat,Ahmedabad,1,17408.97,17408.97,0.15,14797.62,5295.02
ORD-102146,2025-01-19,2025,Jan,1,CUST-0361,Aarav Sharma,P018,Filing Cabinet,Furniture,Storage,Consumer,West,Maharashtra,Pune,5,11276.37,56381.85,0.0,56381.85,10457.23
ORD-102463,2025-01-19,2025,Jan,1,CUST-0333,Aadhya Rao,P030,Mixer Grinder,Home Appliances,Kitchen,Consumer,West,Maharashtra,Mumbai,8,6859.94,54879.52,0.05,52135.54,12423.4
ORD-100599,2025-01-20,2025,Jan,1,CUST-0279,Pooja Iyer,P028,Coffee Maker,Home Appliances,Kitchen,Consumer,East,Assam,Guwahati,3,8776.02,26328.06,0.05,25011.66,4877.69
ORD-101617,2025-01-20,2025,Jan,1,CUST-0012,Ira Kumar,P024,Gel Pen Set,Office Supplies,Writing,Corporate,East,Assam,Guwahati,1,303.91,303.91,0.1,273.52,98.17
ORD-102101,2025-01-20,2025,Jan,1,CUST-0357,Sneha Kumar,P035,Fitness Band,Technology,Wearables,Consumer,North,Uttar Pradesh,Lucknow,2,4294.16,8588.32,0.0,8588.32,1782.43
ORD-102403,2025-01-20,2025,Jan,1,CUST-0093,Aadhya Rao,P003,Gaming Laptop X,Technology,Laptops,Small Business,East,Odisha,Bhubaneswar,4,90584.63,362338.52,0.0,362338.52,83285.65
ORD-102727,2025-01-20,2025,Jan,1,CUST-0473,Aadhya Rao,P040,Travel Backpack Pro,Office Supplies,Bags,Corporate,North,Delhi,Delhi,3,4613.4,13840.2,0.1,12456.18,3055.47
ORD-100356,2025-01-21,2025,Jan,1,CUST-0366,Rohan Sharma,P027,Whiteboard,Office Supplies,Presentation,Consumer,East,West Bengal,Kolkata,5,4644.45,23222.25,0.0,23222.25,6866.93
ORD-100551,2025-01-21,2025,Jan,1,CUST-0125,Ishaan Deshmukh,P001,Laptop Pro 14,Technology,Laptops,Corporate,East,Assam,Guwahati,2,65437.39,130874.78,0.15,111243.56,27738.63
ORD-100923,2025-01-21,2025,Jan,1,CUST-0239,Pooja Iyer,P012,Smartphone Plus,Technology,Phones,Consumer,East,Assam,Guwahati,5,47175.12,235875.6,0.0,235875.6,43980.98
ORD-101266,2025-01-21,2025,Jan,1,CUST-0266,Rohan Sharma,P010,Tablet Air 11,Technology,Tablets,Corporate,East,West Bengal,Kolkata,3,37997.16,113991.48,0.1,102592.33,24375.67
ORD-101613,2025-01-21,2025,Jan,1,CUST-0258,Nisha Rao,P007,Wireless Mouse,Technology,Accessories,Corporate,West,Gujarat,Ahmedabad,5,1804.26,9021.3,0.1,8119.17,1726.22
ORD-101320,2025-01-22,2025,Jan,1,CUST-0038,Nisha Rao,P035,Fitness Band,Technology,Wearables,Consumer,South,Tamil Nadu,Chennai,2,4085.48,8170.96,0.1,7353.86,1514.29
ORD-101329,2025-01-22,2025,Jan,1,CUST-0361,Aarav Sharma,P027,Whiteboard,Office Supplies,Presentation,Consumer,North,Delhi,Delhi,2,4602.51,9205.02,0.05,8744.77,3115.61
ORD-101728,2025-01-22,2025,Jan,1,CUST-0079,Pooja Iyer,P032,Air Purifier,Home Appliances,Air Care,Consumer,South,Tamil Nadu,Chennai,5,16212.24,81061.2,0.1,72955.08,13188.86
ORD-102781,2025-01-22,2025,Jan,1,CUST-0298,Nisha Rao,P010,Tablet Air 11,Technology,Tablets,Small Business,East,West Bengal,Kolkata,2,36512.91,73025.82,0.05,69374.53,13378.26
ORD-101009,2025-01-23,2025,Jan,1,CUST-0500,Anika Deshmukh,P040,Travel Backpack Pro,Office Supplies,Bags,Corporate,South,Telangana,Hyderabad,5,5079.73,25398.65,0.15,21588.85,4139.3
ORD-101213,2025-01-23,2025,Jan,1,CUST-0047,Rahul Kumar,P029,Air Fryer,Home Appliances,Kitchen,Corporate,South,Telangana,Hyderabad,1,9415.77,9415.77,0.1,8474.19,1620.97
ORD-101302,2025-01-23,2025,Jan,1,CUST-0472,Ira Kumar,P015,Executive Desk,Furniture,Tables,Consumer,South,Telangana,Hyderabad,3,24542.66,73627.98,0.1,66265.18,10330.41
ORD-101426,2025-01-23,2025,Jan,1,CUST-0163,Aditya Rao,P035,Fitness Band,Technology,Wearables,Corporate,East,West Bengal,Kolkata,1,4305.54,4305.54,0.2,3444.43,477.77
ORD-102068,2025-01-23,2025,Jan,1,CUST-0195,Priya Deshmukh,P032,Air Purifier,Home Appliances,Air Care,Consumer,North,Delhi,Delhi,3,16212.19,48636.57,0.1,43772.91,8809.96
ORD-102883,2025-01-24,2025,Jan,1,CUST-0139,Pooja Iyer,P005,Noise Cancelling Headphones,Technology,Accessories,Corporate,South,Telangana,Hyderabad,4,7166.6,28666.4,0.2,22933.12,4343.04
ORD-102917,2025-01-24,2025,Jan,1,CUST-0322,Vivaan Kumar,P024,Gel Pen Set,Office Supplies,Writing,Small Business,West,Gujarat,Ahmedabad,1,302.77,302.77,0.05,287.63,79.37
ORD-102992,2025-01-24,2025,Jan,1,CUST-0138,Nisha Rao,P027,Whiteboard,Office Supplies,Presentation,Corporate,South,Karnataka,Bengaluru,3,4785.2,14355.6,0.1,12920.04,3470.71
ORD-100692,2025-01-25,2025,Jan,1,CUST-0218,Nisha Rao,P019,Conference Table,Furniture,Tables,Consumer,South,Karnataka,Bengaluru,1,39502.42,39502.42,0.0,39502.42,6231.22
ORD-101295,2025-01-25,2025,Jan,1,CUST-0397,Sneha Kumar,P025,Desk Organizer,Office Supplies,Accessories,Small Business,East,Assam,Guwahati,1,896.58,896.58,0.1,806.92,191.86
ORD-101397,2025-01-25,2025,Jan,1,CUST-0275,Priya Deshmukh,P031,Microwave Oven,Home Appliances,Kitchen,Consumer,South,Tamil Nadu,Chennai,6,13928.58,83571.48,0.0,83571.48,16292.32
ORD-101526,2025-01-25,2025,Jan,1,CUST-0348,Karthik Rao,P033,Robot Vacuum,Home Appliances,Cleaning,Corporate,East,West Bengal,Kolkata,3,27213.85,81641.55,0.15,69395.32,10159.71
ORD-101580,2025-01-25,2025,Jan,1,CUST-0289,Saanvi Iyer,P012,Smartphone Plus,Technology,Phones,Consumer,East,Assam,Guwahati,8,45739.34,365914.72,0.1,329323.25,33503.8
ORD-101936,2025-01-25,2025,Jan,1,CUST-0395,Priya Deshmukh,P024,Gel Pen Set,Office Supplies,Writing,Corporate,East,West Bengal,Kolkata,1,333.04,333.04,0.05,316.39,74.19
ORD-101995,2025-01-25,2025,Jan,1,CUST-0438,Nisha Rao,P023,Premium Notebook,Office Supplies,Paper,Consumer,East,Assam,Guwahati,5,441.77,2208.85,0.0,2208.85,517.69
ORD-102733,2025-01-25,2025,Jan,1,CUST-0295,Priya Deshmukh,P012,Smartphone Plus,Technology,Phones,Consumer,South,Tamil Nadu,Chennai,2,47680.24,95360.48,0.05,90592.46,15371.36
ORD-100508,2025-01-26,2025,Jan,1,CUST-0036,Kavya Sharma,P039,Backpack,Office Supplies,Bags,Corporate,North,Rajasthan,Jaipur,4,2254.24,9016.96,0.05,8566.11,1978.73
ORD-101510,2025-01-26,2025,Jan,1,CUST-0165,Ishaan Deshmukh,P004,Wireless Headphones,Technology,Accessories,Small Business,South,Tamil Nadu,Chennai,2,4706.61,9413.22,0.05,8942.56,1736.02
ORD-101636,2025-01-26,2025,Jan,1,CUST-0301,Aarav Sharma,P025,Desk Organizer,Office Supplies,Accessories,Consumer,West,Gujarat,Ahmedabad,2,884.09,1768.18,0.05,1679.77,408.45
ORD-101079,2025-01-27,2025,Jan,1,CUST-0179,Pooja Iyer,P016,Standing Desk,Furniture,Tables,Corporate,East,West Bengal,Kolkata,2,31557.04,63114.08,0.15,53646.97,13306.88
ORD-102697,2025-01-27,2025,Jan,1,CUST-0394,Meera Iyer,P004,Wireless Headphones,Technology,Accessories,Small Business,West,Maharashtra,Mumbai,3,4740.59,14221.77,0.0,14221.77,3076.34
ORD-102799,2025-01-27,2025,Jan,1,CUST-0206,Rohan Sharma,P030,Mixer Grinder,Home Appliances,Kitchen,Corporate,West,Gujarat,Ahmedabad,4,7195.86,28783.44,0.15,24465.92,2903.71
ORD-100912,2025-01-28,2025,Jan,1,CUST-0063,Aditya Rao,P008,4K Monitor 27,Technology,Monitors,Corporate,West,Maharashtra,Pune,1,27912.58,27912.58,0.1,25121.32,2921.8
ORD-101429,2025-01-28,2025,Jan,1,CUST-0157,Sneha Kumar,P010,Tablet Air 11,Technology,Tablets,Consumer,East,Assam,Guwahati,3,35852.98,107558.94,0.1,96803.05,16722.71
ORD-101517,2025-01-28,2025,Jan,1,CUST-0078,Nisha Rao,P003,Gaming Laptop X,Technology,Laptops,Corporate,South,Telangana,Hyderabad,6,90634.58,543807.48,0.15,462236.36,81519.43
ORD-101783,2025-01-28,2025,Jan,1,CUST-0245,Ishaan Deshmukh,P007,Wireless Mouse,Technology,Accessories,Consumer,West,Maharashtra,Mumbai,1,1865.64,1865.64,0.0,1865.64,392.83
ORD-101932,2025-01-28,2025,Jan,1,CUST-0264,Arjun Iyer,P039,Backpack,Office Supplies,Bags,Corporate,East,West Bengal,Kolkata,6,2301.35,13808.1,0.05,13117.69,2723.69
ORD-102020,2025-01-28,2025,Jan,1,CUST-0464,Arjun Iyer,P040,Travel Backpack Pro,Office Supplies,Bags,Consumer,North,Rajasthan,Jaipur,1,4983.99,4983.99,0.0,4983.99,1055.23
ORD-102782,2025-01-28,2025,Jan,1,CUST-0434,Meera Iyer,P001,Laptop Pro 14,Technology,Laptops,Corporate,North,Rajasthan,Jaipur,2,58992.88,117985.76,0.15,100287.9,13576.87
ORD-100299,2025-01-29,2025,Jan,1,CUST-0019,Pooja Iyer,P022,Printer Paper Pack,Office Supplies,Paper,Small Business,North,Uttar Pradesh,Lucknow,3,643.78,1931.34,0.05,1834.77,442.22
ORD-100473,2025-01-29,2025,Jan,1,CUST-0383,Aditya Rao,P031,Microwave Oven,Home Appliances,Kitchen,Corporate,North,Rajasthan,Jaipur,6,15023.24,90139.44,0.1,81125.5,14030.47
ORD-100866,2025-01-29,2025,Jan,1,CUST-0007,Rahul Kumar,P003,Gaming Laptop X,Technology,Laptops,Consumer,North,Delhi,Delhi,10,90160.98,901609.8,0.0,901609.8,150842.03
ORD-101021,2025-01-29,2025,Jan,1,CUST-0016,Kavya Sharma,P017,Bookshelf,Furniture,Storage,Consumer,North,Delhi,Delhi,1,9898.95,9898.95,0.05,9404.0,2377.71
ORD-101350,2025-01-29,2025,Jan,1,CUST-0209,Saanvi Iyer,P030,Mixer Grinder,Home Appliances,Kitchen,Consumer,West,Maharashtra,Mumbai,3,6698.07,20094.21,0.05,19089.5,2367.24
ORD-101573,2025-01-29,2025,Jan,1,CUST-0064,Arjun Iyer,P008,4K Monitor 27,Technology,Monitors,Consumer,East,Odisha,Bhubaneswar,1,29735.0,29735.0,0.05,28248.25,6736.26
ORD-102183,2025-01-29,2025,Jan,1,CUST-0150,Ananya Deshmukh,P012,Smartphone Plus,Technology,Phones,Corporate,South,Telangana,Hyderabad,2,46006.08,92012.16,0.15,78210.34,15603.51
ORD-102943,2025-01-29,2025,Jan,1,CUST-0409,Saanvi Iyer,P020,Printer,Office Supplies,Machines,Corporate,South,Tamil Nadu,Chennai,4,16464.48,65857.92,0.15,55979.23,10480.81
ORD-100523,2025-01-30,2025,Jan,1,CUST-0297,Sneha Kumar,P040,Travel Backpack Pro,Office Supplies,Bags,Consumer,South,Karnataka,Bengaluru,2,4693.75,9387.5,0.0,9387.5,2863.79
ORD-100864,2025-01-30,2025,Jan,1,CUST-0104,Arjun Iyer,P006,Mechanical Keyboard,Technology,Accessories,Consumer,East,West Bengal,Kolkata,4,5294.37,21177.48,0.0,21177.48,3083.31
ORD-101217,2025-01-30,2025,Jan,1,CUST-0163,Aditya Rao,P034,Smart Watch,Technology,Wearables,Corporate,South,Telangana,Hyderabad,2,12345.91,24691.82,0.1,22222.64,2637.63
ORD-101411,2025-01-30,2025,Jan,1,CUST-0190,Ananya Deshmukh,P012,Smartphone Plus,Technology,Phones,Small Business,South,Tamil Nadu,Chennai,4,47920.3,191681.2,0.05,182097.14,43002.17
ORD-101979,2025-01-30,2025,Jan,1,CUST-0350,Ananya Deshmukh,P037,Power Bank,Technology,Accessories,Consumer,North,Rajasthan,Jaipur,4,1976.64,7906.56,0.1,7115.9,802.23
ORD-102266,2025-01-30,2025,Jan,1,CUST-0066,Rohan Sharma,P033,Robot Vacuum,Home Appliances,Cleaning,Corporate,North,Delhi,Delhi,1,28708.44,28708.44,0.1,25837.6,4018.02
ORD-102289,2025-01-30,2025,Jan,1,CUST-0444,Arjun Iyer,P003,Gaming Laptop X,Technology,Laptops,Consumer,South,Tamil Nadu,Chennai,1,91846.03,91846.03,0.1,82661.43,9291.46
ORD-100098,2025-01-31,2025,Jan,1,CUST-0077,Sneha Kumar,P024,Gel Pen Set,Office Supplies,Writing,Consumer,South,Karnataka,Bengaluru,3,323.46,970.38,0.1,873.34,157.95
ORD-100821,2025-01-31,2025,Jan,1,CUST-0420,Anika Deshmukh,P006,Mechanical Keyboard,Technology,Accessories,Corporate,East,Odisha,Bhubaneswar,1,5147.33,5147.33,0.15,4375.23,535.12
ORD-101284,2025-01-31,2025,Jan,1,CUST-0204,Arjun Iyer,P003,Gaming Laptop X,Technology,Laptops,Corporate,East,Odisha,Bhubaneswar,8,93235.32,745882.56,0.15,634000.18,146209.55
ORD-100082,2025-02-01,2025,Feb,2,CUST-0132,Ira Kumar,P001,Laptop Pro 14,Technology,Laptops,Consumer,North,Uttar Pradesh,Lucknow,5,63276.8,316384.0,0.0,316384.0,72109.35
ORD-100128,2025-02-01,2025,Feb,2,CUST-0414,Meera Iyer,P037,Power Bank,Technology,Accessories,Consumer,South,Tamil Nadu,Chennai,3,1974.58,5923.74,0.15,5035.18,715.67
ORD-100395,2025-02-01,2025,Feb,2,CUST-0237,Sneha Kumar,P025,Desk Organizer,Office Supplies,Accessories,Small Business,South,Karnataka,Bengaluru,1,883.58,883.58,0.1,795.22,178.19
ORD-100628,2025-02-01,2025,Feb,2,CUST-0183,Aditya Rao,P003,Gaming Laptop X,Technology,Laptops,Consumer,West,Maharashtra,Mumbai,2,89236.88,178473.76,0.1,160626.38,18732.35
ORD-102112,2025-02-01,2025,Feb,2,CUST-0344,Arjun Iyer,P039,Backpack,Office Supplies,Bags,Corporate,North,Rajasthan,Jaipur,5,2329.63,11648.15,0.1,10483.33,3363.13
ORD-102493,2025-02-01,2025,Feb,2,CUST-0449,Saanvi Iyer,P004,Wireless Headphones,Technology,Accessories,Small Business,South,Tamil Nadu,Chennai,6,4232.61,25395.66,0.05,24125.88,4914.12
ORD-102968,2025-02-01,2025,Feb,2,CUST-0337,Sneha Kumar,P012,Smartphone Plus,Technology,Phones,Corporate,West,Maharashtra,Pune,4,50163.08,200652.32,0.05,190619.7,28716.34
ORD-100503,2025-02-02,2025,Feb,2,CUST-0079,Pooja Iyer,P025,Desk Organizer,Office Supplies,Accessories,Small Business,East,West Bengal,Kolkata,4,856.91,3427.64,0.0,3427.64,964.99
ORD-101052,2025-02-02,2025,Feb,2,CUST-0472,Ira Kumar,P033,Robot Vacuum,Home Appliances,Cleaning,Consumer,North,Delhi,Delhi,1,28296.09,28296.09,0.0,28296.09,5661.22
ORD-101471,2025-02-02,2025,Feb,2,CUST-0173,Aadhya Rao,P035,Fitness Band,Technology,Wearables,Consumer,East,Odisha,Bhubaneswar,2,4433.91,8867.82,0.0,8867.82,2046.53
ORD-100285,2025-02-03,2025,Feb,2,CUST-0209,Saanvi Iyer,P010,Tablet Air 11,Technology,Tablets,Consumer,West,Maharashtra,Pune,2,36284.21,72568.42,0.05,68940.0,15414.08
ORD-101019,2025-02-03,2025,Feb,2,CUST-0265,Ishaan Deshmukh,P010,Tablet Air 11,Technology,Tablets,Small Business,North,Delhi,Delhi,8,38146.69,305173.52,0.1,274656.17,46074.35
ORD-101524,2025-02-03,2025,Feb,2,CUST-0308,Karthik Rao,P034,Smart Watch,Technology,Wearables,Corporate,West,Maharashtra,Mumbai,2,12287.04,24574.08,0.15,20887.97,4460.81
ORD-101917,2025-02-03,2025,Feb,2,CUST-0175,Priya Deshmukh,P001,Laptop Pro 14,Technology,Laptops,Corporate,South,Telangana,Hyderabad,1,62739.7,62739.7,0.15,53328.74,11261.17
ORD-102409,2025-02-03,2025,Feb,2,CUST-0192,Ira Kumar,P025,Desk Organizer,Office Supplies,Accessories,Consumer,North,Delhi,Delhi,1,865.47,865.47,0.0,865.47,225.55
ORD-102712,2025-02-03,2025,Feb,2,CUST-0044,Arjun Iyer,P026,Stapler Heavy Duty,Office Supplies,Accessories,Consumer,West,Gujarat,Ahmedabad,5,744.29,3721.45,0.05,3535.38,928.6
ORD-100928,2025-02-04,2025,Feb,2,CUST-0126,Rohan Sharma,P031,Microwave Oven,Home Appliances,Kitchen,Small Business,North,Delhi,Delhi,4,14311.01,57244.04,0.1,51519.64,10637.08
ORD-101494,2025-02-04,2025,Feb,2,CUST-0366,Rohan Sharma,P006,Mechanical Keyboard,Technology,Accessories,Corporate,North,Uttar Pradesh,Lucknow,1,5200.34,5200.34,0.1,4680.31,1044.89
ORD-101759,2025-02-04,2025,Feb,2,CUST-0178,Nisha Rao,P024,Gel Pen Set,Office Supplies,Writing,Consumer,East,Odisha,Bhubaneswar,4,318.35,1273.4,0.05,1209.73,364.22
ORD-102576,2025-02-04,2025,Feb,2,CUST-0252,Ira Kumar,P040,Travel Backpack Pro,Office Supplies,Bags,Consumer,South,Tamil Nadu,Chennai,1,4536.23,4536.23,0.1,4082.61,1160.14
ORD-102542,2025-02-05,2025,Feb,2,CUST-0445,Ishaan Deshmukh,P011,Smartphone Pro,Technology,Phones,Consumer,South,Telangana,Hyderabad,2,73048.35,146096.7,0.05,138791.86,15223.0
ORD-100384,2025-02-06,2025,Feb,2,CUST-0077,Sneha Kumar,P018,Filing Cabinet,Furniture,Storage,Consumer,North,Uttar Pradesh,Lucknow,1,11989.06,11989.06,0.0,11989.06,2798.46
ORD-101026,2025-02-06,2025,Feb,2,CUST-0462,Vivaan Kumar,P006,Mechanical Keyboard,Technology,Accessories,Corporate,North,Rajasthan,Jaipur,2,5096.66,10193.32,0.05,9683.65,2164.29
ORD-101304,2025-02-06,2025,Feb,2,CUST-0326,Rohan Sharma,P039,Backpack,Office Supplies,Bags,Consumer,South,Telangana,Hyderabad,1,2069.41,2069.41,0.05,1965.94,666.78
ORD-102041,2025-02-06,2025,Feb,2,CUST-0105,Ishaan Deshmukh,P040,Travel Backpack Pro,Office Supplies,Bags,Consumer,East,West Bengal,Kolkata,2,5064.59,10129.18,0.05,9622.72,2468.83
ORD-102656,2025-02-06,2025,Feb,2,CUST-0050,Ananya Deshmukh,P028,Coffee Maker,Home Appliances,Kitchen,Small Business,East,Assam,Guwahati,1,8206.39,8206.39,0.0,8206.39,1828.62
ORD-100072,2025-02-07,2025,Feb,2,CUST-0266,Rohan Sharma,P033,Robot Vacuum,Home Appliances,Cleaning,Corporate,East,West Bengal,Kolkata,5,28797.96,143989.8,0.15,122391.33,18882.14
ORD-100998,2025-02-07,2025,Feb,2,CUST-0456,Kavya Sharma,P001,Laptop Pro 14,Technology,Laptops,Consumer,West,Maharashtra,Pune,2,61718.06,123436.12,0.0,123436.12,15849.1
ORD-101240,2025-02-07,2025,Feb,2,CUST-0012,Ira Kumar,P025,Desk Organizer,Office Supplies,Accessories,Small Business,North,Rajasthan,Jaipur,2,854.92,1709.84,0.1,1538.86,363.43
ORD-101534,2025-02-07,2025,Feb,2,CUST-0325,Ishaan Deshmukh,P032,Air Purifier,Home Appliances,Air Care,Small Business,East,West Bengal,Kolkata,1,16357.19,16357.19,0.1,14721.47,2314.49
ORD-101653,2025-02-07,2025,Feb,2,CUST-0131,Diya Sharma,P033,Robot Vacuum,Home Appliances,Cleaning,Small Business,South,Karnataka,Bengaluru,4,28513.46,114053.84,0.0,114053.84,12815.71
ORD-101988,2025-02-07,2025,Feb,2,CUST-0394,Meera Iyer,P031,Microwave Oven,Home Appliances,Kitchen,Consumer,South,Tamil Nadu,Chennai,1,14476.97,14476.97,0.1,13029.27,2161.48
ORD-102269,2025-02-07,2025,Feb,2,CUST-0256,Kavya Sharma,P011,Smartphone Pro,Technology,Phones,Consumer,East,West Bengal,Kolkata,2,69412.88,138825.76,0.1,124943.18,29838.27
ORD-102349,2025-02-07,2025,Feb,2,CUST-0027,Rahul Kumar,P028,Coffee Maker,Home Appliances,Kitchen,Small Business,North,Delhi,Delhi,1,8739.64,8739.64,0.1,7865.68,1259.54
ORD-102573,2025-02-07,2025,Feb,2,CUST-0365,Ishaan Deshmukh,P025,Desk Organizer,Office Supplies,Accessories,Consumer,South,Karnataka,Bengaluru,4,814.8,3259.2,0.1,2933.28,1024.05
ORD-102944,2025-02-07,2025,Feb,2,CUST-0481,Aarav Sharma,P026,Stapler Heavy Duty,Office Supplies,Accessories,Consumer,West,Maharashtra,Mumbai,2,757.32,1514.64,0.1,1363.18,382.29
ORD-100951,2025-02-08,2025,Feb,2,CUST-0209,Saanvi Iyer,P028,Coffee Maker,Home Appliances,Kitchen,Corporate,North,Rajasthan,Jaipur,1,8503.83,8503.83,0.1,7653.45,1573.61
ORD-101720,2025-02-08,2025,Feb,2,CUST-0340,Anika Deshmukh,P040,Travel Backpack Pro,Office Supplies,Bags,Consumer,North,Uttar Pradesh,Lucknow,2,4698.08,9396.16,0.1,8456.54,2051.92
ORD-102385,2025-02-08,2025,Feb,2,CUST-0120,Anika Deshmukh,P037,Power Bank,Technology,Accessories,Corporate,East,West Bengal,Kolkata,8,2078.76,16630.08,0.1,14967.07,3555.22
ORD-102441,2025-02-08,2025,Feb,2,CUST-0184,Arjun Iyer,P030,Mixer Grinder,Home Appliances,Kitchen,Corporate,East,Odisha,Bhubaneswar,4,6611.72,26446.88,0.1,23802.19,4893.24
ORD-102691,2025-02-08,2025,Feb,2,CUST-0201,Aarav Sharma,P040,Travel Backpack Pro,Office Supplies,Bags,Small Business,North,Uttar Pradesh,Lucknow,6,4534.8,27208.8,0.1,24487.92,6110.77
ORD-100229,2025-02-09,2025,Feb,2,CUST-0321,Aarav Sharma,P008,4K Monitor 27,Technology,Monitors,Corporate,South,Telangana,Hyderabad,2,28768.84,57537.68,0.05,54660.8,13438.46
ORD-100370,2025-02-09,2025,Feb,2,CUST-0399,Pooja Iyer,P006,Mechanical Keyboard,Technology,Accessories,Consumer,South,Tamil Nadu,Chennai,5,5320.75,26603.75,0.0,26603.75,2773.28
ORD-100424,2025-02-09,2025,Feb,2,CUST-0488,Karthik Rao,P006,Mechanical Keyboard,Technology,Accessories,Corporate,North,Rajasthan,Jaipur,2,4896.11,9792.22,0.05,9302.61,1391.58
ORD-101757,2025-02-09,2025,Feb,2,CUST-0364,Arjun Iyer,P014,Ergonomic Chair Pro,Furniture,Chairs,Consumer,North,Uttar Pradesh,Lucknow,4,17806.47,71225.88,0.1,64103.29,13645.53
ORD-100376,2025-02-10,2025,Feb,2,CUST-0206,Rohan Sharma,P030,Mixer Grinder,Home Appliances,Kitchen,Small Business,West,Maharashtra,Mumbai,3,6744.25,20232.75,0.1,18209.48,3086.99
ORD-100431,2025-02-10,2025,Feb,2,CUST-0115,Priya Deshmukh,P007,Wireless Mouse,Technology,Accessories,Small Business,East,Assam,Guwahati,1,1899.29,1899.29,0.1,1709.36,335.46
ORD-101106,2025-02-10,2025,Feb,2,CUST-0328,Karthik Rao,P019,Conference Table,Furniture,Tables,Consumer,East,West Bengal,Kolkata,3,39884.61,119653.83,0.05,113671.14,17509.08
ORD-101128,2025-02-10,2025,Feb,2,CUST-0002,Vivaan Kumar,P023,Premium Notebook,Office Supplies,Paper,Corporate,East,Odisha,Bhubaneswar,1,472.37,472.37,0.1,425.13,76.99
ORD-102845,2025-02-10,2025,Feb,2,CUST-0278,Nisha Rao,P021,Laser Printer Pro,Office Supplies,Machines,Consumer,North,Rajasthan,Jaipur,2,28983.46,57966.92,0.15,49271.88,10238.92
ORD-100151,2025-02-11,2025,Feb,2,CUST-0431,Diya Sharma,P032,Air Purifier,Home Appliances,Air Care,Corporate,North,Delhi,Delhi,1,16291.07,16291.07,0.15,13847.41,1986.67
ORD-100651,2025-02-11,2025,Feb,2,CUST-0408,Karthik Rao,P030,Mixer Grinder,Home Appliances,Kitchen,Small Business,South,Karnataka,Bengaluru,2,6709.97,13419.94,0.0,13419.94,1957.29
ORD-100865,2025-02-11,2025,Feb,2,CUST-0485,Ishaan Deshmukh,P018,Filing Cabinet,Furniture,Storage,Consumer,West,Maharashtra,Pune,2,12189.3,24378.6,0.05,23159.67,2876.97
ORD-101689,2025-02-11,2025,Feb,2,CUST-0269,Saanvi Iyer,P028,Coffee Maker,Home Appliances,Kitchen,Corporate,South,Tamil Nadu,Chennai,2,8835.11,17670.22,0.05,16786.71,2186.39
ORD-101706,2025-02-11,2025,Feb,2,CUST-0180,Anika Deshmukh,P006,Mechanical Keyboard,Technology,Accessories,Consumer,North,Uttar Pradesh,Lucknow,2,4918.87,9837.74,0.0,9837.74,1383.85
ORD-102278,2025-02-11,2025,Feb,2,CUST-0346,Rohan Sharma,P031,Microwave Oven,Home Appliances,Kitchen,Consumer,East,Assam,Guwahati,1,14654.8,14654.8,0.15,12456.58,1840.11
ORD-102955,2025-02-11,2025,Feb,2,CUST-0453,Aadhya Rao,P024,Gel Pen Set,Office Supplies,Writing,Consumer,West,Maharashtra,Mumbai,4,331.94,1327.76,0.1,1194.98,249.36
ORD-100349,2025-02-12,2025,Feb,2,CUST-0497,Sneha Kumar,P016,Standing Desk,Furniture,Tables,Corporate,South,Tamil Nadu,Chennai,2,32588.25,65176.5,0.1,58658.85,12346.19
ORD-100233,2025-02-13,2025,Feb,2,CUST-0085,Ishaan Deshmukh,P031,Microwave Oven,Home Appliances,Kitchen,Consumer,East,West Bengal,Kolkata,1,15095.2,15095.2,0.05,14340.44,2856.42
ORD-100574,2025-02-13,2025,Feb,2,CUST-0398,Nisha Rao,P032,Air Purifier,Home Appliances,Air Care,Consumer,North,Delhi,Delhi,1,16635.72,16635.72,0.0,16635.72,3409.12
ORD-101561,2025-02-13,2025,Feb,2,CUST-0290,Ananya Deshmukh,P017,Bookshelf,Furniture,Storage,Consumer,East,West Bengal,Kolkata,2,10273.76,20547.52,0.0,20547.52,2967.66
ORD-102456,2025-02-13,2025,Feb,2,CUST-0336,Kavya Sharma,P036,Bluetooth Speaker,Technology,Audio,Small Business,East,Odisha,Bhubaneswar,4,5470.27,21881.08,0.1,19692.97,3505.89
ORD-102484,2025-02-13,2025,Feb,2,CUST-0034,Meera Iyer,P014,Ergonomic Chair Pro,Furniture,Chairs,Corporate,North,Rajasthan,Jaipur,2,19322.51,38645.02,0.1,34780.52,7241.44
ORD-102523,2025-02-13,2025,Feb,2,CUST-0391,Diya Sharma,P017,Bookshelf,Furniture,Storage,Corporate,South,Karnataka,Bengaluru,2,9390.53,18781.06,0.05,17842.01,4336.79
ORD-100352,2025-02-14,2025,Feb,2,CUST-0249,Saanvi Iyer,P023,Premium Notebook,Office Supplies,Paper,Corporate,West,Gujarat,Ahmedabad,2,467.16,934.32,0.15,794.17,191.75
ORD-101042,2025-02-14,2025,Feb,2,CUST-0227,Rahul Kumar,P027,Whiteboard,Office Supplies,Presentation,Corporate,South,Tamil Nadu,Chennai,5,4846.79,24233.95,0.1,21810.56,4951.57
ORD-101054,2025-02-14,2025,Feb,2,CUST-0022,Vivaan Kumar,P024,Gel Pen Set,Office Supplies,Writing,Consumer,South,Tamil Nadu,Chennai,2,327.21,654.42,0.05,621.7,178.75
ORD-101422,2025-02-14,2025,Feb,2,CUST-0199,Pooja Iyer,P033,Robot Vacuum,Home Appliances,Cleaning,Corporate,East,Odisha,Bhubaneswar,2,27276.49,54552.98,0.1,49097.68,6557.86
ORD-100223,2025-02-15,2025,Feb,2,CUST-0494,Meera Iyer,P004,Wireless Headphones,Technology,Accessories,Small Business,North,Rajasthan,Jaipur,2,4655.41,9310.82,0.05,8845.28,2184.76
ORD-101147,2025-02-15,2025,Feb,2,CUST-0240,Anika Deshmukh,P010,Tablet Air 11,Technology,Tablets,Corporate,North,Uttar Pradesh,Lucknow,1,35069.4,35069.4,0.2,28055.52,3047.11
ORD-101763,2025-02-15,2025,Feb,2,CUST-0009,Saanvi Iyer,P019,Conference Table,Furniture,Tables,Consumer,West,Gujarat,Ahmedabad,5,41300.43,206502.15,0.0,206502.15,32229.68
ORD-101096,2025-02-16,2025,Feb,2,CUST-0304,Arjun Iyer,P026,Stapler Heavy Duty,Office Supplies,Accessories,Consumer,East,Odisha,Bhubaneswar,4,698.36,2793.44,0.1,2514.1,709.31
ORD-101404,2025-02-16,2025,Feb,2,CUST-0358,Nisha Rao,P024,Gel Pen Set,Office Supplies,Writing,Consumer,South,Tamil Nadu,Chennai,1,332.73,332.73,0.05,316.09,110.06
ORD-101703,2025-02-16,2025,Feb,2,CUST-0108,Karthik Rao,P037,Power Bank,Technology,Accessories,Small Business,South,Tamil Nadu,Chennai,2,2154.67,4309.34,0.1,3878.41,408.55
ORD-101991,2025-02-16,2025,Feb,2,CUST-0365,Ishaan Deshmukh,P031,Microwave Oven,Home Appliances,Kitchen,Corporate,South,Karnataka,Bengaluru,8,14920.67,119365.36,0.15,101460.56,16861.77
ORD-102173,2025-02-16,2025,Feb,2,CUST-0130,Ananya Deshmukh,P023,Premium Notebook,Office Supplies,Paper,Corporate,West,Maharashtra,Mumbai,4,440.83,1763.32,0.05,1675.15,570.47
ORD-102501,2025-02-16,2025,Feb,2,CUST-0246,Rohan Sharma,P037,Power Bank,Technology,Accessories,Small Business,North,Uttar Pradesh,Lucknow,1,2225.22,2225.22,0.05,2113.96,323.46
ORD-100123,2025-02-17,2025,Feb,2,CUST-0444,Arjun Iyer,P031,Microwave Oven,Home Appliances,Kitchen,Corporate,West,Maharashtra,Mumbai,2,14563.63,29127.26,0.1,26214.53,3332.6
ORD-100232,2025-02-17,2025,Feb,2,CUST-0205,Ishaan Deshmukh,P024,Gel Pen Set,Office Supplies,Writing,Corporate,East,Odisha,Bhubaneswar,4,317.98,1271.92,0.1,1144.73,302.41
ORD-100721,2025-02-17,2025,Feb,2,CUST-0065,Ishaan Deshmukh,P032,Air Purifier,Home Appliances,Air Care,Corporate,South,Karnataka,Bengaluru,8,16045.67,128365.36,0.15,109110.56,16995.64
ORD-100811,2025-02-17,2025,Feb,2,CUST-0382,Vivaan Kumar,P015,Executive Desk,Furniture,Tables,Small Business,North,Uttar Pradesh,Lucknow,1,22721.11,22721.11,0.05,21585.05,4962.48
ORD-101360,2025-02-17,2025,Feb,2,CUST-0357,Sneha Kumar,P031,Microwave Oven,Home Appliances,Kitchen,Consumer,West,Maharashtra,Mumbai,4,13938.21,55752.84,0.05,52965.2,8587.77
ORD-101940,2025-02-17,2025,Feb,2,CUST-0222,Vivaan Kumar,P031,Microwave Oven,Home Appliances,Kitchen,Consumer,North,Rajasthan,Jaipur,4,14127.76,56511.04,0.05,53685.49,9052.15
ORD-102319,2025-02-17,2025,Feb,2,CUST-0465,Ishaan Deshmukh,P019,Conference Table,Furniture,Tables,Corporate,South,Tamil Nadu,Chennai,2,40399.73,80799.46,0.05,76759.49,11412.67
ORD-101006,2025-02-18,2025,Feb,2,CUST-0358,Nisha Rao,P014,Ergonomic Chair Pro,Furniture,Chairs,Consumer,South,Telangana,Hyderabad,5,17746.28,88731.4,0.1,79858.26,16667.5
ORD-102166,2025-02-18,2025,Feb,2,CUST-0315,Priya Deshmukh,P002,Business Laptop 15,Technology,Laptops,Small Business,North,Uttar Pradesh,Lucknow,4,52763.48,211053.92,0.05,200501.22,41902.03
ORD-102457,2025-02-18,2025,Feb,2,CUST-0136,Kavya Sharma,P015,Executive Desk,Furniture,Tables,Consumer,West,Gujarat,Ahmedabad,4,23956.42,95825.68,0.0,95825.68,12839.16
ORD-100500,2025-02-19,2025,Feb,2,CUST-0210,Ananya Deshmukh,P021,Laser Printer Pro,Office Supplies,Machines,Small Business,South,Tamil Nadu,Chennai,8,27227.36,217818.88,0.05,206927.94,63250.84
ORD-101033,2025-02-19,2025,Feb,2,CUST-0382,Vivaan Kumar,P012,Smartphone Plus,Technology,Phones,Consumer,West,Maharashtra,Pune,2,50679.17,101358.34,0.05,96290.42,21857.17
ORD-101074,2025-02-19,2025,Feb,2,CUST-0289,Saanvi Iyer,P004,Wireless Headphones,Technology,Accessories,Consumer,West,Gujarat,Ahmedabad,1,4372.86,4372.86,0.15,3716.93,396.56
ORD-102376,2025-02-19,2025,Feb,2,CUST-0359,Pooja Iyer,P030,Mixer Grinder,Home Appliances,Kitchen,Consumer,South,Tamil Nadu,Chennai,4,6914.82,27659.28,0.0,27659.28,5599.53
ORD-100507,2025-02-20,2025,Feb,2,CUST-0220,Anika Deshmukh,P026,Stapler Heavy Duty,Office Supplies,Accessories,Corporate,East,Assam,Guwahati,2,735.77,1471.54,0.1,1324.39,393.97
ORD-101091,2025-02-20,2025,Feb,2,CUST-0032,Ira Kumar,P033,Robot Vacuum,Home Appliances,Cleaning,Consumer,South,Karnataka,Bengaluru,4,27852.18,111408.72,0.1,100267.85,15304.41
ORD-101371,2025-02-20,2025,Feb,2,CUST-0425,Ishaan Deshmukh,P013,Office Chair,Furniture,Chairs,Small Business,South,Karnataka,Bengaluru,2,12960.94,25921.88,0.05,24625.79,3837.53
ORD-100119,2025-02-22,2025,Feb,2,CUST-0127,Rahul Kumar,P006,Mechanical Keyboard,Technology,Accessories,Corporate,South,Karnataka,Bengaluru,4,5072.72,20290.88,0.1,18261.79,2935.19
ORD-101590,2025-02-22,2025,Feb,2,CUST-0098,Nisha Rao,P008,4K Monitor 27,Technology,Monitors,Corporate,East,West Bengal,Kolkata,1,29367.94,29367.94,0.05,27899.54,3849.61
ORD-101015,2025-02-23,2025,Feb,2,CUST-0127,Rahul Kumar,P003,Gaming Laptop X,Technology,Laptops,Consumer,West,Maharashtra,Pune,3,91376.9,274130.7,0.0,274130.7,49133.72
ORD-101975,2025-02-23,2025,Feb,2,CUST-0084,Arjun Iyer,P008,4K Monitor 27,Technology,Monitors,Consumer,East,Assam,Guwahati,1,28833.7,28833.7,0.1,25950.33,5262.47
ORD-102526,2025-02-23,2025,Feb,2,CUST-0391,Diya Sharma,P027,Whiteboard,Office Supplies,Presentation,Consumer,South,Karnataka,Bengaluru,3,4525.45,13576.35,0.0,13576.35,4440.89
ORD-100080,2025-02-24,2025,Feb,2,CUST-0028,Karthik Rao,P002,Business Laptop 15,Technology,Laptops,Consumer,West,Maharashtra,Pune,3,55381.91,166145.73,0.1,149531.16,34365.02
ORD-100154,2025-02-24,2025,Feb,2,CUST-0427,Rahul Kumar,P025,Desk Organizer,Office Supplies,Accessories,Consumer,South,Karnataka,Bengaluru,2,888.26,1776.52,0.15,1510.04,509.06
ORD-100217,2025-02-24,2025,Feb,2,CUST-0081,Aarav Sharma,P024,Gel Pen Set,Office Supplies,Writing,Consumer,West,Gujarat,Ahmedabad,6,333.48,2000.88,0.1,1800.79,397.94
ORD-100388,2025-02-24,2025,Feb,2,CUST-0496,Kavya Sharma,P011,Smartphone Pro,Technology,Phones,Consumer,South,Tamil Nadu,Chennai,2,74577.75,149155.5,0.15,126782.18,29323.98
ORD-101145,2025-02-24,2025,Feb,2,CUST-0469,Saanvi Iyer,P023,Premium Notebook,Office Supplies,Paper,Corporate,South,Karnataka,Bengaluru,2,425.66,851.32,0.05,808.75,277.41
ORD-101622,2025-02-24,2025,Feb,2,CUST-0283,Aditya Rao,P030,Mixer Grinder,Home Appliances,Kitchen,Small Business,North,Delhi,Delhi,4,6904.62,27618.48,0.15,23475.71,4168.48
ORD-102517,2025-02-24,2025,Feb,2,CUST-0041,Aarav Sharma,P013,Office Chair,Furniture,Chairs,Corporate,North,Rajasthan,Jaipur,4,11952.67,47810.68,0.1,43029.61,9849.22
ORD-101292,2025-02-25,2025,Feb,2,CUST-0025,Ishaan Deshmukh,P023,Premium Notebook,Office Supplies,Paper,Corporate,West,Maharashtra,Pune,1,436.54,436.54,0.1,392.89,137.19
ORD-101557,2025-02-25,2025,Feb,2,CUST-0308,Karthik Rao,P003,Gaming Laptop X,Technology,Laptops,Consumer,East,Assam,Guwahati,5,91904.62,459523.1,0.05,436546.94,90729.22
ORD-102164,2025-02-25,2025,Feb,2,CUST-0054,Meera Iyer,P038,USB-C Hub,Technology,Accessories,Consumer,South,Telangana,Hyderabad,3,2498.54,7495.62,0.1,6746.06,1526.55
ORD-102597,2025-02-25,2025,Feb,2,CUST-0167,Rahul Kumar,P013,Office Chair,Furniture,Chairs,Small Business,East,Assam,Guwahati,1,12126.19,12126.19,0.0,12126.19,1755.89
ORD-100498,2025-02-26,2025,Feb,2,CUST-0112,Ira Kumar,P024,Gel Pen Set,Office Supplies,Writing,Small Business,North,Rajasthan,Jaipur,8,326.94,2615.52,0.1,2353.97,759.48
ORD-102350,2025-02-26,2025,Feb,2,CUST-0022,Vivaan Kumar,P003,Gaming Laptop X,Technology,Laptops,Consumer,West,Maharashtra,Mumbai,1,84155.24,84155.24,0.1,75739.72,9988.35
ORD-102390,2025-02-26,2025,Feb,2,CUST-0374,Meera Iyer,P024,Gel Pen Set,Office Supplies,Writing,Corporate,East,West Bengal,Kolkata,6,315.96,1895.76,0.15,1611.4,415.08
ORD-100767,2025-02-27,2025,Feb,2,CUST-0369,Saanvi Iyer,P035,Fitness Band,Technology,Wearables,Corporate,East,Assam,Guwahati,2,4361.27,8722.54,0.15,7414.16,888.72
ORD-101174,2025-02-27,2025,Feb,2,CUST-0470,Ananya Deshmukh,P027,Whiteboard,Office Supplies,Presentation,Consumer,South,Tamil Nadu,Chennai,1,4596.88,4596.88,0.05,4367.04,1398.25
ORD-101346,2025-02-27,2025,Feb,2,CUST-0334,Meera Iyer,P015,Executive Desk,Furniture,Tables,Small Business,South,Karnataka,Bengaluru,1,23952.78,23952.78,0.1,21557.5,4507.98
ORD-101751,2025-02-27,2025,Feb,2,CUST-0315,Priya Deshmukh,P007,Wireless Mouse,Technology,Accessories,Consumer,North,Delhi,Delhi,1,1906.36,1906.36,0.0,1906.36,433.68
ORD-101827,2025-02-27,2025,Feb,2,CUST-0404,Arjun Iyer,P020,Printer,Office Supplies,Machines,Small Business,West,Maharashtra,Pune,3,16586.43,49759.29,0.1,44783.36,13138.36
ORD-102200,2025-02-27,2025,Feb,2,CUST-0245,Ishaan Deshmukh,P012,Smartphone Plus,Technology,Phones,Consumer,East,Odisha,Bhubaneswar,2,50197.84,100395.68,0.05,95375.9,11087.49
ORD-100269,2025-02-28,2025,Feb,2,CUST-0494,Meera Iyer,P001,Laptop Pro 14,Technology,Laptops,Small Business,South,Telangana,Hyderabad,2,61849.7,123699.4,0.15,105144.49,18004.05
ORD-100303,2025-02-28,2025,Feb,2,CUST-0163,Aditya Rao,P021,Laser Printer Pro,Office Supplies,Machines,Corporate,North,Delhi,Delhi,5,30192.93,150964.65,0.0,150964.65,37626.89
ORD-100795,2025-02-28,2025,Feb,2,CUST-0189,Saanvi Iyer,P023,Premium Notebook,Office Supplies,Paper,Small Business,East,Assam,Guwahati,4,447.6,1790.4,0.0,1790.4,505.7
ORD-101509,2025-02-28,2025,Feb,2,CUST-0027,Rahul Kumar,P016,Standing Desk,Furniture,Tables,Consumer,East,West Bengal,Kolkata,2,29725.95,59451.9,0.05,56479.31,15115.96
ORD-101657,2025-02-28,2025,Feb,2,CUST-0405,Ishaan Deshmukh,P014,Ergonomic Chair Pro,Furniture,Chairs,Consumer,East,Odisha,Bhubaneswar,5,19118.53,95592.65,0.0,95592.65,13250.86
ORD-102513,2025-02-28,2025,Feb,2,CUST-0170,Ananya Deshmukh,P024,Gel Pen Set,Office Supplies,Writing,Corporate,South,Tamil Nadu,Chennai,2,328.25,656.5,0.1,590.85,123.37
ORD-102654,2025-02-28,2025,Feb,2,CUST-0020,Anika Deshmukh,P015,Executive Desk,Furniture,Tables,Small Business,West,Maharashtra,Pune,3,22899.45,68698.35,0.05,65263.43,8338.67
ORD-100059,2025-03-01,2025,Mar,3,CUST-0153,Aadhya Rao,P017,Bookshelf,Furniture,Storage,Corporate,East,West Bengal,Kolkata,2,9692.73,19385.46,0.05,18416.19,3943.44
ORD-100294,2025-03-01,2025,Mar,3,CUST-0470,Ananya Deshmukh,P021,Laser Printer Pro,Office Supplies,Machines,Consumer,West,Maharashtra,Pune,1,28051.56,28051.56,0.0,28051.56,6997.91
ORD-101062,2025-03-01,2025,Mar,3,CUST-0100,Anika Deshmukh,P038,USB-C Hub,Technology,Accessories,Corporate,South,Tamil Nadu,Chennai,5,2530.75,12653.75,0.0,12653.75,2737.62
ORD-101918,2025-03-01,2025,Mar,3,CUST-0324,Arjun Iyer,P008,4K Monitor 27,Technology,Monitors,Small Business,West,Maharashtra,Pune,3,28176.54,84529.62,0.15,71850.18,9502.38
ORD-101967,2025-03-01,2025,Mar,3,CUST-0208,Karthik Rao,P034,Smart Watch,Technology,Wearables,Corporate,South,Telangana,Hyderabad,3,12895.86,38687.58,0.15,32884.44,7669.05
ORD-102941,2025-03-01,2025,Mar,3,CUST-0327,Rahul Kumar,P038,USB-C Hub,Technology,Accessories,Consumer,North,Uttar Pradesh,Lucknow,4,2623.85,10495.4,0.0,10495.4,2584.63
ORD-100184,2025-03-02,2025,Mar,3,CUST-0181,Aarav Sharma,P005,Noise Cancelling Headphones,Technology,Accessories,Corporate,East,Assam,Guwahati,3,7237.58,21712.74,0.15,18455.83,4535.9
ORD-101343,2025-03-02,2025,Mar,3,CUST-0143,Aditya Rao,P013,Office Chair,Furniture,Chairs,Small Business,South,Tamil Nadu,Chennai,2,12309.9,24619.8,0.05,23388.81,4027.1
ORD-101477,2025-03-02,2025,Mar,3,CUST-0193,Aadhya Rao,P020,Printer,Office Supplies,Machines,Consumer,North,Uttar Pradesh,Lucknow,3,16496.42,49489.26,0.0,49489.26,12142.16
ORD-101558,2025-03-02,2025,Mar,3,CUST-0085,Ishaan Deshmukh,P040,Travel Backpack Pro,Office Supplies,Bags,Consumer,North,Delhi,Delhi,3,4853.3,14559.9,0.05,13831.9,2606.64
ORD-102161,2025-03-02,2025,Mar,3,CUST-0275,Priya Deshmukh,P035,Fitness Band,Technology,Wearables,Consumer,North,Delhi,Delhi,1,4117.81,4117.81,0.05,3911.92,433.36
ORD-102617,2025-03-02,2025,Mar,3,CUST-0221,Aarav Sharma,P035,Fitness Band,Technology,Wearables,Consumer,East,Assam,Guwahati,1,4104.35,4104.35,0.1,3693.92,537.28
ORD-102991,2025-03-02,2025,Mar,3,CUST-0397,Sneha Kumar,P032,Air Purifier,Home Appliances,Air Care,Consumer,East,Assam,Guwahati,3,15688.58,47065.74,0.0,47065.74,7647.12
ORD-100150,2025-03-03,2025,Mar,3,CUST-0044,Arjun Iyer,P031,Microwave Oven,Home Appliances,Kitchen,Consumer,West,Gujarat,Ahmedabad,3,15062.24,45186.72,0.0,45186.72,5833.26
ORD-100267,2025-03-03,2025,Mar,3,CUST-0392,Ira Kumar,P038,USB-C Hub,Technology,Accessories,Corporate,West,Maharashtra,Mumbai,4,2532.86,10131.44,0.15,8611.72,1678.02
ORD-100307,2025-03-03,2025,Mar,3,CUST-0345,Ishaan Deshmukh,P034,Smart Watch,Technology,Wearables,Corporate,East,West Bengal,Kolkata,1,12005.48,12005.48,0.0,12005.48,2511.33
ORD-100827,2025-03-03,2025,Mar,3,CUST-0038,Nisha Rao,P016,Standing Desk,Furniture,Tables,Small Business,East,West Bengal,Kolkata,3,31521.07,94563.21,0.0,94563.21,11910.52
ORD-101801,2025-03-03,2025,Mar,3,CUST-0055,Priya Deshmukh,P040,Travel Backpack Pro,Office Supplies,Bags,Consumer,West,Gujarat,Ahmedabad,1,4974.92,4974.92,0.15,4228.68,987.21
ORD-102723,2025-03-03,2025,Mar,3,CUST-0347,Rahul Kumar,P036,Bluetooth Speaker,Technology,Audio,Corporate,South,Tamil Nadu,Chennai,5,5785.92,28929.6,0.1,26036.64,5393.27
ORD-100414,2025-03-04,2025,Mar,3,CUST-0036,Kavya Sharma,P014,Ergonomic Chair Pro,Furniture,Chairs,Consumer,East,West Bengal,Kolkata,1,19601.15,19601.15,0.0,19601.15,4945.79
ORD-100055,2025-03-05,2025,Mar,3,CUST-0355,Priya Deshmukh,P040,Travel Backpack Pro,Office Supplies,Bags,Consumer,North,Uttar Pradesh,Lucknow,3,4536.39,13609.17,0.1,12248.25,3769.08
ORD-100394,2025-03-05,2025,Mar,3,CUST-0466,Rohan Sharma,P024,Gel Pen Set,Office Supplies,Writing,Corporate,South,Karnataka,Bengaluru,4,312.69,1250.76,0.1,1125.68,316.7
ORD-102002,2025-03-05,2025,Mar,3,CUST-0131,Diya Sharma,P040,Travel Backpack Pro,Office Supplies,Bags,Small Business,North,Rajasthan,Jaipur,5,4809.9,24049.5,0.1,21644.55,7241.06
ORD-100324,2025-03-06,2025,Mar,3,CUST-0200,Anika Deshmukh,P008,4K Monitor 27,Technology,Monitors,Corporate,North,Rajasthan,Jaipur,4,28819.62,115278.48,0.1,103750.63,15644.42
ORD-100343,2025-03-06,2025,Mar,3,CUST-0073,Aadhya Rao,P024,Gel Pen Set,Office Supplies,Writing,Corporate,East,West Bengal,Kolkata,2,334.85,669.7,0.15,569.25,152.96
ORD-100738,2025-03-06,2025,Mar,3,CUST-0369,Saanvi Iyer,P035,Fitness Band,Technology,Wearables,Consumer,South,Tamil Nadu,Chennai,1,4200.62,4200.62,0.1,3780.56,562.92
ORD-101642,2025-03-06,2025,Mar,3,CUST-0328,Karthik Rao,P009,UltraWide Monitor 34,Technology,Monitors,Small Business,East,Assam,Guwahati,2,41807.14,83614.28,0.1,75252.85,9952.63
ORD-102040,2025-03-06,2025,Mar,3,CUST-0142,Vivaan Kumar,P009,UltraWide Monitor 34,Technology,Monitors,Consumer,North,Delhi,Delhi,3,40512.77,121538.31,0.1,109384.48,20346.29
ORD-102450,2025-03-06,2025,Mar,3,CUST-0434,Meera Iyer,P024,Gel Pen Set,Office Supplies,Writing,Corporate,South,Karnataka,Bengaluru,3,338.61,1015.83,0.0,1015.83,185.71
ORD-102817,2025-03-06,2025,Mar,3,CUST-0107,Rahul Kumar,P015,Executive Desk,Furniture,Tables,Consumer,North,Uttar Pradesh,Lucknow,1,23783.5,23783.5,0.0,23783.5,6069.3
ORD-100092,2025-03-07,2025,Mar,3,CUST-0470,Ananya Deshmukh,P004,Wireless Headphones,Technology,Accessories,Consumer,East,Assam,Guwahati,1,4265.39,4265.39,0.05,4052.12,718.9
ORD-100293,2025-03-07,2025,Mar,3,CUST-0170,Ananya Deshmukh,P025,Desk Organizer,Office Supplies,Accessories,Small Business,West,Gujarat,Ahmedabad,4,888.38,3553.52,0.0,3553.52,844.42
ORD-100813,2025-03-07,2025,Mar,3,CUST-0144,Arjun Iyer,P025,Desk Organizer,Office Supplies,Accessories,Consumer,West,Maharashtra,Mumbai,2,824.18,1648.36,0.15,1401.11,300.25
ORD-100915,2025-03-07,2025,Mar,3,CUST-0062,Vivaan Kumar,P037,Power Bank,Technology,Accessories,Corporate,North,Rajasthan,Jaipur,6,2064.73,12388.38,0.1,11149.54,2278.6
ORD-101984,2025-03-07,2025,Mar,3,CUST-0182,Vivaan Kumar,P001,Laptop Pro 14,Technology,Laptops,Consumer,West,Maharashtra,Pune,4,60128.87,240515.48,0.1,216463.93,36806.7
ORD-102505,2025-03-07,2025,Mar,3,CUST-0138,Nisha Rao,P024,Gel Pen Set,Office Supplies,Writing,Corporate,South,Telangana,Hyderabad,1,321.91,321.91,0.1,289.72,73.16
ORD-102907,2025-03-07,2025,Mar,3,CUST-0245,Ishaan Deshmukh,P022,Printer Paper Pack,Office Supplies,Paper,Corporate,North,Delhi,Delhi,8,667.69,5341.52,0.2,4273.22,1192.8
ORD-100074,2025-03-08,2025,Mar,3,CUST-0159,Pooja Iyer,P001,Laptop Pro 14,Technology,Laptops,Small Business,South,Tamil Nadu,Chennai,2,60568.06,121136.12,0.1,109022.51,11021.87
ORD-102623,2025-03-08,2025,Mar,3,CUST-0307,Rahul Kumar,P028,Coffee Maker,Home Appliances,Kitchen,Consumer,South,Tamil Nadu,Chennai,5,8351.34,41756.7,0.0,41756.7,7904.58
ORD-102707,2025-03-08,2025,Mar,3,CUST-0315,Priya Deshmukh,P020,Printer,Office Supplies,Machines,Corporate,East,Assam,Guwahati,1,16268.42,16268.42,0.15,13828.16,4704.46
ORD-100007,2025-03-09,2025,Mar,3,CUST-0046,Rohan Sharma,P028,Coffee Maker,Home Appliances,Kitchen,Consumer,North,Uttar Pradesh,Lucknow,2,8145.36,16290.72,0.05,15476.18,2600.0
ORD-100775,2025-03-09,2025,Mar,3,CUST-0445,Ishaan Deshmukh,P038,USB-C Hub,Technology,Accessories,Consumer,East,Odisha,Bhubaneswar,4,2754.4,11017.6,0.1,9915.84,1026.83
ORD-100799,2025-03-09,2025,Mar,3,CUST-0436,Kavya Sharma,P006,Mechanical Keyboard,Technology,Accessories,Small Business,North,Uttar Pradesh,Lucknow,1,5118.02,5118.02,0.05,4862.12,576.97
ORD-101800,2025-03-09,2025,Mar,3,CUST-0494,Meera Iyer,P023,Premium Notebook,Office Supplies,Paper,Consumer,East,Odisha,Bhubaneswar,4,471.74,1886.96,0.0,1886.96,645.84
ORD-101861,2025-03-09,2025,Mar,3,CUST-0363,Aditya Rao,P001,Laptop Pro 14,Technology,Laptops,Consumer,South,Telangana,Hyderabad,2,60099.23,120198.46,0.0,120198.46,20217.42
ORD-102231,2025-03-09,2025,Mar,3,CUST-0497,Sneha Kumar,P005,Noise Cancelling Headphones,Technology,Accessories,Consumer,East,West Bengal,Kolkata,1,7630.36,7630.36,0.1,6867.32,1698.92
ORD-102748,2025-03-09,2025,Mar,3,CUST-0157,Sneha Kumar,P031,Microwave Oven,Home Appliances,Kitchen,Consumer,North,Delhi,Delhi,4,14949.58,59798.32,0.05,56808.4,6418.68
ORD-101478,2025-03-10,2025,Mar,3,CUST-0021,Aarav Sharma,P025,Desk Organizer,Office Supplies,Accessories,Small Business,West,Gujarat,Ahmedabad,3,867.99,2603.97,0.0,2603.97,916.09
ORD-100466,2025-03-11,2025,Mar,3,CUST-0190,Ananya Deshmukh,P019,Conference Table,Furniture,Tables,Consumer,East,Odisha,Bhubaneswar,1,41866.32,41866.32,0.0,41866.32,9747.32
ORD-100854,2025-03-11,2025,Mar,3,CUST-0436,Kavya Sharma,P023,Premium Notebook,Office Supplies,Paper,Corporate,East,Odisha,Bhubaneswar,6,468.25,2809.5,0.15,2388.07,526.83
ORD-101108,2025-03-11,2025,Mar,3,CUST-0462,Vivaan Kumar,P032,Air Purifier,Home Appliances,Air Care,Corporate,West,Maharashtra,Pune,3,15788.93,47366.79,0.0,47366.79,5522.84
ORD-101114,2025-03-11,2025,Mar,3,CUST-0283,Aditya Rao,P022,Printer Paper Pack,Office Supplies,Paper,Corporate,West,Gujarat,Ahmedabad,2,645.92,1291.84,0.15,1098.06,209.68
ORD-102275,2025-03-11,2025,Mar,3,CUST-0372,Ira Kumar,P012,Smartphone Plus,Technology,Phones,Small Business,West,Maharashtra,Mumbai,8,46739.01,373912.08,0.1,336520.87,77075.74
ORD-102330,2025-03-11,2025,Mar,3,CUST-0102,Vivaan Kumar,P004,Wireless Headphones,Technology,Accessories,Corporate,East,West Bengal,Kolkata,1,4548.37,4548.37,0.1,4093.53,783.78
ORD-102741,2025-03-11,2025,Mar,3,CUST-0216,Kavya Sharma,P014,Ergonomic Chair Pro,Furniture,Chairs,Small Business,South,Telangana,Hyderabad,2,18668.85,37337.7,0.15,31737.04,6261.99
ORD-102854,2025-03-11,2025,Mar,3,CUST-0103,Aditya Rao,P019,Conference Table,Furniture,Tables,Consumer,West,Maharashtra,Mumbai,3,39607.62,118822.86,0.1,106940.57,25389.42
ORD-102863,2025-03-11,2025,Mar,3,CUST-0053,Aadhya Rao,P014,Ergonomic Chair Pro,Furniture,Chairs,Corporate,North,Uttar Pradesh,Lucknow,5,19525.51,97627.55,0.1,87864.79,22918.05
ORD-102973,2025-03-11,2025,Mar,3,CUST-0339,Pooja Iyer,P012,Smartphone Plus,Technology,Phones,Corporate,West,Gujarat,Ahmedabad,3,47493.05,142479.15,0.1,128231.24,19177.39
ORD-100779,2025-03-12,2025,Mar,3,CUST-0239,Pooja Iyer,P024,Gel Pen Set,Office Supplies,Writing,Corporate,West,Gujarat,Ahmedabad,2,312.76,625.52,0.05,594.24,190.95
ORD-101822,2025-03-12,2025,Mar,3,CUST-0264,Arjun Iyer,P003,Gaming Laptop X,Technology,Laptops,Small Business,South,Tamil Nadu,Chennai,2,83726.18,167452.36,0.05,159079.74,18849.57
ORD-101933,2025-03-12,2025,Mar,3,CUST-0106,Rohan Sharma,P004,Wireless Headphones,Technology,Accessories,Consumer,North,Uttar Pradesh,Lucknow,6,4561.24,27367.44,0.05,25999.07,6439.87
ORD-102032,2025-03-12,2025,Mar,3,CUST-0092,Ira Kumar,P024,Gel Pen Set,Office Supplies,Writing,Small Business,North,Uttar Pradesh,Lucknow,1,331.3,331.3,0.1,298.17,106.08
ORD-102134,2025-03-12,2025,Mar,3,CUST-0369,Saanvi Iyer,P003,Gaming Laptop X,Technology,Laptops,Small Business,North,Delhi,Delhi,2,84730.98,169461.96,0.05,160988.86,35371.27
ORD-102311,2025-03-12,2025,Mar,3,CUST-0023,Aditya Rao,P036,Bluetooth Speaker,Technology,Audio,Corporate,South,Telangana,Hyderabad,1,5580.22,5580.22,0.1,5022.2,1066.38
ORD-102342,2025-03-12,2025,Mar,3,CUST-0050,Ananya Deshmukh,P019,Conference Table,Furniture,Tables,Corporate,South,Karnataka,Bengaluru,1,40374.19,40374.19,0.05,38355.48,5031.96
ORD-100094,2025-03-13,2025,Mar,3,CUST-0246,Rohan Sharma,P016,Standing Desk,Furniture,Tables,Consumer,West,Maharashtra,Pune,1,32349.48,32349.48,0.0,32349.48,6512.17
ORD-100235,2025-03-13,2025,Mar,3,CUST-0148,Karthik Rao,P022,Printer Paper Pack,Office Supplies,Paper,Corporate,South,Tamil Nadu,Chennai,3,658.61,1975.83,0.1,1778.25,363.32
ORD-100277,2025-03-13,2025,Mar,3,CUST-0260,Anika Deshmukh,P021,Laser Printer Pro,Office Supplies,Machines,Corporate,East,West Bengal,Kolkata,1,29962.63,29962.63,0.05,28464.5,5326.3
ORD-100495,2025-03-13,2025,Mar,3,CUST-0359,Pooja Iyer,P010,Tablet Air 11,Technology,Tablets,Consumer,East,Odisha,Bhubaneswar,1,34206.59,34206.59,0.05,32496.26,5446.72
ORD-100730,2025-03-13,2025,Mar,3,CUST-0436,Kavya Sharma,P023,Premium Notebook,Office Supplies,Paper,Consumer,East,West Bengal,Kolkata,3,448.28,1344.84,0.05,1277.6,255.3
ORD-101960,2025-03-13,2025,Mar,3,CUST-0391,Diya Sharma,P026,Stapler Heavy Duty,Office Supplies,Accessories,Consumer,North,Uttar Pradesh,Lucknow,4,720.43,2881.72,0.05,2737.63,880.53
ORD-102217,2025-03-13,2025,Mar,3,CUST-0044,Arjun Iyer,P040,Travel Backpack Pro,Office Supplies,Bags,Corporate,West,Maharashtra,Mumbai,3,4578.29,13734.87,0.15,11674.64,3463.77
ORD-100029,2025-03-14,2025,Mar,3,CUST-0326,Rohan Sharma,P034,Smart Watch,Technology,Wearables,Consumer,West,Maharashtra,Mumbai,1,12869.02,12869.02,0.1,11582.12,1341.11
ORD-100835,2025-03-14,2025,Mar,3,CUST-0399,Pooja Iyer,P032,Air Purifier,Home Appliances,Air Care,Consumer,East,Assam,Guwahati,8,15914.76,127318.08,0.05,120952.18,21504.49
ORD-101005,2025-03-14,2025,Mar,3,CUST-0326,Rohan Sharma,P038,USB-C Hub,Technology,Accessories,Consumer,North,Rajasthan,Jaipur,1,2750.13,2750.13,0.1,2475.12,257.93
ORD-101087,2025-03-14,2025,Mar,3,CUST-0465,Ishaan Deshmukh,P014,Ergonomic Chair Pro,Furniture,Chairs,Corporate,North,Uttar Pradesh,Lucknow,4,18873.98,75495.92,0.15,64171.53,8870.77
ORD-101654,2025-03-14,2025,Mar,3,CUST-0402,Vivaan Kumar,P016,Standing Desk,Furniture,Tables,Small Business,North,Delhi,Delhi,3,30746.65,92239.95,0.05,87627.95,17251.1
ORD-101805,2025-03-14,2025,Mar,3,CUST-0166,Rohan Sharma,P003,Gaming Laptop X,Technology,Laptops,Corporate,West,Maharashtra,Pune,3,91475.37,274426.11,0.1,246983.5,61194.45
ORD-101996,2025-03-14,2025,Mar,3,CUST-0302,Vivaan Kumar,P020,Printer,Office Supplies,Machines,Consumer,East,West Bengal,Kolkata,2,17398.09,34796.18,0.05,33056.37,8577.73
ORD-102045,2025-03-14,2025,Mar,3,CUST-0438,Nisha Rao,P003,Gaming Laptop X,Technology,Laptops,Consumer,East,West Bengal,Kolkata,4,86205.11,344820.44,0.15,293097.37,30913.3
ORD-102589,2025-03-14,2025,Mar,3,CUST-0406,Rohan Sharma,P003,Gaming Laptop X,Technology,Laptops,Consumer,North,Rajasthan,Jaipur,3,92157.62,276472.86,0.05,262649.22,62858.85
ORD-101431,2025-03-15,2025,Mar,3,CUST-0148,Karthik Rao,P010,Tablet Air 11,Technology,Tablets,Corporate,North,Delhi,Delhi,4,33984.19,135936.76,0.05,129139.92,21105.03
ORD-102778,2025-03-15,2025,Mar,3,CUST-0057,Sneha Kumar,P040,Travel Backpack Pro,Office Supplies,Bags,Consumer,West,Maharashtra,Mumbai,1,4797.53,4797.53,0.0,4797.53,1346.84
ORD-100182,2025-03-16,2025,Mar,3,CUST-0436,Kavya Sharma,P015,Executive Desk,Furniture,Tables,Consumer,North,Delhi,Delhi,1,25350.01,25350.01,0.05,24082.51,3619.56
ORD-100437,2025-03-16,2025,Mar,3,CUST-0467,Rahul Kumar,P038,USB-C Hub,Technology,Accessories,Corporate,North,Delhi,Delhi,2,2463.96,4927.92,0.15,4188.73,482.83
ORD-100800,2025-03-16,2025,Mar,3,CUST-0139,Pooja Iyer,P040,Travel Backpack Pro,Office Supplies,Bags,Small Business,South,Telangana,Hyderabad,6,4675.91,28055.46,0.05,26652.69,6840.57
ORD-100968,2025-03-16,2025,Mar,3,CUST-0399,Pooja Iyer,P025,Desk Organizer,Office Supplies,Accessories,Small Business,South,Karnataka,Bengaluru,3,807.08,2421.24,0.15,2058.05,608.68
ORD-102730,2025-03-16,2025,Mar,3,CUST-0186,Rohan Sharma,P013,Office Chair,Furniture,Chairs,Consumer,East,Odisha,Bhubaneswar,1,12683.81,12683.81,0.0,12683.81,3274.8
ORD-102970,2025-03-16,2025,Mar,3,CUST-0470,Ananya Deshmukh,P025,Desk Organizer,Office Supplies,Accessories,Corporate,East,Assam,Guwahati,6,864.67,5188.02,0.15,4409.82,1161.69
ORD-100126,2025-03-17,2025,Mar,3,CUST-0265,Ishaan Deshmukh,P007,Wireless Mouse,Technology,Accessories,Small Business,North,Delhi,Delhi,4,1852.19,7408.76,0.05,7038.32,865.23
ORD-100781,2025-03-17,2025,Mar,3,CUST-0484,Arjun Iyer,P023,Premium Notebook,Office Supplies,Paper,Small Business,West,Maharashtra,Mumbai,1,464.97,464.97,0.0,464.97,154.06
ORD-101451,2025-03-17,2025,Mar,3,CUST-0483,Aditya Rao,P017,Bookshelf,Furniture,Storage,Corporate,North,Rajasthan,Jaipur,1,9831.77,9831.77,0.1,8848.59,2077.23
ORD-102298,2025-03-17,2025,Mar,3,CUST-0037,Sneha Kumar,P030,Mixer Grinder,Home Appliances,Kitchen,Consumer,East,West Bengal,Kolkata,2,6748.85,13497.7,0.05,12822.82,1618.85
ORD-102479,2025-03-17,2025,Mar,3,CUST-0166,Rohan Sharma,P017,Bookshelf,Furniture,Storage,Consumer,East,Odisha,Bhubaneswar,4,9479.84,37919.36,0.1,34127.42,7979.59
ORD-102497,2025-03-17,2025,Mar,3,CUST-0263,Aditya Rao,P001,Laptop Pro 14,Technology,Laptops,Consumer,West,Gujarat,Ahmedabad,2,62201.27,124402.54,0.0,124402.54,28930.48
ORD-100239,2025-03-18,2025,Mar,3,CUST-0036,Kavya Sharma,P020,Printer,Office Supplies,Machines,Small Business,North,Uttar Pradesh,Lucknow,2,16437.27,32874.54,0.15,27943.36,7296.12
ORD-101734,2025-03-18,2025,Mar,3,CUST-0420,Anika Deshmukh,P040,Travel Backpack Pro,Office Supplies,Bags,Small Business,South,Karnataka,Bengaluru,2,4574.13,9148.26,0.1,8233.43,2906.93
ORD-100429,2025-03-19,2025,Mar,3,CUST-0486,Rohan Sharma,P022,Printer Paper Pack,Office Supplies,Paper,Corporate,West,Maharashtra,Pune,1,673.71,673.71,0.05,640.02,150.77
ORD-101687,2025-03-19,2025,Mar,3,CUST-0232,Ira Kumar,P030,Mixer Grinder,Home Appliances,Kitchen,Consumer,South,Telangana,Hyderabad,3,6637.76,19913.28,0.05,18917.62,4377.39
ORD-102509,2025-03-19,2025,Mar,3,CUST-0149,Saanvi Iyer,P019,Conference Table,Furniture,Tables,Corporate,South,Karnataka,Bengaluru,4,41979.2,167916.8,0.1,151125.12,41361.63
ORD-100022,2025-03-20,2025,Mar,3,CUST-0023,Aditya Rao,P012,Smartphone Plus,Technology,Phones,Corporate,South,Tamil Nadu,Chennai,8,48004.27,384034.16,0.05,364832.45,37245.91
ORD-100413,2025-03-21,2025,Mar,3,CUST-0214,Meera Iyer,P036,Bluetooth Speaker,Technology,Audio,Consumer,North,Delhi,Delhi,4,5775.41,23101.64,0.1,20791.48,2256.35
ORD-100687,2025-03-21,2025,Mar,3,CUST-0434,Meera Iyer,P001,Laptop Pro 14,Technology,Laptops,Small Business,North,Uttar Pradesh,Lucknow,3,62806.62,188419.86,0.1,169577.87,20071.46
ORD-100999,2025-03-21,2025,Mar,3,CUST-0116,Kavya Sharma,P031,Microwave Oven,Home Appliances,Kitchen,Consumer,North,Uttar Pradesh,Lucknow,1,13822.98,13822.98,0.0,13822.98,2223.65
ORD-101920,2025-03-21,2025,Mar,3,CUST-0064,Arjun Iyer,P002,Business Laptop 15,Technology,Laptops,Corporate,East,Odisha,Bhubaneswar,1,55284.74,55284.74,0.1,49756.27,10258.2
ORD-102767,2025-03-21,2025,Mar,3,CUST-0255,Priya Deshmukh,P010,Tablet Air 11,Technology,Tablets,Small Business,West,Gujarat,Ahmedabad,2,36775.04,73550.08,0.1,66195.07,15454.62
ORD-102807,2025-03-21,2025,Mar,3,CUST-0174,Meera Iyer,P021,Laser Printer Pro,Office Supplies,Machines,Small Business,East,West Bengal,Kolkata,2,29856.97,59713.94,0.15,50756.85,14031.36
ORD-101500,2025-03-22,2025,Mar,3,CUST-0340,Anika Deshmukh,P034,Smart Watch,Technology,Wearables,Consumer,South,Telangana,Hyderabad,8,13147.31,105178.48,0.05,99919.56,13417.7
ORD-101658,2025-03-22,2025,Mar,3,CUST-0139,Pooja Iyer,P008,4K Monitor 27,Technology,Monitors,Corporate,South,Tamil Nadu,Chennai,1,27529.06,27529.06,0.0,27529.06,5217.55
ORD-101678,2025-03-22,2025,Mar,3,CUST-0191,Diya Sharma,P040,Travel Backpack Pro,Office Supplies,Bags,Corporate,West,Maharashtra,Mumbai,4,4954.78,19819.12,0.1,17837.21,6227.79
ORD-101922,2025-03-22,2025,Mar,3,CUST-0114,Meera Iyer,P029,Air Fryer,Home Appliances,Kitchen,Corporate,North,Rajasthan,Jaipur,6,8736.89,52421.34,0.1,47179.21,9782.18
ORD-102344,2025-03-22,2025,Mar,3,CUST-0190,Ananya Deshmukh,P014,Ergonomic Chair Pro,Furniture,Chairs,Corporate,North,Rajasthan,Jaipur,6,17932.89,107597.34,0.2,86077.87,13143.18
ORD-100647,2025-03-23,2025,Mar,3,CUST-0423,Aditya Rao,P004,Wireless Headphones,Technology,Accessories,Consumer,South,Karnataka,Bengaluru,10,4351.51,43515.1,0.0,43515.1,7237.25
ORD-100848,2025-03-23,2025,Mar,3,CUST-0099,Pooja Iyer,P023,Premium Notebook,Office Supplies,Paper,Corporate,South,Karnataka,Bengaluru,4,431.4,1725.6,0.1,1553.04,507.01
ORD-101170,2025-03-23,2025,Mar,3,CUST-0132,Ira Kumar,P035,Fitness Band,Technology,Wearables,Small Business,East,Odisha,Bhubaneswar,10,4243.55,42435.5,0.15,36070.17,8740.76
ORD-102210,2025-03-23,2025,Mar,3,CUST-0139,Pooja Iyer,P034,Smart Watch,Technology,Wearables,Consumer,South,Telangana,Hyderabad,2,11927.93,23855.86,0.05,22663.07,3486.01
ORD-102860,2025-03-23,2025,Mar,3,CUST-0399,Pooja Iyer,P023,Premium Notebook,Office Supplies,Paper,Corporate,West,Maharashtra,Mumbai,4,454.34,1817.36,0.05,1726.49,597.96
ORD-102948,2025-03-23,2025,Mar,3,CUST-0019,Pooja Iyer,P036,Bluetooth Speaker,Technology,Audio,Consumer,South,Tamil Nadu,Chennai,4,5274.25,21097.0,0.05,20042.15,4186.24
ORD-100130,2025-03-24,2025,Mar,3,CUST-0207,Rahul Kumar,P019,Conference Table,Furniture,Tables,Corporate,North,Uttar Pradesh,Lucknow,3,41862.83,125588.49,0.2,100470.79,17565.73
ORD-100373,2025-03-24,2025,Mar,3,CUST-0111,Diya Sharma,P018,Filing Cabinet,Furniture,Storage,Small Business,North,Delhi,Delhi,3,11697.57,35092.71,0.1,31583.44,5156.79
ORD-100643,2025-03-24,2025,Mar,3,CUST-0475,Priya Deshmukh,P019,Conference Table,Furniture,Tables,Consumer,North,Uttar Pradesh,Lucknow,1,42027.2,42027.2,0.1,37824.48,6181.67
ORD-100997,2025-03-24,2025,Mar,3,CUST-0302,Vivaan Kumar,P021,Laser Printer Pro,Office Supplies,Machines,Corporate,West,Maharashtra,Mumbai,4,28542.68,114170.72,0.15,97045.11,29214.33
ORD-101383,2025-03-24,2025,Mar,3,CUST-0101,Aarav Sharma,P031,Microwave Oven,Home Appliances,Kitchen,Corporate,West,Gujarat,Ahmedabad,1,14511.78,14511.78,0.0,14511.78,1841.44
ORD-102123,2025-03-24,2025,Mar,3,CUST-0445,Ishaan Deshmukh,P028,Coffee Maker,Home Appliances,Kitchen,Consumer,South,Karnataka,Bengaluru,1,8758.01,8758.01,0.05,8320.11,1588.8
ORD-102895,2025-03-24,2025,Mar,3,CUST-0462,Vivaan Kumar,P021,Laser Printer Pro,Office Supplies,Machines,Corporate,East,Assam,Guwahati,2,30033.0,60066.0,0.1,54059.4,18414.25
ORD-100589,2025-03-25,2025,Mar,3,CUST-0422,Vivaan Kumar,P040,Travel Backpack Pro,Office Supplies,Bags,Corporate,North,Rajasthan,Jaipur,2,4704.54,9409.08,0.05,8938.63,2548.68
ORD-101931,2025-03-25,2025,Mar,3,CUST-0304,Arjun Iyer,P024,Gel Pen Set,Office Supplies,Writing,Consumer,West,Maharashtra,Pune,3,312.87,938.61,0.05,891.68,191.55
ORD-102550,2025-03-25,2025,Mar,3,CUST-0483,Aditya Rao,P020,Printer,Office Supplies,Machines,Corporate,South,Karnataka,Bengaluru,4,16069.53,64278.12,0.05,61064.21,18664.92
ORD-100620,2025-03-26,2025,Mar,3,CUST-0170,Ananya Deshmukh,P040,Travel Backpack Pro,Office Supplies,Bags,Consumer,North,Uttar Pradesh,Lucknow,2,4772.98,9545.96,0.1,8591.36,2673.17
ORD-100719,2025-03-26,2025,Mar,3,CUST-0323,Aditya Rao,P038,USB-C Hub,Technology,Accessories,Small Business,West,Maharashtra,Mumbai,3,2555.48,7666.44,0.05,7283.12,1447.19
ORD-100812,2025-03-26,2025,Mar,3,CUST-0089,Saanvi Iyer,P003,Gaming Laptop X,Technology,Laptops,Consumer,West,Maharashtra,Pune,1,82777.23,82777.23,0.05,78638.37,9239.76
ORD-101916,2025-03-26,2025,Mar,3,CUST-0175,Priya Deshmukh,P037,Power Bank,Technology,Accessories,Small Business,North,Uttar Pradesh,Lucknow,2,2133.36,4266.72,0.05,4053.38,829.18
ORD-102179,2025-03-26,2025,Mar,3,CUST-0409,Saanvi Iyer,P006,Mechanical Keyboard,Technology,Accessories,Consumer,West,Gujarat,Ahmedabad,2,5511.27,11022.54,0.05,10471.41,2397.6
ORD-102945,2025-03-26,2025,Mar,3,CUST-0289,Saanvi Iyer,P035,Fitness Band,Technology,Wearables,Consumer,South,Telangana,Hyderabad,2,4044.19,8088.38,0.0,8088.38,1163.59
ORD-102988,2025-03-26,2025,Mar,3,CUST-0127,Rahul Kumar,P017,Bookshelf,Furniture,Storage,Consumer,East,Odisha,Bhubaneswar,2,10217.17,20434.34,0.0,20434.34,4735.1
ORD-101324,2025-03-27,2025,Mar,3,CUST-0057,Sneha Kumar,P001,Laptop Pro 14,Technology,Laptops,Consumer,East,Assam,Guwahati,2,62895.6,125791.2,0.0,125791.2,22639.79
ORD-102081,2025-03-27,2025,Mar,3,CUST-0018,Nisha Rao,P016,Standing Desk,Furniture,Tables,Consumer,West,Gujarat,Ahmedabad,5,29675.21,148376.05,0.05,140957.25,34611.83
ORD-101055,2025-03-28,2025,Mar,3,CUST-0126,Rohan Sharma,P038,USB-C Hub,Technology,Accessories,Consumer,South,Telangana,Hyderabad,5,2648.45,13242.25,0.05,12580.14,2931.3
ORD-101789,2025-03-28,2025,Mar,3,CUST-0207,Rahul Kumar,P024,Gel Pen Set,Office Supplies,Writing,Corporate,South,Karnataka,Bengaluru,1,322.65,322.65,0.05,306.52,99.1
ORD-102249,2025-03-28,2025,Mar,3,CUST-0067,Rahul Kumar,P001,Laptop Pro 14,Technology,Laptops,Small Business,South,Karnataka,Bengaluru,1,59760.12,59760.12,0.05,56772.11,13286.37
ORD-102714,2025-03-28,2025,Mar,3,CUST-0431,Diya Sharma,P021,Laser Printer Pro,Office Supplies,Machines,Corporate,West,Maharashtra,Pune,4,27272.58,109090.32,0.1,98181.29,34330.8
ORD-100360,2025-03-29,2025,Mar,3,CUST-0017,Sneha Kumar,P011,Smartphone Pro,Technology,Phones,Consumer,West,Maharashtra,Pune,1,72255.96,72255.96,0.1,65030.36,12114.78
ORD-101167,2025-03-29,2025,Mar,3,CUST-0116,Kavya Sharma,P024,Gel Pen Set,Office Supplies,Writing,Consumer,South,Telangana,Hyderabad,4,334.8,1339.2,0.1,1205.28,288.72
ORD-101225,2025-03-29,2025,Mar,3,CUST-0489,Saanvi Iyer,P013,Office Chair,Furniture,Chairs,Corporate,South,Telangana,Hyderabad,1,12988.65,12988.65,0.2,10390.92,2535.5
ORD-102412,2025-03-29,2025,Mar,3,CUST-0001,Aarav Sharma,P020,Printer,Office Supplies,Machines,Corporate,South,Tamil Nadu,Chennai,2,16023.75,32047.5,0.2,25638.0,7093.58
ORD-102721,2025-03-29,2025,Mar,3,CUST-0441,Aarav Sharma,P031,Microwave Oven,Home Appliances,Kitchen,Corporate,North,Delhi,Delhi,1,14347.06,14347.06,0.05,13629.71,1872.37
ORD-102905,2025-03-29,2025,Mar,3,CUST-0017,Sneha Kumar,P022,Printer Paper Pack,Office Supplies,Paper,Consumer,West,Maharashtra,Mumbai,1,626.12,626.12,0.0,626.12,113.6
ORD-102105,2025-03-30,2025,Mar,3,CUST-0386,Rohan Sharma,P012,Smartphone Plus,Technology,Phones,Corporate,West,Gujarat,Ahmedabad,2,48665.75,97331.5,0.1,87598.35,20297.46
ORD-102252,2025-03-30,2025,Mar,3,CUST-0196,Kavya Sharma,P028,Coffee Maker,Home Appliances,Kitchen,Small Business,North,Uttar Pradesh,Lucknow,8,8264.22,66113.76,0.0,66113.76,8590.08
ORD-102928,2025-03-30,2025,Mar,3,CUST-0197,Sneha Kumar,P039,Backpack,Office Supplies,Bags,Consumer,South,Telangana,Hyderabad,2,2193.35,4386.7,0.05,4167.36,1065.19
ORD-102956,2025-03-30,2025,Mar,3,CUST-0206,Rohan Sharma,P005,Noise Cancelling Headphones,Technology,Accessories,Corporate,North,Delhi,Delhi,2,7369.19,14738.38,0.0,14738.38,3193.65
ORD-101453,2025-03-31,2025,Mar,3,CUST-0129,Saanvi Iyer,P031,Microwave Oven,Home Appliances,Kitchen,Corporate,North,Rajasthan,Jaipur,2,13845.41,27690.82,0.15,23537.2,4478.43
ORD-101686,2025-03-31,2025,Mar,3,CUST-0413,Aadhya Rao,P023,Premium Notebook,Office Supplies,Paper,Small Business,South,Tamil Nadu,Chennai,2,424.89,849.78,0.0,849.78,171.21
ORD-101939,2025-03-31,2025,Mar,3,CUST-0112,Ira Kumar,P025,Desk Organizer,Office Supplies,Accessories,Consumer,East,Odisha,Bhubaneswar,1,878.3,878.3,0.05,834.38,220.9
ORD-102296,2025-03-31,2025,Mar,3,CUST-0364,Arjun Iyer,P027,Whiteboard,Office Supplies,Presentation,Consumer,South,Tamil Nadu,Chennai,2,4699.53,9399.06,0.05,8929.11,2694.19
ORD-100264,2025-04-01,2025,Apr,4,CUST-0105,Ishaan Deshmukh,P016,Standing Desk,Furniture,Tables,Corporate,West,Gujarat,Ahmedabad,1,29259.2,29259.2,0.1,26333.28,4734.59
ORD-100418,2025-04-01,2025,Apr,4,CUST-0271,Diya Sharma,P023,Premium Notebook,Office Supplies,Paper,Small Business,South,Telangana,Hyderabad,3,461.38,1384.14,0.15,1176.52,355.36
ORD-101926,2025-04-01,2025,Apr,4,CUST-0423,Aditya Rao,P019,Conference Table,Furniture,Tables,Corporate,South,Telangana,Hyderabad,3,43778.24,131334.72,0.05,124767.98,24970.58
ORD-102426,2025-04-01,2025,Apr,4,CUST-0482,Vivaan Kumar,P028,Coffee Maker,Home Appliances,Kitchen,Consumer,South,Telangana,Hyderabad,2,8787.38,17574.76,0.1,15817.28,3056.49
ORD-100728,2025-04-02,2025,Apr,4,CUST-0420,Anika Deshmukh,P034,Smart Watch,Technology,Wearables,Consumer,West,Maharashtra,Mumbai,8,12209.39,97675.12,0.0,97675.12,13502.13
ORD-101640,2025-04-02,2025,Apr,4,CUST-0077,Sneha Kumar,P004,Wireless Headphones,Technology,Accessories,Corporate,West,Maharashtra,Mumbai,1,4508.23,4508.23,0.15,3832.0,739.77
ORD-102115,2025-04-02,2025,Apr,4,CUST-0415,Priya Deshmukh,P007,Wireless Mouse,Technology,Accessories,Consumer,West,Gujarat,Ahmedabad,2,1721.71,3443.42,0.05,3271.25,739.52
ORD-102133,2025-04-02,2025,Apr,4,CUST-0459,Pooja Iyer,P032,Air Purifier,Home Appliances,Air Care,Consumer,East,Odisha,Bhubaneswar,1,17203.42,17203.42,0.0,17203.42,2572.36
ORD-102187,2025-04-02,2025,Apr,4,CUST-0355,Priya Deshmukh,P018,Filing Cabinet,Furniture,Storage,Corporate,West,Maharashtra,Pune,2,11216.5,22433.0,0.15,19068.05,2978.21
ORD-102345,2025-04-02,2025,Apr,4,CUST-0036,Kavya Sharma,P007,Wireless Mouse,Technology,Accessories,Corporate,West,Maharashtra,Pune,8,1845.32,14762.56,0.1,13286.3,3107.2
ORD-102910,2025-04-02,2025,Apr,4,CUST-0032,Ira Kumar,P038,USB-C Hub,Technology,Accessories,Corporate,West,Maharashtra,Pune,5,2555.6,12778.0,0.05,12139.1,2472.68
ORD-101710,2025-04-03,2025,Apr,4,CUST-0424,Arjun Iyer,P022,Printer Paper Pack,Office Supplies,Paper,Corporate,East,West Bengal,Kolkata,5,629.81,3149.05,0.05,2991.6,869.02
ORD-102348,2025-04-03,2025,Apr,4,CUST-0019,Pooja Iyer,P006,Mechanical Keyboard,Technology,Accessories,Consumer,East,Odisha,Bhubaneswar,2,5095.49,10190.98,0.05,9681.43,2127.3
ORD-101040,2025-04-04,2025,Apr,4,CUST-0206,Rohan Sharma,P023,Premium Notebook,Office Supplies,Paper,Consumer,North,Uttar Pradesh,Lucknow,1,461.81,461.81,0.1,415.63,99.29
ORD-102268,2025-04-04,2025,Apr,4,CUST-0295,Priya Deshmukh,P027,Whiteboard,Office Supplies,Presentation,Small Business,South,Telangana,Hyderabad,1,5009.86,5009.86,0.05,4759.37,871.07
ORD-100390,2025-04-05,2025,Apr,4,CUST-0163,Aditya Rao,P036,Bluetooth Speaker,Technology,Audio,Corporate,South,Tamil Nadu,Chennai,8,5331.71,42653.68,0.1,38388.31,5319.57
ORD-100455,2025-04-05,2025,Apr,4,CUST-0169,Saanvi Iyer,P026,Stapler Heavy Duty,Office Supplies,Accessories,Consumer,North,Uttar Pradesh,Lucknow,4,736.58,2946.32,0.05,2799.0,504.32
ORD-101279,2025-04-05,2025,Apr,4,CUST-0351,Diya Sharma,P008,4K Monitor 27,Technology,Monitors,Small Business,South,Telangana,Hyderabad,3,29488.46,88465.38,0.15,75195.57,10130.01
ORD-102887,2025-04-05,2025,Apr,4,CUST-0486,Rohan Sharma,P030,Mixer Grinder,Home Appliances,Kitchen,Small Business,South,Telangana,Hyderabad,2,6513.49,13026.98,0.05,12375.63,2672.88
ORD-101093,2025-04-06,2025,Apr,4,CUST-0116,Kavya Sharma,P008,4K Monitor 27,Technology,Monitors,Corporate,North,Rajasthan,Jaipur,5,27166.97,135834.85,0.15,115459.62,20552.67
ORD-101342,2025-04-06,2025,Apr,4,CUST-0480,Anika Deshmukh,P009,UltraWide Monitor 34,Technology,Monitors,Small Business,South,Karnataka,Bengaluru,4,44200.35,176801.4,0.1,159121.26,31467.85
ORD-100314,2025-04-07,2025,Apr,4,CUST-0168,Karthik Rao,P003,Gaming Laptop X,Technology,Laptops,Corporate,North,Uttar Pradesh,Lucknow,4,86513.2,346052.8,0.0,346052.8,65500.32
ORD-100404,2025-04-07,2025,Apr,4,CUST-0083,Aditya Rao,P014,Ergonomic Chair Pro,Furniture,Chairs,Consumer,East,Odisha,Bhubaneswar,2,17793.91,35587.82,0.1,32029.04,6141.67
ORD-100497,2025-04-07,2025,Apr,4,CUST-0495,Priya Deshmukh,P013,Office Chair,Furniture,Chairs,Consumer,West,Maharashtra,Pune,1,12935.04,12935.04,0.05,12288.29,2137.15
ORD-101815,2025-04-07,2025,Apr,4,CUST-0398,Nisha Rao,P024,Gel Pen Set,Office Supplies,Writing,Consumer,East,West Bengal,Kolkata,2,331.41,662.82,0.0,662.82,139.49
ORD-102445,2025-04-07,2025,Apr,4,CUST-0336,Kavya Sharma,P008,4K Monitor 27,Technology,Monitors,Consumer,West,Maharashtra,Pune,1,28638.74,28638.74,0.05,27206.8,4581.59
ORD-102699,2025-04-07,2025,Apr,4,CUST-0064,Arjun Iyer,P013,Office Chair,Furniture,Chairs,Consumer,South,Tamil Nadu,Chennai,5,11842.01,59210.05,0.05,56249.55,12983.93
ORD-102885,2025-04-07,2025,Apr,4,CUST-0179,Pooja Iyer,P017,Bookshelf,Furniture,Storage,Consumer,South,Tamil Nadu,Chennai,2,10233.85,20467.7,0.1,18420.93,2510.12
ORD-100354,2025-04-08,2025,Apr,4,CUST-0086,Rohan Sharma,P020,Printer,Office Supplies,Machines,Small Business,West,Maharashtra,Mumbai,2,17243.96,34487.92,0.15,29314.73,9892.93
ORD-100817,2025-04-08,2025,Apr,4,CUST-0345,Ishaan Deshmukh,P022,Printer Paper Pack,Office Supplies,Paper,Corporate,East,Assam,Guwahati,5,661.89,3309.45,0.1,2978.51,782.86
ORD-100985,2025-04-08,2025,Apr,4,CUST-0053,Aadhya Rao,P008,4K Monitor 27,Technology,Monitors,Corporate,South,Karnataka,Bengaluru,4,27428.6,109714.4,0.2,87771.52,10903.71
ORD-101191,2025-04-08,2025,Apr,4,CUST-0084,Arjun Iyer,P020,Printer,Office Supplies,Machines,Small Business,West,Gujarat,Ahmedabad,3,17224.61,51673.83,0.05,49090.14,16147.65
ORD-101495,2025-04-08,2025,Apr,4,CUST-0232,Ira Kumar,P009,UltraWide Monitor 34,Technology,Monitors,Consumer,East,Odisha,Bhubaneswar,2,41811.04,83622.08,0.1,75259.87,10236.36
ORD-101608,2025-04-08,2025,Apr,4,CUST-0131,Diya Sharma,P020,Printer,Office Supplies,Machines,Consumer,West,Maharashtra,Pune,2,15739.15,31478.3,0.1,28330.47,8205.86
ORD-100032,2025-04-09,2025,Apr,4,CUST-0215,Priya Deshmukh,P026,Stapler Heavy Duty,Office Supplies,Accessories,Consumer,North,Rajasthan,Jaipur,2,720.39,1440.78,0.1,1296.7,432.07
ORD-100066,2025-04-09,2025,Apr,4,CUST-0225,Ishaan Deshmukh,P012,Smartphone Plus,Technology,Phones,Corporate,East,West Bengal,Kolkata,3,47353.97,142061.91,0.1,127855.72,12991.31
ORD-100242,2025-04-09,2025,Apr,4,CUST-0155,Priya Deshmukh,P030,Mixer Grinder,Home Appliances,Kitchen,Consumer,West,Maharashtra,Pune,5,6800.17,34000.85,0.1,30600.76,6746.39
ORD-100603,2025-04-09,2025,Apr,4,CUST-0374,Meera Iyer,P031,Microwave Oven,Home Appliances,Kitchen,Consumer,North,Delhi,Delhi,3,15352.85,46058.55,0.0,46058.55,6708.47
ORD-100698,2025-04-09,2025,Apr,4,CUST-0065,Ishaan Deshmukh,P019,Conference Table,Furniture,Tables,Small Business,East,Assam,Guwahati,5,43639.16,218195.8,0.1,196376.22,35563.75
ORD-101319,2025-04-09,2025,Apr,4,CUST-0486,Rohan Sharma,P025,Desk Organizer,Office Supplies,Accessories,Corporate,North,Uttar Pradesh,Lucknow,2,806.67,1613.34,0.15,1371.34,370.1
ORD-101646,2025-04-09,2025,Apr,4,CUST-0151,Diya Sharma,P010,Tablet Air 11,Technology,Tablets,Corporate,East,West Bengal,Kolkata,2,37190.25,74380.5,0.05,70661.47,13051.04
ORD-102708,2025-04-09,2025,Apr,4,CUST-0361,Aarav Sharma,P034,Smart Watch,Technology,Wearables,Small Business,South,Tamil Nadu,Chennai,3,13223.27,39669.81,0.05,37686.32,4158.54
ORD-100090,2025-04-10,2025,Apr,4,CUST-0318,Nisha Rao,P019,Conference Table,Furniture,Tables,Small Business,West,Gujarat,Ahmedabad,3,43585.78,130757.34,0.15,111143.74,27342.96
ORD-102962,2025-04-10,2025,Apr,4,CUST-0402,Vivaan Kumar,P027,Whiteboard,Office Supplies,Presentation,Corporate,East,Assam,Guwahati,5,4892.27,24461.35,0.15,20792.15,6202.05
ORD-100442,2025-04-11,2025,Apr,4,CUST-0442,Vivaan Kumar,P015,Executive Desk,Furniture,Tables,Consumer,East,West Bengal,Kolkata,1,22671.52,22671.52,0.05,21537.94,4292.05
ORD-100517,2025-04-11,2025,Apr,4,CUST-0256,Kavya Sharma,P019,Conference Table,Furniture,Tables,Consumer,East,West Bengal,Kolkata,2,41016.75,82033.5,0.05,77931.82,16145.6
ORD-101035,2025-04-11,2025,Apr,4,CUST-0368,Karthik Rao,P010,Tablet Air 11,Technology,Tablets,Consumer,East,Odisha,Bhubaneswar,1,34682.92,34682.92,0.1,31214.63,4779.73
ORD-102410,2025-04-11,2025,Apr,4,CUST-0337,Sneha Kumar,P032,Air Purifier,Home Appliances,Air Care,Corporate,North,Rajasthan,Jaipur,6,16856.16,101136.96,0.1,91023.26,12754.55
ORD-102469,2025-04-11,2025,Apr,4,CUST-0338,Nisha Rao,P013,Office Chair,Furniture,Chairs,Corporate,North,Delhi,Delhi,5,13007.35,65036.75,0.1,58533.08,9153.71
ORD-102492,2025-04-11,2025,Apr,4,CUST-0377,Sneha Kumar,P004,Wireless Headphones,Technology,Accessories,Corporate,East,Odisha,Bhubaneswar,3,4351.4,13054.2,0.1,11748.78,2342.29
ORD-102795,2025-04-11,2025,Apr,4,CUST-0332,Ira Kumar,P036,Bluetooth Speaker,Technology,Audio,Small Business,West,Gujarat,Ahmedabad,1,5507.05,5507.05,0.1,4956.35,1073.47
ORD-100219,2025-04-12,2025,Apr,4,CUST-0470,Ananya Deshmukh,P029,Air Fryer,Home Appliances,Kitchen,Small Business,East,Assam,Guwahati,2,9470.23,18940.46,0.1,17046.41,3535.7
ORD-100339,2025-04-12,2025,Apr,4,CUST-0310,Ananya Deshmukh,P027,Whiteboard,Office Supplies,Presentation,Consumer,East,West Bengal,Kolkata,6,4526.99,27161.94,0.1,24445.75,4737.91
ORD-101520,2025-04-12,2025,Apr,4,CUST-0076,Kavya Sharma,P020,Printer,Office Supplies,Machines,Corporate,East,Odisha,Bhubaneswar,2,15982.16,31964.32,0.15,27169.67,9044.0
ORD-102572,2025-04-12,2025,Apr,4,CUST-0043,Aditya Rao,P039,Backpack,Office Supplies,Bags,Consumer,West,Maharashtra,Pune,6,2068.18,12409.08,0.0,12409.08,4459.12
ORD-102875,2025-04-12,2025,Apr,4,CUST-0173,Aadhya Rao,P025,Desk Organizer,Office Supplies,Accessories,Corporate,North,Rajasthan,Jaipur,5,836.12,4180.6,0.1,3762.54,1263.7
ORD-100386,2025-04-13,2025,Apr,4,CUST-0238,Nisha Rao,P027,Whiteboard,Office Supplies,Presentation,Corporate,West,Maharashtra,Pune,1,4836.37,4836.37,0.15,4110.91,1233.4
ORD-101169,2025-04-13,2025,Apr,4,CUST-0089,Saanvi Iyer,P011,Smartphone Pro,Technology,Phones,Consumer,North,Uttar Pradesh,Lucknow,4,72430.59,289722.36,0.0,289722.36,63240.21
ORD-101402,2025-04-13,2025,Apr,4,CUST-0076,Kavya Sharma,P021,Laser Printer Pro,Office Supplies,Machines,Small Business,North,Delhi,Delhi,1,29964.3,29964.3,0.0,29964.3,9542.33
ORD-100100,2025-04-14,2025,Apr,4,CUST-0485,Ishaan Deshmukh,P040,Travel Backpack Pro,Office Supplies,Bags,Consumer,North,Rajasthan,Jaipur,4,4695.4,18781.6,0.1,16903.44,4870.42
ORD-100538,2025-04-14,2025,Apr,4,CUST-0409,Saanvi Iyer,P007,Wireless Mouse,Technology,Accessories,Consumer,East,Odisha,Bhubaneswar,3,1782.65,5347.95,0.0,5347.95,558.12
ORD-100606,2025-04-14,2025,Apr,4,CUST-0417,Sneha Kumar,P003,Gaming Laptop X,Technology,Laptops,Corporate,West,Gujarat,Ahmedabad,4,91694.51,366778.04,0.2,293422.43,58919.92
ORD-101130,2025-04-14,2025,Apr,4,CUST-0123,Aditya Rao,P034,Smart Watch,Technology,Wearables,Consumer,East,Assam,Guwahati,2,12500.95,25001.9,0.15,21251.62,3381.22
ORD-101132,2025-04-14,2025,Apr,4,CUST-0246,Rohan Sharma,P006,Mechanical Keyboard,Technology,Accessories,Small Business,West,Maharashtra,Pune,4,5321.59,21286.36,0.1,19157.72,2676.47
ORD-101398,2025-04-14,2025,Apr,4,CUST-0127,Rahul Kumar,P038,USB-C Hub,Technology,Accessories,Small Business,North,Rajasthan,Jaipur,4,2449.98,9799.92,0.05,9309.92,2182.39
ORD-101787,2025-04-14,2025,Apr,4,CUST-0250,Ananya Deshmukh,P013,Office Chair,Furniture,Chairs,Consumer,East,Odisha,Bhubaneswar,1,12917.93,12917.93,0.0,12917.93,2373.42
ORD-102111,2025-04-14,2025,Apr,4,CUST-0049,Saanvi Iyer,P019,Conference Table,Furniture,Tables,Consumer,North,Delhi,Delhi,6,40650.3,243901.8,0.15,207316.53,28192.5
ORD-102470,2025-04-14,2025,Apr,4,CUST-0118,Nisha Rao,P030,Mixer Grinder,Home Appliances,Kitchen,Consumer,West,Maharashtra,Mumbai,4,6644.51,26578.04,0.0,26578.04,5008.73
ORD-100068,2025-04-15,2025,Apr,4,CUST-0401,Aarav Sharma,P006,Mechanical Keyboard,Technology,Accessories,Consumer,East,Assam,Guwahati,2,4937.95,9875.9,0.1,8888.31,1467.17
ORD-100125,2025-04-15,2025,Apr,4,CUST-0127,Rahul Kumar,P001,Laptop Pro 14,Technology,Laptops,Small Business,West,Maharashtra,Pune,2,62804.48,125608.96,0.05,119328.51,19100.64
ORD-101081,2025-04-15,2025,Apr,4,CUST-0142,Vivaan Kumar,P010,Tablet Air 11,Technology,Tablets,Consumer,West,Maharashtra,Pune,3,36361.0,109083.0,0.0,109083.0,14285.91
ORD-101502,2025-04-15,2025,Apr,4,CUST-0490,Ananya Deshmukh,P025,Desk Organizer,Office Supplies,Accessories,Corporate,North,Uttar Pradesh,Lucknow,10,896.83,8968.3,0.15,7623.05,2436.0
ORD-101623,2025-04-15,2025,Apr,4,CUST-0317,Sneha Kumar,P016,Standing Desk,Furniture,Tables,Consumer,South,Telangana,Hyderabad,1,32103.34,32103.34,0.0,32103.34,7317.94
ORD-101754,2025-04-15,2025,Apr,4,CUST-0307,Rahul Kumar,P030,Mixer Grinder,Home Appliances,Kitchen,Consumer,South,Telangana,Hyderabad,8,6541.43,52331.44,0.05,49714.87,7891.65
ORD-101164,2025-04-16,2025,Apr,4,CUST-0077,Sneha Kumar,P015,Executive Desk,Furniture,Tables,Consumer,North,Rajasthan,Jaipur,4,25395.39,101581.56,0.05,96502.48,12801.13
ORD-101802,2025-04-16,2025,Apr,4,CUST-0057,Sneha Kumar,P011,Smartphone Pro,Technology,Phones,Consumer,West,Maharashtra,Mumbai,4,68204.62,272818.48,0.15,231895.71,55445.64
ORD-102050,2025-04-16,2025,Apr,4,CUST-0070,Ananya Deshmukh,P006,Mechanical Keyboard,Technology,Accessories,Small Business,West,Maharashtra,Pune,4,5384.82,21539.28,0.1,19385.35,2644.61
ORD-102279,2025-04-16,2025,Apr,4,CUST-0475,Priya Deshmukh,P013,Office Chair,Furniture,Chairs,Consumer,East,Assam,Guwahati,1,13154.28,13154.28,0.0,13154.28,3566.79
ORD-102826,2025-04-16,2025,Apr,4,CUST-0357,Sneha Kumar,P013,Office Chair,Furniture,Chairs,Consumer,South,Telangana,Hyderabad,1,12239.81,12239.81,0.05,11627.82,2266.85
ORD-101607,2025-04-17,2025,Apr,4,CUST-0384,Arjun Iyer,P024,Gel Pen Set,Office Supplies,Writing,Consumer,North,Uttar Pradesh,Lucknow,3,320.01,960.03,0.0,960.03,223.4
ORD-102362,2025-04-17,2025,Apr,4,CUST-0265,Ishaan Deshmukh,P015,Executive Desk,Furniture,Tables,Consumer,North,Delhi,Delhi,2,25285.01,50570.02,0.0,50570.02,9380.51
ORD-102683,2025-04-17,2025,Apr,4,CUST-0415,Priya Deshmukh,P005,Noise Cancelling Headphones,Technology,Accessories,Consumer,South,Karnataka,Bengaluru,5,7087.88,35439.4,0.0,35439.4,5746.75
ORD-102774,2025-04-17,2025,Apr,4,CUST-0242,Vivaan Kumar,P039,Backpack,Office Supplies,Bags,Consumer,East,Odisha,Bhubaneswar,1,2129.05,2129.05,0.05,2022.6,511.8
ORD-102906,2025-04-18,2025,Apr,4,CUST-0325,Ishaan Deshmukh,P018,Filing Cabinet,Furniture,Storage,Consumer,North,Uttar Pradesh,Lucknow,6,11728.54,70371.24,0.0,70371.24,13383.99
ORD-100690,2025-04-19,2025,Apr,4,CUST-0078,Nisha Rao,P003,Gaming Laptop X,Technology,Laptops,Consumer,South,Telangana,Hyderabad,1,92886.05,92886.05,0.1,83597.45,13435.07
ORD-101162,2025-04-19,2025,Apr,4,CUST-0002,Vivaan Kumar,P021,Laser Printer Pro,Office Supplies,Machines,Corporate,East,West Bengal,Kolkata,2,29488.47,58976.94,0.15,50130.4,10262.34
ORD-101243,2025-04-19,2025,Apr,4,CUST-0156,Kavya Sharma,P040,Travel Backpack Pro,Office Supplies,Bags,Corporate,South,Telangana,Hyderabad,1,4672.89,4672.89,0.1,4205.6,1234.4
ORD-101632,2025-04-19,2025,Apr,4,CUST-0078,Nisha Rao,P029,Air Fryer,Home Appliances,Kitchen,Consumer,South,Karnataka,Bengaluru,6,9381.41,56288.46,0.05,53474.04,10446.8
ORD-102094,2025-04-19,2025,Apr,4,CUST-0257,Sneha Kumar,P020,Printer,Office Supplies,Machines,Corporate,South,Karnataka,Bengaluru,3,17010.62,51031.86,0.1,45928.67,8904.8
ORD-102983,2025-04-19,2025,Apr,4,CUST-0380,Anika Deshmukh,P031,Microwave Oven,Home Appliances,Kitchen,Consumer,South,Tamil Nadu,Chennai,2,14383.0,28766.0,0.1,25889.4,5567.86
ORD-101618,2025-04-20,2025,Apr,4,CUST-0314,Meera Iyer,P024,Gel Pen Set,Office Supplies,Writing,Corporate,West,Maharashtra,Mumbai,5,311.88,1559.4,0.1,1403.46,492.77
ORD-101749,2025-04-20,2025,Apr,4,CUST-0369,Saanvi Iyer,P031,Microwave Oven,Home Appliances,Kitchen,Corporate,West,Gujarat,Ahmedabad,5,15047.77,75238.85,0.1,67714.97,11334.94
ORD-101982,2025-04-20,2025,Apr,4,CUST-0440,Anika Deshmukh,P023,Premium Notebook,Office Supplies,Paper,Small Business,South,Telangana,Hyderabad,2,427.9,855.8,0.05,813.01,197.28
ORD-102287,2025-04-20,2025,Apr,4,CUST-0275,Priya Deshmukh,P013,Office Chair,Furniture,Chairs,Consumer,North,Uttar Pradesh,Lucknow,1,12716.39,12716.39,0.05,12080.57,1960.85
ORD-102897,2025-04-20,2025,Apr,4,CUST-0168,Karthik Rao,P038,USB-C Hub,Technology,Accessories,Consumer,West,Maharashtra,Pune,4,2570.27,10281.08,0.05,9767.03,1446.85
ORD-100104,2025-04-21,2025,Apr,4,CUST-0289,Saanvi Iyer,P005,Noise Cancelling Headphones,Technology,Accessories,Small Business,North,Rajasthan,Jaipur,5,7231.28,36156.4,0.1,32540.76,4587.53
ORD-100336,2025-04-21,2025,Apr,4,CUST-0380,Anika Deshmukh,P011,Smartphone Pro,Technology,Phones,Corporate,East,Assam,Guwahati,1,69947.04,69947.04,0.1,62952.34,6587.91
ORD-100754,2025-04-21,2025,Apr,4,CUST-0482,Vivaan Kumar,P035,Fitness Band,Technology,Wearables,Corporate,East,West Bengal,Kolkata,1,4217.35,4217.35,0.15,3584.75,761.48
ORD-101231,2025-04-21,2025,Apr,4,CUST-0358,Nisha Rao,P019,Conference Table,Furniture,Tables,Small Business,North,Uttar Pradesh,Lucknow,5,39804.5,199022.5,0.1,179120.25,47904.71
ORD-102006,2025-04-21,2025,Apr,4,CUST-0385,Ishaan Deshmukh,P004,Wireless Headphones,Technology,Accessories,Consumer,North,Rajasthan,Jaipur,3,4405.61,13216.83,0.1,11895.15,1756.73
ORD-102855,2025-04-21,2025,Apr,4,CUST-0433,Aadhya Rao,P006,Mechanical Keyboard,Technology,Accessories,Corporate,South,Karnataka,Bengaluru,2,4969.62,9939.24,0.05,9442.28,1802.39
ORD-100023,2025-04-22,2025,Apr,4,CUST-0115,Priya Deshmukh,P006,Mechanical Keyboard,Technology,Accessories,Consumer,South,Telangana,Hyderabad,2,5321.22,10642.44,0.05,10110.32,1314.0
ORD-100191,2025-04-22,2025,Apr,4,CUST-0337,Sneha Kumar,P017,Bookshelf,Furniture,Storage,Corporate,East,West Bengal,Kolkata,1,10313.52,10313.52,0.05,9797.84,1343.97
ORD-100362,2025-04-22,2025,Apr,4,CUST-0386,Rohan Sharma,P002,Business Laptop 15,Technology,Laptops,Consumer,West,Gujarat,Ahmedabad,4,56186.24,224744.96,0.0,224744.96,52210.87
ORD-100393,2025-04-22,2025,Apr,4,CUST-0307,Rahul Kumar,P011,Smartphone Pro,Technology,Phones,Corporate,North,Uttar Pradesh,Lucknow,1,69764.78,69764.78,0.0,69764.78,12720.43
ORD-100829,2025-04-22,2025,Apr,4,CUST-0417,Sneha Kumar,P008,4K Monitor 27,Technology,Monitors,Consumer,West,Gujarat,Ahmedabad,6,29935.64,179613.84,0.05,170633.15,19897.71
ORD-101340,2025-04-22,2025,Apr,4,CUST-0033,Aadhya Rao,P025,Desk Organizer,Office Supplies,Accessories,Corporate,East,Assam,Guwahati,3,883.61,2650.83,0.05,2518.29,678.56
ORD-101363,2025-04-22,2025,Apr,4,CUST-0154,Meera Iyer,P035,Fitness Band,Technology,Wearables,Consumer,South,Tamil Nadu,Chennai,6,4369.72,26218.32,0.15,22285.57,2450.82
ORD-101900,2025-04-22,2025,Apr,4,CUST-0103,Aditya Rao,P021,Laser Printer Pro,Office Supplies,Machines,Consumer,North,Uttar Pradesh,Lucknow,3,27132.46,81397.38,0.05,77327.51,19101.78
ORD-102142,2025-04-22,2025,Apr,4,CUST-0265,Ishaan Deshmukh,P040,Travel Backpack Pro,Office Supplies,Bags,Corporate,West,Maharashtra,Pune,2,4689.1,9378.2,0.1,8440.38,2447.89
ORD-102639,2025-04-22,2025,Apr,4,CUST-0292,Ira Kumar,P040,Travel Backpack Pro,Office Supplies,Bags,Consumer,West,Maharashtra,Mumbai,5,4886.39,24431.95,0.1,21988.76,6458.31
ORD-100560,2025-04-23,2025,Apr,4,CUST-0199,Pooja Iyer,P003,Gaming Laptop X,Technology,Laptops,Consumer,East,West Bengal,Kolkata,2,91887.71,183775.42,0.05,174586.65,34619.84
ORD-100780,2025-04-23,2025,Apr,4,CUST-0357,Sneha Kumar,P019,Conference Table,Furniture,Tables,Consumer,East,Assam,Guwahati,1,40276.57,40276.57,0.1,36248.91,4842.01
ORD-102400,2025-04-23,2025,Apr,4,CUST-0481,Aarav Sharma,P017,Bookshelf,Furniture,Storage,Consumer,East,Odisha,Bhubaneswar,3,9950.86,29852.58,0.1,26867.32,5547.84
ORD-100278,2025-04-24,2025,Apr,4,CUST-0473,Aadhya Rao,P009,UltraWide Monitor 34,Technology,Monitors,Consumer,South,Karnataka,Bengaluru,1,40887.95,40887.95,0.0,40887.95,6410.95
ORD-100967,2025-04-24,2025,Apr,4,CUST-0457,Sneha Kumar,P031,Microwave Oven,Home Appliances,Kitchen,Corporate,East,Assam,Guwahati,1,14270.99,14270.99,0.05,13557.44,2952.28
ORD-102584,2025-04-24,2025,Apr,4,CUST-0001,Aarav Sharma,P010,Tablet Air 11,Technology,Tablets,Corporate,North,Delhi,Delhi,2,35125.24,70250.48,0.1,63225.43,14447.03
ORD-102661,2025-04-24,2025,Apr,4,CUST-0268,Karthik Rao,P002,Business Laptop 15,Technology,Laptops,Consumer,East,Assam,Guwahati,5,56023.99,280119.95,0.05,266113.95,60426.4
ORD-102762,2025-04-24,2025,Apr,4,CUST-0013,Aadhya Rao,P030,Mixer Grinder,Home Appliances,Kitchen,Corporate,North,Uttar Pradesh,Lucknow,8,6423.75,51390.0,0.1,46251.0,8734.09
ORD-102975,2025-04-24,2025,Apr,4,CUST-0427,Rahul Kumar,P028,Coffee Maker,Home Appliances,Kitchen,Small Business,West,Maharashtra,Mumbai,3,8144.71,24434.13,0.05,23212.42,3578.84
ORD-100122,2025-04-25,2025,Apr,4,CUST-0288,Karthik Rao,P013,Office Chair,Furniture,Chairs,Corporate,East,Odisha,Bhubaneswar,1,12117.19,12117.19,0.05,11511.33,3112.7
ORD-100355,2025-04-25,2025,Apr,4,CUST-0083,Aditya Rao,P032,Air Purifier,Home Appliances,Air Care,Consumer,North,Delhi,Delhi,5,16873.73,84368.65,0.05,80150.22,12857.88
ORD-100637,2025-04-25,2025,Apr,4,CUST-0259,Pooja Iyer,P026,Stapler Heavy Duty,Office Supplies,Accessories,Small Business,East,Odisha,Bhubaneswar,2,678.18,1356.36,0.05,1288.54,348.05
ORD-100650,2025-04-25,2025,Apr,4,CUST-0125,Ishaan Deshmukh,P008,4K Monitor 27,Technology,Monitors,Consumer,North,Uttar Pradesh,Lucknow,2,28114.88,56229.76,0.1,50606.78,7520.01
ORD-100992,2025-04-25,2025,Apr,4,CUST-0408,Karthik Rao,P015,Executive Desk,Furniture,Tables,Corporate,West,Gujarat,Ahmedabad,2,23350.8,46701.6,0.1,42031.44,11152.37
ORD-101393,2025-04-25,2025,Apr,4,CUST-0488,Karthik Rao,P002,Business Laptop 15,Technology,Laptops,Corporate,West,Maharashtra,Pune,1,54875.81,54875.81,0.05,52132.02,5755.95
ORD-100070,2025-04-26,2025,Apr,4,CUST-0498,Nisha Rao,P020,Printer,Office Supplies,Machines,Consumer,North,Rajasthan,Jaipur,1,17180.31,17180.31,0.05,16321.29,4844.92
ORD-101241,2025-04-26,2025,Apr,4,CUST-0027,Rahul Kumar,P001,Laptop Pro 14,Technology,Laptops,Consumer,North,Rajasthan,Jaipur,3,62573.23,187719.69,0.05,178333.71,40129.36
ORD-101945,2025-04-26,2025,Apr,4,CUST-0306,Rohan Sharma,P021,Laser Printer Pro,Office Supplies,Machines,Corporate,South,Telangana,Hyderabad,10,27427.33,274273.3,0.15,233132.3,65112.66
ORD-101989,2025-04-26,2025,Apr,4,CUST-0380,Anika Deshmukh,P027,Whiteboard,Office Supplies,Presentation,Consumer,South,Karnataka,Bengaluru,4,4724.5,18898.0,0.0,18898.0,4493.1
ORD-102347,2025-04-26,2025,Apr,4,CUST-0333,Aadhya Rao,P007,Wireless Mouse,Technology,Accessories,Small Business,West,Gujarat,Ahmedabad,5,1853.71,9268.55,0.15,7878.27,1382.72
ORD-101811,2025-04-27,2025,Apr,4,CUST-0065,Ishaan Deshmukh,P003,Gaming Laptop X,Technology,Laptops,Consumer,West,Maharashtra,Pune,3,89172.85,267518.55,0.05,254142.62,55371.12
ORD-102116,2025-04-27,2025,Apr,4,CUST-0016,Kavya Sharma,P032,Air Purifier,Home Appliances,Air Care,Consumer,East,Assam,Guwahati,3,15839.99,47519.97,0.05,45143.97,7477.17
ORD-102353,2025-04-27,2025,Apr,4,CUST-0465,Ishaan Deshmukh,P017,Bookshelf,Furniture,Storage,Small Business,East,Odisha,Bhubaneswar,3,9740.2,29220.6,0.05,27759.57,4419.52
ORD-102414,2025-04-27,2025,Apr,4,CUST-0328,Karthik Rao,P012,Smartphone Plus,Technology,Phones,Corporate,West,Gujarat,Ahmedabad,2,50634.91,101269.82,0.05,96206.33,21028.99
ORD-100347,2025-04-28,2025,Apr,4,CUST-0215,Priya Deshmukh,P019,Conference Table,Furniture,Tables,Small Business,North,Rajasthan,Jaipur,1,43091.78,43091.78,0.1,38782.6,8221.1
ORD-100553,2025-04-28,2025,Apr,4,CUST-0363,Aditya Rao,P005,Noise Cancelling Headphones,Technology,Accessories,Corporate,East,Odisha,Bhubaneswar,6,7465.1,44790.6,0.05,42551.07,5109.85
ORD-101735,2025-04-28,2025,Apr,4,CUST-0390,Ananya Deshmukh,P024,Gel Pen Set,Office Supplies,Writing,Small Business,South,Telangana,Hyderabad,1,306.54,306.54,0.1,275.89,56.87
ORD-102015,2025-04-28,2025,Apr,4,CUST-0054,Meera Iyer,P038,USB-C Hub,Technology,Accessories,Consumer,West,Maharashtra,Pune,6,2454.97,14729.82,0.15,12520.35,2821.96
ORD-102368,2025-04-28,2025,Apr,4,CUST-0294,Meera Iyer,P026,Stapler Heavy Duty,Office Supplies,Accessories,Corporate,South,Karnataka,Bengaluru,6,708.44,4250.64,0.0,4250.64,1347.87
ORD-102636,2025-04-28,2025,Apr,4,CUST-0463,Aditya Rao,P003,Gaming Laptop X,Technology,Laptops,Corporate,North,Uttar Pradesh,Lucknow,1,89869.46,89869.46,0.05,85375.99,14677.17
ORD-102700,2025-04-28,2025,Apr,4,CUST-0346,Rohan Sharma,P024,Gel Pen Set,Office Supplies,Writing,Consumer,South,Telangana,Hyderabad,5,331.43,1657.15,0.1,1491.44,375.48
ORD-101061,2025-04-29,2025,Apr,4,CUST-0281,Aarav Sharma,P038,USB-C Hub,Technology,Accessories,Small Business,West,Maharashtra,Mumbai,1,2549.8,2549.8,0.0,2549.8,438.23
ORD-101264,2025-04-29,2025,Apr,4,CUST-0009,Saanvi Iyer,P007,Wireless Mouse,Technology,Accessories,Small Business,East,West Bengal,Kolkata,5,1769.89,8849.45,0.05,8406.98,1014.08
ORD-101905,2025-04-29,2025,Apr,4,CUST-0290,Ananya Deshmukh,P027,Whiteboard,Office Supplies,Presentation,Consumer,East,West Bengal,Kolkata,2,4878.28,9756.56,0.05,9268.73,1966.65
ORD-102334,2025-04-29,2025,Apr,4,CUST-0290,Ananya Deshmukh,P030,Mixer Grinder,Home Appliances,Kitchen,Small Business,North,Delhi,Delhi,1,6640.33,6640.33,0.05,6308.31,1206.45
ORD-102640,2025-04-29,2025,Apr,4,CUST-0392,Ira Kumar,P032,Air Purifier,Home Appliances,Air Care,Corporate,West,Maharashtra,Mumbai,6,16452.81,98716.86,0.1,88845.17,13513.08
ORD-102958,2025-04-29,2025,Apr,4,CUST-0034,Meera Iyer,P013,Office Chair,Furniture,Chairs,Consumer,South,Tamil Nadu,Chennai,3,11816.84,35450.52,0.0,35450.52,5886.33
ORD-100441,2025-04-30,2025,Apr,4,CUST-0171,Diya Sharma,P032,Air Purifier,Home Appliances,Air Care,Consumer,West,Maharashtra,Pune,2,16840.34,33680.68,0.1,30312.61,5657.89
ORD-100847,2025-04-30,2025,Apr,4,CUST-0439,Pooja Iyer,P011,Smartphone Pro,Technology,Phones,Small Business,South,Karnataka,Bengaluru,1,68860.67,68860.67,0.1,61974.6,9161.67
ORD-101153,2025-04-30,2025,Apr,4,CUST-0068,Karthik Rao,P024,Gel Pen Set,Office Supplies,Writing,Small Business,North,Rajasthan,Jaipur,1,305.69,305.69,0.1,275.12,62.23
ORD-101249,2025-04-30,2025,Apr,4,CUST-0333,Aadhya Rao,P025,Desk Organizer,Office Supplies,Accessories,Consumer,West,Gujarat,Ahmedabad,3,861.27,2583.81,0.05,2454.62,497.79
ORD-101299,2025-04-30,2025,Apr,4,CUST-0054,Meera Iyer,P005,Noise Cancelling Headphones,Technology,Accessories,Corporate,South,Tamil Nadu,Chennai,4,6924.42,27697.68,0.1,24927.91,4963.76
ORD-102755,2025-04-30,2025,Apr,4,CUST-0272,Ira Kumar,P015,Executive Desk,Furniture,Tables,Small Business,South,Karnataka,Bengaluru,3,25235.8,75707.4,0.15,64351.29,13354.26
ORD-100248,2025-05-01,2025,May,5,CUST-0089,Saanvi Iyer,P012,Smartphone Plus,Technology,Phones,Consumer,South,Telangana,Hyderabad,3,46704.18,140112.54,0.0,140112.54,15165.82
ORD-100295,2025-05-01,2025,May,5,CUST-0099,Pooja Iyer,P010,Tablet Air 11,Technology,Tablets,Consumer,West,Maharashtra,Mumbai,2,36146.47,72292.94,0.1,65063.65,10203.94
ORD-100316,2025-05-01,2025,May,5,CUST-0234,Meera Iyer,P032,Air Purifier,Home Appliances,Air Care,Consumer,East,Odisha,Bhubaneswar,3,16098.88,48296.64,0.05,45881.81,10605.71
ORD-101415,2025-05-01,2025,May,5,CUST-0161,Aarav Sharma,P020,Printer,Office Supplies,Machines,Consumer,North,Delhi,Delhi,1,16945.17,16945.17,0.05,16097.91,5263.74
ORD-101419,2025-05-01,2025,May,5,CUST-0288,Karthik Rao,P019,Conference Table,Furniture,Tables,Consumer,South,Telangana,Hyderabad,2,41994.08,83988.16,0.1,75589.34,18918.11
ORD-101638,2025-05-01,2025,May,5,CUST-0020,Anika Deshmukh,P034,Smart Watch,Technology,Wearables,Consumer,West,Gujarat,Ahmedabad,2,11905.57,23811.14,0.05,22620.58,3609.28
ORD-100522,2025-05-02,2025,May,5,CUST-0434,Meera Iyer,P012,Smartphone Plus,Technology,Phones,Consumer,East,Odisha,Bhubaneswar,6,50559.57,303357.42,0.1,273021.68,30125.44
ORD-100668,2025-05-02,2025,May,5,CUST-0278,Nisha Rao,P010,Tablet Air 11,Technology,Tablets,Small Business,West,Maharashtra,Pune,1,37428.34,37428.34,0.0,37428.34,9246.17
ORD-100732,2025-05-03,2025,May,5,CUST-0226,Rohan Sharma,P011,Smartphone Pro,Technology,Phones,Small Business,North,Uttar Pradesh,Lucknow,2,69392.27,138784.54,0.15,117966.86,26139.58
ORD-102442,2025-05-03,2025,May,5,CUST-0321,Aarav Sharma,P013,Office Chair,Furniture,Chairs,Consumer,South,Karnataka,Bengaluru,4,12601.26,50405.04,0.05,47884.79,8188.47
ORD-102669,2025-05-03,2025,May,5,CUST-0147,Rahul Kumar,P025,Desk Organizer,Office Supplies,Accessories,Consumer,South,Tamil Nadu,Chennai,5,802.83,4014.15,0.1,3612.74,1284.73
ORD-100301,2025-05-04,2025,May,5,CUST-0487,Rahul Kumar,P027,Whiteboard,Office Supplies,Presentation,Consumer,North,Rajasthan,Jaipur,2,4534.77,9069.54,0.1,8162.59,1532.7
ORD-100381,2025-05-04,2025,May,5,CUST-0074,Meera Iyer,P040,Travel Backpack Pro,Office Supplies,Bags,Corporate,North,Delhi,Delhi,10,4562.94,45629.4,0.2,36503.52,7911.13
ORD-101378,2025-05-04,2025,May,5,CUST-0013,Aadhya Rao,P040,Travel Backpack Pro,Office Supplies,Bags,Consumer,West,Gujarat,Ahmedabad,1,4576.15,4576.15,0.0,4576.15,1421.65
ORD-101474,2025-05-04,2025,May,5,CUST-0256,Kavya Sharma,P023,Premium Notebook,Office Supplies,Paper,Corporate,East,Odisha,Bhubaneswar,1,459.62,459.62,0.1,413.66,77.67
ORD-102811,2025-05-04,2025,May,5,CUST-0109,Saanvi Iyer,P019,Conference Table,Furniture,Tables,Consumer,West,Gujarat,Ahmedabad,4,39540.01,158160.04,0.0,158160.04,32418.65
ORD-102951,2025-05-04,2025,May,5,CUST-0155,Priya Deshmukh,P024,Gel Pen Set,Office Supplies,Writing,Small Business,South,Telangana,Hyderabad,2,337.14,674.28,0.1,606.85,208.25
ORD-100580,2025-05-05,2025,May,5,CUST-0109,Saanvi Iyer,P033,Robot Vacuum,Home Appliances,Cleaning,Small Business,West,Gujarat,Ahmedabad,2,27317.51,54635.02,0.1,49171.52,9129.18
ORD-100822,2025-05-05,2025,May,5,CUST-0490,Ananya Deshmukh,P040,Travel Backpack Pro,Office Supplies,Bags,Corporate,West,Gujarat,Ahmedabad,2,4833.87,9667.74,0.05,9184.35,1896.47
ORD-101473,2025-05-05,2025,May,5,CUST-0329,Saanvi Iyer,P026,Stapler Heavy Duty,Office Supplies,Accessories,Corporate,North,Uttar Pradesh,Lucknow,2,763.09,1526.18,0.15,1297.25,371.37
ORD-102357,2025-05-05,2025,May,5,CUST-0477,Sneha Kumar,P019,Conference Table,Furniture,Tables,Corporate,South,Tamil Nadu,Chennai,3,42877.6,128632.8,0.1,115769.52,24316.79
ORD-102451,2025-05-05,2025,May,5,CUST-0251,Diya Sharma,P011,Smartphone Pro,Technology,Phones,Corporate,West,Maharashtra,Pune,1,75605.8,75605.8,0.0,75605.8,15367.68
ORD-102810,2025-05-05,2025,May,5,CUST-0057,Sneha Kumar,P012,Smartphone Plus,Technology,Phones,Consumer,West,Gujarat,Ahmedabad,3,47105.79,141317.37,0.05,134251.5,24617.09
ORD-102986,2025-05-05,2025,May,5,CUST-0109,Saanvi Iyer,P033,Robot Vacuum,Home Appliances,Cleaning,Consumer,North,Rajasthan,Jaipur,5,29853.68,149268.4,0.05,141804.98,23544.73
ORD-100315,2025-05-06,2025,May,5,CUST-0496,Kavya Sharma,P010,Tablet Air 11,Technology,Tablets,Consumer,West,Maharashtra,Pune,3,36416.64,109249.92,0.1,98324.93,20939.37
ORD-100952,2025-05-06,2025,May,5,CUST-0095,Priya Deshmukh,P014,Ergonomic Chair Pro,Furniture,Chairs,Consumer,North,Rajasthan,Jaipur,1,19550.19,19550.19,0.1,17595.17,3026.63
ORD-101134,2025-05-06,2025,May,5,CUST-0372,Ira Kumar,P010,Tablet Air 11,Technology,Tablets,Consumer,South,Karnataka,Bengaluru,1,35197.06,35197.06,0.15,29917.5,4526.08
ORD-101146,2025-05-06,2025,May,5,CUST-0128,Karthik Rao,P034,Smart Watch,Technology,Wearables,Corporate,West,Maharashtra,Pune,2,11757.82,23515.64,0.1,21164.08,2458.68
ORD-101303,2025-05-06,2025,May,5,CUST-0435,Priya Deshmukh,P027,Whiteboard,Office Supplies,Presentation,Consumer,South,Tamil Nadu,Chennai,4,4691.07,18764.28,0.05,17826.07,5228.9
ORD-101791,2025-05-06,2025,May,5,CUST-0039,Pooja Iyer,P008,4K Monitor 27,Technology,Monitors,Consumer,South,Karnataka,Bengaluru,1,29015.93,29015.93,0.1,26114.34,2813.13
ORD-102036,2025-05-06,2025,May,5,CUST-0342,Vivaan Kumar,P008,4K Monitor 27,Technology,Monitors,Corporate,South,Tamil Nadu,Chennai,2,29647.34,59294.68,0.1,53365.21,7643.62
ORD-102627,2025-05-06,2025,May,5,CUST-0298,Nisha Rao,P024,Gel Pen Set,Office Supplies,Writing,Consumer,East,West Bengal,Kolkata,2,315.27,630.54,0.1,567.49,114.5
ORD-100329,2025-05-07,2025,May,5,CUST-0017,Sneha Kumar,P026,Stapler Heavy Duty,Office Supplies,Accessories,Small Business,East,West Bengal,Kolkata,1,681.41,681.41,0.15,579.2,201.95
ORD-100863,2025-05-07,2025,May,5,CUST-0021,Aarav Sharma,P038,USB-C Hub,Technology,Accessories,Corporate,West,Maharashtra,Mumbai,3,2689.35,8068.05,0.05,7664.65,972.69
ORD-100163,2025-05-08,2025,May,5,CUST-0427,Rahul Kumar,P030,Mixer Grinder,Home Appliances,Kitchen,Corporate,South,Karnataka,Bengaluru,10,6428.05,64280.5,0.1,57852.45,8800.04
ORD-100439,2025-05-08,2025,May,5,CUST-0424,Arjun Iyer,P016,Standing Desk,Furniture,Tables,Corporate,South,Karnataka,Bengaluru,1,32652.22,32652.22,0.05,31019.61,3852.39
ORD-100879,2025-05-08,2025,May,5,CUST-0455,Priya Deshmukh,P025,Desk Organizer,Office Supplies,Accessories,Consumer,North,Delhi,Delhi,3,868.08,2604.24,0.0,2604.24,881.67
ORD-101392,2025-05-08,2025,May,5,CUST-0335,Priya Deshmukh,P015,Executive Desk,Furniture,Tables,Consumer,East,Odisha,Bhubaneswar,2,23809.29,47618.58,0.0,47618.58,12541.93
ORD-101439,2025-05-08,2025,May,5,CUST-0325,Ishaan Deshmukh,P027,Whiteboard,Office Supplies,Presentation,Corporate,West,Maharashtra,Mumbai,2,4949.98,9899.96,0.0,9899.96,2339.56
ORD-102635,2025-05-08,2025,May,5,CUST-0091,Diya Sharma,P027,Whiteboard,Office Supplies,Presentation,Corporate,South,Karnataka,Bengaluru,1,4824.02,4824.02,0.1,4341.62,1264.86
ORD-100116,2025-05-09,2025,May,5,CUST-0005,Ishaan Deshmukh,P039,Backpack,Office Supplies,Bags,Corporate,West,Gujarat,Ahmedabad,2,2097.22,4194.44,0.05,3984.72,928.68
ORD-100696,2025-05-09,2025,May,5,CUST-0020,Anika Deshmukh,P030,Mixer Grinder,Home Appliances,Kitchen,Small Business,East,West Bengal,Kolkata,3,6737.09,20211.27,0.05,19200.71,2596.32
ORD-100713,2025-05-09,2025,May,5,CUST-0110,Ananya Deshmukh,P027,Whiteboard,Office Supplies,Presentation,Consumer,East,Odisha,Bhubaneswar,1,4960.76,4960.76,0.0,4960.76,1063.27
ORD-100772,2025-05-09,2025,May,5,CUST-0058,Nisha Rao,P014,Ergonomic Chair Pro,Furniture,Chairs,Consumer,South,Tamil Nadu,Chennai,3,17940.94,53822.82,0.05,51131.68,12613.82
ORD-101199,2025-05-09,2025,May,5,CUST-0263,Aditya Rao,P030,Mixer Grinder,Home Appliances,Kitchen,Consumer,South,Telangana,Hyderabad,1,6666.56,6666.56,0.1,5999.9,970.64
ORD-100322,2025-05-10,2025,May,5,CUST-0426,Rohan Sharma,P023,Premium Notebook,Office Supplies,Paper,Corporate,North,Delhi,Delhi,4,457.64,1830.56,0.15,1555.98,455.06
ORD-100852,2025-05-10,2025,May,5,CUST-0207,Rahul Kumar,P003,Gaming Laptop X,Technology,Laptops,Consumer,East,West Bengal,Kolkata,1,86891.16,86891.16,0.05,82546.6,9944.33
ORD-101330,2025-05-10,2025,May,5,CUST-0140,Anika Deshmukh,P012,Smartphone Plus,Technology,Phones,Corporate,South,Tamil Nadu,Chennai,2,45373.03,90746.06,0.05,86208.76,20714.88
ORD-101845,2025-05-10,2025,May,5,CUST-0180,Anika Deshmukh,P017,Bookshelf,Furniture,Storage,Small Business,West,Gujarat,Ahmedabad,2,9537.48,19074.96,0.0,19074.96,3117.86
ORD-101898,2025-05-10,2025,May,5,CUST-0169,Saanvi Iyer,P021,Laser Printer Pro,Office Supplies,Machines,Small Business,North,Rajasthan,Jaipur,4,29807.89,119231.56,0.15,101346.83,25603.36
ORD-102009,2025-05-10,2025,May,5,CUST-0317,Sneha Kumar,P015,Executive Desk,Furniture,Tables,Consumer,West,Gujarat,Ahmedabad,2,24436.9,48873.8,0.05,46430.11,7339.46
ORD-102554,2025-05-10,2025,May,5,CUST-0383,Aditya Rao,P022,Printer Paper Pack,Office Supplies,Paper,Small Business,North,Rajasthan,Jaipur,2,642.41,1284.82,0.1,1156.34,403.84
ORD-100731,2025-05-11,2025,May,5,CUST-0491,Diya Sharma,P007,Wireless Mouse,Technology,Accessories,Consumer,West,Gujarat,Ahmedabad,3,1787.83,5363.49,0.0,5363.49,881.83
ORD-101139,2025-05-11,2025,May,5,CUST-0263,Aditya Rao,P001,Laptop Pro 14,Technology,Laptops,Corporate,North,Rajasthan,Jaipur,1,62625.47,62625.47,0.1,56362.92,10154.22
ORD-102190,2025-05-11,2025,May,5,CUST-0105,Ishaan Deshmukh,P013,Office Chair,Furniture,Chairs,Consumer,East,Odisha,Bhubaneswar,5,11969.01,59845.05,0.0,59845.05,10190.35
ORD-100882,2025-05-12,2025,May,5,CUST-0470,Ananya Deshmukh,P012,Smartphone Plus,Technology,Phones,Corporate,East,Odisha,Bhubaneswar,10,48976.04,489760.4,0.1,440784.36,78520.44
ORD-101245,2025-05-12,2025,May,5,CUST-0445,Ishaan Deshmukh,P003,Gaming Laptop X,Technology,Laptops,Small Business,South,Karnataka,Bengaluru,3,85014.86,255044.58,0.15,216787.89,27358.98
ORD-102335,2025-05-12,2025,May,5,CUST-0069,Saanvi Iyer,P007,Wireless Mouse,Technology,Accessories,Corporate,South,Tamil Nadu,Chennai,1,1775.9,1775.9,0.05,1687.11,260.5
ORD-102728,2025-05-12,2025,May,5,CUST-0008,Karthik Rao,P010,Tablet Air 11,Technology,Tablets,Small Business,East,Assam,Guwahati,5,37018.97,185094.85,0.05,175840.11,24451.51
ORD-100660,2025-05-13,2025,May,5,CUST-0400,Anika Deshmukh,P012,Smartphone Plus,Technology,Phones,Consumer,South,Karnataka,Bengaluru,3,46212.36,138637.08,0.1,124773.37,14406.95
ORD-101748,2025-05-13,2025,May,5,CUST-0343,Aditya Rao,P015,Executive Desk,Furniture,Tables,Consumer,East,West Bengal,Kolkata,8,22995.55,183964.4,0.05,174766.18,27915.5
ORD-102158,2025-05-13,2025,May,5,CUST-0302,Vivaan Kumar,P023,Premium Notebook,Office Supplies,Paper,Consumer,North,Rajasthan,Jaipur,2,450.79,901.58,0.1,811.42,209.37
ORD-100348,2025-05-14,2025,May,5,CUST-0144,Arjun Iyer,P012,Smartphone Plus,Technology,Phones,Small Business,East,Odisha,Bhubaneswar,4,49720.8,198883.2,0.1,178994.88,40623.15
ORD-100934,2025-05-14,2025,May,5,CUST-0131,Diya Sharma,P037,Power Bank,Technology,Accessories,Corporate,East,Odisha,Bhubaneswar,1,1995.49,1995.49,0.05,1895.72,463.11
ORD-100949,2025-05-14,2025,May,5,CUST-0280,Anika Deshmukh,P029,Air Fryer,Home Appliances,Kitchen,Corporate,South,Telangana,Hyderabad,4,9469.68,37878.72,0.15,32196.91,7536.92
ORD-101275,2025-05-14,2025,May,5,CUST-0243,Aditya Rao,P007,Wireless Mouse,Technology,Accessories,Corporate,East,West Bengal,Kolkata,3,1806.33,5418.99,0.05,5148.04,1047.91
ORD-100396,2025-05-15,2025,May,5,CUST-0141,Aarav Sharma,P003,Gaming Laptop X,Technology,Laptops,Corporate,North,Uttar Pradesh,Lucknow,3,83889.52,251668.56,0.0,251668.56,53511.14
ORD-100579,2025-05-15,2025,May,5,CUST-0085,Ishaan Deshmukh,P028,Coffee Maker,Home Appliances,Kitchen,Small Business,North,Uttar Pradesh,Lucknow,1,8522.44,8522.44,0.05,8096.32,1127.49
ORD-100969,2025-05-15,2025,May,5,CUST-0229,Saanvi Iyer,P025,Desk Organizer,Office Supplies,Accessories,Consumer,South,Karnataka,Bengaluru,3,845.15,2535.45,0.0,2535.45,815.58
ORD-102630,2025-05-15,2025,May,5,CUST-0027,Rahul Kumar,P021,Laser Printer Pro,Office Supplies,Machines,Corporate,North,Uttar Pradesh,Lucknow,3,28737.11,86211.33,0.15,73279.63,18792.14
ORD-102915,2025-05-15,2025,May,5,CUST-0390,Ananya Deshmukh,P008,4K Monitor 27,Technology,Monitors,Small Business,North,Delhi,Delhi,4,27224.92,108899.68,0.05,103454.7,22046.71
ORD-101354,2025-05-16,2025,May,5,CUST-0173,Aadhya Rao,P008,4K Monitor 27,Technology,Monitors,Small Business,South,Tamil Nadu,Chennai,1,27832.47,27832.47,0.05,26440.85,2645.87
ORD-100680,2025-05-17,2025,May,5,CUST-0166,Rohan Sharma,P034,Smart Watch,Technology,Wearables,Corporate,West,Gujarat,Ahmedabad,1,11809.83,11809.83,0.05,11219.34,2540.23
ORD-102085,2025-05-17,2025,May,5,CUST-0411,Diya Sharma,P003,Gaming Laptop X,Technology,Laptops,Corporate,East,Odisha,Bhubaneswar,1,84463.69,84463.69,0.15,71794.14,7345.74
ORD-102555,2025-05-17,2025,May,5,CUST-0240,Anika Deshmukh,P006,Mechanical Keyboard,Technology,Accessories,Corporate,East,Assam,Guwahati,2,5354.68,10709.36,0.1,9638.42,1399.53
ORD-100228,2025-05-18,2025,May,5,CUST-0171,Diya Sharma,P027,Whiteboard,Office Supplies,Presentation,Corporate,East,Assam,Guwahati,4,4818.21,19272.84,0.1,17345.56,4525.73
ORD-100300,2025-05-18,2025,May,5,CUST-0353,Aadhya Rao,P008,4K Monitor 27,Technology,Monitors,Consumer,North,Uttar Pradesh,Lucknow,5,29403.6,147018.0,0.0,147018.0,21148.06
ORD-100616,2025-05-18,2025,May,5,CUST-0341,Aarav Sharma,P016,Standing Desk,Furniture,Tables,Small Business,South,Karnataka,Bengaluru,5,29539.4,147697.0,0.1,132927.3,19262.23
ORD-100982,2025-05-18,2025,May,5,CUST-0302,Vivaan Kumar,P031,Microwave Oven,Home Appliances,Kitchen,Corporate,East,Assam,Guwahati,1,14189.07,14189.07,0.1,12770.16,2304.64
ORD-101084,2025-05-18,2025,May,5,CUST-0154,Meera Iyer,P014,Ergonomic Chair Pro,Furniture,Chairs,Corporate,South,Tamil Nadu,Chennai,3,19556.98,58670.94,0.05,55737.39,10192.0
ORD-102048,2025-05-18,2025,May,5,CUST-0421,Aarav Sharma,P008,4K Monitor 27,Technology,Monitors,Small Business,North,Delhi,Delhi,4,27697.3,110789.2,0.15,94170.82,13199.06
ORD-102148,2025-05-18,2025,May,5,CUST-0379,Pooja Iyer,P028,Coffee Maker,Home Appliances,Kitchen,Consumer,East,Assam,Guwahati,1,8193.27,8193.27,0.0,8193.27,1019.58
ORD-100568,2025-05-19,2025,May,5,CUST-0382,Vivaan Kumar,P032,Air Purifier,Home Appliances,Air Care,Consumer,North,Rajasthan,Jaipur,2,16676.79,33353.58,0.05,31685.9,6319.69
ORD-100527,2025-05-20,2025,May,5,CUST-0036,Kavya Sharma,P008,4K Monitor 27,Technology,Monitors,Small Business,South,Karnataka,Bengaluru,10,30140.31,301403.1,0.05,286332.94,32098.51
ORD-101048,2025-05-20,2025,May,5,CUST-0349,Saanvi Iyer,P015,Executive Desk,Furniture,Tables,Corporate,South,Karnataka,Bengaluru,3,22773.24,68319.72,0.2,54655.78,9226.46
ORD-101540,2025-05-20,2025,May,5,CUST-0436,Kavya Sharma,P034,Smart Watch,Technology,Wearables,Small Business,West,Maharashtra,Pune,4,12075.61,48302.44,0.0,48302.44,6346.01
ORD-102511,2025-05-20,2025,May,5,CUST-0064,Arjun Iyer,P006,Mechanical Keyboard,Technology,Accessories,Consumer,North,Rajasthan,Jaipur,1,5137.77,5137.77,0.0,5137.77,1069.8
ORD-100776,2025-05-21,2025,May,5,CUST-0481,Aarav Sharma,P002,Business Laptop 15,Technology,Laptops,Small Business,West,Maharashtra,Mumbai,3,54088.9,162266.7,0.05,154153.36,21252.77
ORD-101460,2025-05-21,2025,May,5,CUST-0360,Anika Deshmukh,P027,Whiteboard,Office Supplies,Presentation,Consumer,South,Karnataka,Bengaluru,1,5087.35,5087.35,0.0,5087.35,1736.26
ORD-102499,2025-05-21,2025,May,5,CUST-0210,Ananya Deshmukh,P006,Mechanical Keyboard,Technology,Accessories,Consumer,East,Assam,Guwahati,2,5250.39,10500.78,0.15,8925.66,1130.74
ORD-101409,2025-05-22,2025,May,5,CUST-0366,Rohan Sharma,P030,Mixer Grinder,Home Appliances,Kitchen,Corporate,West,Maharashtra,Mumbai,2,6488.81,12977.62,0.1,11679.86,2703.08
ORD-101443,2025-05-22,2025,May,5,CUST-0137,Sneha Kumar,P024,Gel Pen Set,Office Supplies,Writing,Corporate,South,Karnataka,Bengaluru,2,315.82,631.64,0.15,536.89,125.63
ORD-102886,2025-05-22,2025,May,5,CUST-0278,Nisha Rao,P020,Printer,Office Supplies,Machines,Consumer,South,Karnataka,Bengaluru,4,16472.64,65890.56,0.1,59301.5,11829.21
ORD-100145,2025-05-23,2025,May,5,CUST-0332,Ira Kumar,P004,Wireless Headphones,Technology,Accessories,Consumer,North,Uttar Pradesh,Lucknow,2,4528.18,9056.36,0.05,8603.54,1745.87
ORD-100227,2025-05-23,2025,May,5,CUST-0374,Meera Iyer,P035,Fitness Band,Technology,Wearables,Corporate,West,Maharashtra,Mumbai,4,4071.83,16287.32,0.05,15472.95,1610.38
ORD-100657,2025-05-23,2025,May,5,CUST-0080,Anika Deshmukh,P006,Mechanical Keyboard,Technology,Accessories,Consumer,South,Telangana,Hyderabad,1,4893.77,4893.77,0.05,4649.08,686.84
ORD-100791,2025-05-23,2025,May,5,CUST-0121,Aarav Sharma,P031,Microwave Oven,Home Appliances,Kitchen,Corporate,South,Karnataka,Bengaluru,4,14300.87,57203.48,0.0,57203.48,10274.2
ORD-100919,2025-05-23,2025,May,5,CUST-0085,Ishaan Deshmukh,P010,Tablet Air 11,Technology,Tablets,Consumer,North,Delhi,Delhi,8,34883.19,279065.52,0.1,251158.97,46737.04
ORD-101480,2025-05-23,2025,May,5,CUST-0118,Nisha Rao,P031,Microwave Oven,Home Appliances,Kitchen,Small Business,East,Assam,Guwahati,5,15206.96,76034.8,0.05,72233.06,9547.07
ORD-102480,2025-05-23,2025,May,5,CUST-0068,Karthik Rao,P035,Fitness Band,Technology,Wearables,Corporate,South,Telangana,Hyderabad,4,4355.83,17423.32,0.1,15680.99,3904.68
ORD-102920,2025-05-23,2025,May,5,CUST-0201,Aarav Sharma,P007,Wireless Mouse,Technology,Accessories,Corporate,South,Tamil Nadu,Chennai,1,1724.53,1724.53,0.0,1724.53,316.12
ORD-100245,2025-05-24,2025,May,5,CUST-0152,Ira Kumar,P017,Bookshelf,Furniture,Storage,Small Business,South,Tamil Nadu,Chennai,5,10150.98,50754.9,0.05,48217.15,8261.33
ORD-100819,2025-05-24,2025,May,5,CUST-0496,Kavya Sharma,P027,Whiteboard,Office Supplies,Presentation,Consumer,North,Rajasthan,Jaipur,2,4533.15,9066.3,0.05,8612.98,2808.25
ORD-101274,2025-05-24,2025,May,5,CUST-0446,Rohan Sharma,P006,Mechanical Keyboard,Technology,Accessories,Corporate,East,West Bengal,Kolkata,1,5457.87,5457.87,0.1,4912.08,854.68
ORD-102422,2025-05-24,2025,May,5,CUST-0483,Aditya Rao,P004,Wireless Headphones,Technology,Accessories,Small Business,East,Odisha,Bhubaneswar,2,4396.98,8793.96,0.0,8793.96,896.89
ORD-100332,2025-05-25,2025,May,5,CUST-0386,Rohan Sharma,P036,Bluetooth Speaker,Technology,Audio,Consumer,North,Rajasthan,Jaipur,6,5870.47,35222.82,0.1,31700.54,6171.87
ORD-102130,2025-05-25,2025,May,5,CUST-0493,Aadhya Rao,P028,Coffee Maker,Home Appliances,Kitchen,Consumer,North,Delhi,Delhi,2,8722.75,17445.5,0.0,17445.5,3112.71
ORD-102397,2025-05-25,2025,May,5,CUST-0382,Vivaan Kumar,P034,Smart Watch,Technology,Wearables,Consumer,South,Telangana,Hyderabad,1,12647.9,12647.9,0.1,11383.11,1820.59
ORD-100192,2025-05-26,2025,May,5,CUST-0295,Priya Deshmukh,P020,Printer,Office Supplies,Machines,Corporate,West,Gujarat,Ahmedabad,2,17479.73,34959.46,0.1,31463.51,8370.25
ORD-100346,2025-05-26,2025,May,5,CUST-0030,Ananya Deshmukh,P009,UltraWide Monitor 34,Technology,Monitors,Consumer,West,Maharashtra,Mumbai,2,43954.32,87908.64,0.05,83513.21,14877.57
ORD-100787,2025-05-26,2025,May,5,CUST-0277,Sneha Kumar,P009,UltraWide Monitor 34,Technology,Monitors,Corporate,North,Delhi,Delhi,5,42971.42,214857.1,0.1,193371.39,23622.11
ORD-101885,2025-05-26,2025,May,5,CUST-0419,Pooja Iyer,P010,Tablet Air 11,Technology,Tablets,Corporate,East,Odisha,Bhubaneswar,1,35956.27,35956.27,0.1,32360.64,7203.51
ORD-100018,2025-05-27,2025,May,5,CUST-0482,Vivaan Kumar,P038,USB-C Hub,Technology,Accessories,Consumer,West,Maharashtra,Mumbai,2,2523.86,5047.72,0.1,4542.95,566.47
ORD-101189,2025-05-27,2025,May,5,CUST-0148,Karthik Rao,P020,Printer,Office Supplies,Machines,Small Business,West,Gujarat,Ahmedabad,2,16246.86,32493.72,0.1,29244.35,8688.44
ORD-101229,2025-05-27,2025,May,5,CUST-0121,Aarav Sharma,P013,Office Chair,Furniture,Chairs,Corporate,North,Delhi,Delhi,4,12064.0,48256.0,0.1,43430.4,11465.7
ORD-101273,2025-05-28,2025,May,5,CUST-0357,Sneha Kumar,P003,Gaming Laptop X,Technology,Laptops,Small Business,East,Assam,Guwahati,4,91739.57,366958.28,0.05,348610.37,62473.49
ORD-102395,2025-05-28,2025,May,5,CUST-0041,Aarav Sharma,P024,Gel Pen Set,Office Supplies,Writing,Small Business,East,Odisha,Bhubaneswar,2,306.05,612.1,0.1,550.89,197.15
ORD-102474,2025-05-28,2025,May,5,CUST-0311,Diya Sharma,P001,Laptop Pro 14,Technology,Laptops,Consumer,South,Karnataka,Bengaluru,2,61479.88,122959.76,0.0,122959.76,13453.17
ORD-100038,2025-05-29,2025,May,5,CUST-0118,Nisha Rao,P038,USB-C Hub,Technology,Accessories,Small Business,West,Maharashtra,Mumbai,2,2546.45,5092.9,0.05,4838.25,1099.66
ORD-100344,2025-05-29,2025,May,5,CUST-0156,Kavya Sharma,P011,Smartphone Pro,Technology,Phones,Corporate,East,West Bengal,Kolkata,1,75118.06,75118.06,0.15,63850.35,15025.42
ORD-100635,2025-05-29,2025,May,5,CUST-0091,Diya Sharma,P007,Wireless Mouse,Technology,Accessories,Small Business,West,Gujarat,Ahmedabad,4,1786.36,7145.44,0.05,6788.17,725.72
ORD-100948,2025-05-29,2025,May,5,CUST-0201,Aarav Sharma,P033,Robot Vacuum,Home Appliances,Cleaning,Corporate,South,Karnataka,Bengaluru,2,29402.21,58804.42,0.15,49983.76,9402.74
ORD-101833,2025-05-29,2025,May,5,CUST-0200,Anika Deshmukh,P040,Travel Backpack Pro,Office Supplies,Bags,Consumer,North,Delhi,Delhi,5,4917.03,24585.15,0.05,23355.89,5196.76
ORD-102641,2025-05-29,2025,May,5,CUST-0135,Priya Deshmukh,P040,Travel Backpack Pro,Office Supplies,Bags,Corporate,South,Karnataka,Bengaluru,6,4717.15,28302.9,0.15,24057.47,7079.54
ORD-100310,2025-05-30,2025,May,5,CUST-0445,Ishaan Deshmukh,P006,Mechanical Keyboard,Technology,Accessories,Small Business,East,Assam,Guwahati,1,5186.05,5186.05,0.1,4667.45,932.47
ORD-101120,2025-05-30,2025,May,5,CUST-0224,Arjun Iyer,P030,Mixer Grinder,Home Appliances,Kitchen,Corporate,North,Rajasthan,Jaipur,2,7043.67,14087.34,0.2,11269.87,1491.93
ORD-101925,2025-05-30,2025,May,5,CUST-0164,Arjun Iyer,P001,Laptop Pro 14,Technology,Laptops,Consumer,North,Delhi,Delhi,2,64210.82,128421.64,0.05,122000.56,27553.72
ORD-100588,2025-05-31,2025,May,5,CUST-0338,Nisha Rao,P004,Wireless Headphones,Technology,Accessories,Consumer,East,Odisha,Bhubaneswar,2,4494.25,8988.5,0.05,8539.07,879.86
ORD-100667,2025-05-31,2025,May,5,CUST-0100,Anika Deshmukh,P035,Fitness Band,Technology,Wearables,Small Business,East,West Bengal,Kolkata,4,4069.33,16277.32,0.0,16277.32,2399.85
ORD-101268,2025-05-31,2025,May,5,CUST-0246,Rohan Sharma,P023,Premium Notebook,Office Supplies,Paper,Consumer,North,Delhi,Delhi,3,460.72,1382.16,0.05,1313.05,271.27
ORD-101362,2025-05-31,2025,May,5,CUST-0405,Ishaan Deshmukh,P037,Power Bank,Technology,Accessories,Corporate,South,Telangana,Hyderabad,8,2203.36,17626.88,0.05,16745.54,3411.69
ORD-101729,2025-05-31,2025,May,5,CUST-0193,Aadhya Rao,P027,Whiteboard,Office Supplies,Presentation,Corporate,East,Assam,Guwahati,2,4844.59,9689.18,0.1,8720.26,2237.5
ORD-102372,2025-05-31,2025,May,5,CUST-0232,Ira Kumar,P021,Laser Printer Pro,Office Supplies,Machines,Small Business,East,Odisha,Bhubaneswar,1,28294.47,28294.47,0.05,26879.75,6776.44
ORD-102932,2025-05-31,2025,May,5,CUST-0051,Diya Sharma,P024,Gel Pen Set,Office Supplies,Writing,Consumer,East,Assam,Guwahati,2,312.53,625.06,0.1,562.55,155.64
ORD-100034,2025-06-01,2025,Jun,6,CUST-0463,Aditya Rao,P004,Wireless Headphones,Technology,Accessories,Small Business,North,Delhi,Delhi,1,4729.41,4729.41,0.0,4729.41,1071.38
ORD-100761,2025-06-01,2025,Jun,6,CUST-0360,Anika Deshmukh,P024,Gel Pen Set,Office Supplies,Writing,Small Business,East,Odisha,Bhubaneswar,3,303.4,910.2,0.05,864.69,304.13
ORD-101572,2025-06-01,2025,Jun,6,CUST-0199,Pooja Iyer,P027,Whiteboard,Office Supplies,Presentation,Consumer,North,Rajasthan,Jaipur,2,4616.66,9233.32,0.0,9233.32,1811.33
ORD-102029,2025-06-01,2025,Jun,6,CUST-0378,Nisha Rao,P006,Mechanical Keyboard,Technology,Accessories,Consumer,East,Odisha,Bhubaneswar,1,4932.24,4932.24,0.1,4439.02,567.89
ORD-102535,2025-06-01,2025,Jun,6,CUST-0421,Aarav Sharma,P023,Premium Notebook,Office Supplies,Paper,Consumer,South,Telangana,Hyderabad,3,445.84,1337.52,0.0,1337.52,387.73
ORD-101644,2025-06-02,2025,Jun,6,CUST-0396,Kavya Sharma,P040,Travel Backpack Pro,Office Supplies,Bags,Small Business,North,Rajasthan,Jaipur,6,4634.89,27809.34,0.05,26418.87,5872.11
ORD-101929,2025-06-03,2025,Jun,6,CUST-0052,Ira Kumar,P037,Power Bank,Technology,Accessories,Small Business,South,Telangana,Hyderabad,3,2143.2,6429.6,0.1,5786.64,636.94
ORD-102053,2025-06-03,2025,Jun,6,CUST-0396,Kavya Sharma,P025,Desk Organizer,Office Supplies,Accessories,Corporate,East,Assam,Guwahati,1,837.92,837.92,0.1,754.13,204.28
ORD-102113,2025-06-03,2025,Jun,6,CUST-0016,Kavya Sharma,P017,Bookshelf,Furniture,Storage,Small Business,East,Odisha,Bhubaneswar,3,9934.55,29803.65,0.15,25333.1,3400.18
ORD-102444,2025-06-03,2025,Jun,6,CUST-0213,Aadhya Rao,P006,Mechanical Keyboard,Technology,Accessories,Consumer,North,Rajasthan,Jaipur,10,5213.73,52137.3,0.0,52137.3,7932.62
ORD-102608,2025-06-03,2025,Jun,6,CUST-0267,Rahul Kumar,P022,Printer Paper Pack,Office Supplies,Paper,Small Business,West,Maharashtra,Mumbai,2,630.41,1260.82,0.1,1134.74,302.9
ORD-102666,2025-06-03,2025,Jun,6,CUST-0497,Sneha Kumar,P011,Smartphone Pro,Technology,Phones,Consumer,North,Uttar Pradesh,Lucknow,2,74163.59,148327.18,0.0,148327.18,30897.42
ORD-102769,2025-06-03,2025,Jun,6,CUST-0033,Aadhya Rao,P040,Travel Backpack Pro,Office Supplies,Bags,Corporate,East,Assam,Guwahati,1,5081.39,5081.39,0.1,4573.25,1618.44
ORD-100079,2025-06-04,2025,Jun,6,CUST-0206,Rohan Sharma,P031,Microwave Oven,Home Appliances,Kitchen,Corporate,North,Rajasthan,Jaipur,4,15238.98,60955.92,0.15,51812.53,5948.4
ORD-100766,2025-06-04,2025,Jun,6,CUST-0182,Vivaan Kumar,P004,Wireless Headphones,Technology,Accessories,Small Business,North,Uttar Pradesh,Lucknow,10,4481.1,44811.0,0.1,40329.9,5506.45
ORD-100808,2025-06-04,2025,Jun,6,CUST-0067,Rahul Kumar,P040,Travel Backpack Pro,Office Supplies,Bags,Consumer,North,Rajasthan,Jaipur,1,4821.62,4821.62,0.05,4580.54,939.6
ORD-101044,2025-06-04,2025,Jun,6,CUST-0449,Saanvi Iyer,P030,Mixer Grinder,Home Appliances,Kitchen,Consumer,West,Gujarat,Ahmedabad,1,6542.36,6542.36,0.05,6215.24,1244.59
ORD-102021,2025-06-04,2025,Jun,6,CUST-0036,Kavya Sharma,P013,Office Chair,Furniture,Chairs,Consumer,East,West Bengal,Kolkata,3,12877.31,38631.93,0.1,34768.74,4695.45
ORD-102779,2025-06-04,2025,Jun,6,CUST-0201,Aarav Sharma,P035,Fitness Band,Technology,Wearables,Corporate,North,Delhi,Delhi,1,4186.84,4186.84,0.05,3977.5,874.02
ORD-102836,2025-06-04,2025,Jun,6,CUST-0310,Ananya Deshmukh,P023,Premium Notebook,Office Supplies,Paper,Consumer,East,Assam,Guwahati,5,438.74,2193.7,0.15,1864.64,444.82
ORD-101442,2025-06-05,2025,Jun,6,CUST-0383,Aditya Rao,P020,Printer,Office Supplies,Machines,Consumer,East,West Bengal,Kolkata,2,16711.13,33422.26,0.1,30080.03,10265.59
ORD-101694,2025-06-05,2025,Jun,6,CUST-0207,Rahul Kumar,P028,Coffee Maker,Home Appliances,Kitchen,Small Business,West,Maharashtra,Pune,1,8199.75,8199.75,0.1,7379.78,1621.32
ORD-101701,2025-06-05,2025,Jun,6,CUST-0327,Rahul Kumar,P006,Mechanical Keyboard,Technology,Accessories,Consumer,South,Tamil Nadu,Chennai,1,5282.2,5282.2,0.1,4753.98,510.36
ORD-102411,2025-06-05,2025,Jun,6,CUST-0029,Saanvi Iyer,P011,Smartphone Pro,Technology,Phones,Consumer,South,Karnataka,Bengaluru,3,73659.17,220977.51,0.05,209928.63,37006.82
ORD-102704,2025-06-05,2025,Jun,6,CUST-0285,Ishaan Deshmukh,P038,USB-C Hub,Technology,Accessories,Consumer,West,Maharashtra,Pune,5,2629.53,13147.65,0.05,12490.27,1549.16
ORD-100051,2025-06-06,2025,Jun,6,CUST-0121,Aarav Sharma,P006,Mechanical Keyboard,Technology,Accessories,Consumer,East,Odisha,Bhubaneswar,6,5297.51,31785.06,0.0,31785.06,3204.39
ORD-100179,2025-06-06,2025,Jun,6,CUST-0041,Aarav Sharma,P025,Desk Organizer,Office Supplies,Accessories,Corporate,East,Assam,Guwahati,2,842.97,1685.94,0.0,1685.94,465.7
ORD-101227,2025-06-06,2025,Jun,6,CUST-0153,Aadhya Rao,P014,Ergonomic Chair Pro,Furniture,Chairs,Corporate,South,Tamil Nadu,Chennai,8,18045.8,144366.4,0.1,129929.76,16193.63
ORD-101628,2025-06-06,2025,Jun,6,CUST-0419,Pooja Iyer,P034,Smart Watch,Technology,Wearables,Corporate,East,West Bengal,Kolkata,2,12796.53,25593.06,0.1,23033.75,3746.49
ORD-102027,2025-06-06,2025,Jun,6,CUST-0457,Sneha Kumar,P026,Stapler Heavy Duty,Office Supplies,Accessories,Corporate,South,Tamil Nadu,Chennai,2,728.97,1457.94,0.15,1239.25,243.21
ORD-102218,2025-06-06,2025,Jun,6,CUST-0119,Pooja Iyer,P021,Laser Printer Pro,Office Supplies,Machines,Small Business,West,Gujarat,Ahmedabad,6,27172.98,163037.88,0.05,154885.99,42286.8
ORD-102583,2025-06-06,2025,Jun,6,CUST-0425,Ishaan Deshmukh,P032,Air Purifier,Home Appliances,Air Care,Corporate,East,West Bengal,Kolkata,5,17100.55,85502.75,0.05,81227.61,13535.77
ORD-102978,2025-06-06,2025,Jun,6,CUST-0345,Ishaan Deshmukh,P035,Fitness Band,Technology,Wearables,Consumer,North,Rajasthan,Jaipur,1,4187.18,4187.18,0.0,4187.18,592.65
ORD-100222,2025-06-07,2025,Jun,6,CUST-0227,Rahul Kumar,P028,Coffee Maker,Home Appliances,Kitchen,Small Business,East,Assam,Guwahati,8,8349.09,66792.72,0.1,60113.45,10316.14
ORD-101493,2025-06-07,2025,Jun,6,CUST-0031,Diya Sharma,P040,Travel Backpack Pro,Office Supplies,Bags,Small Business,North,Delhi,Delhi,4,4852.85,19411.4,0.05,18440.83,5832.54
ORD-102473,2025-06-07,2025,Jun,6,CUST-0113,Aadhya Rao,P031,Microwave Oven,Home Appliances,Kitchen,Small Business,South,Tamil Nadu,Chennai,2,14146.13,28292.26,0.0,28292.26,3265.9
ORD-102719,2025-06-07,2025,Jun,6,CUST-0325,Ishaan Deshmukh,P031,Microwave Oven,Home Appliances,Kitchen,Corporate,South,Tamil Nadu,Chennai,1,14148.08,14148.08,0.15,12025.87,2303.01
ORD-100926,2025-06-08,2025,Jun,6,CUST-0379,Pooja Iyer,P027,Whiteboard,Office Supplies,Presentation,Small Business,East,West Bengal,Kolkata,8,4670.06,37360.48,0.1,33624.43,7970.13
ORD-100358,2025-06-09,2025,Jun,6,CUST-0203,Aditya Rao,P022,Printer Paper Pack,Office Supplies,Paper,Corporate,South,Telangana,Hyderabad,4,638.71,2554.84,0.1,2299.36,483.39
ORD-102898,2025-06-09,2025,Jun,6,CUST-0224,Arjun Iyer,P023,Premium Notebook,Office Supplies,Paper,Small Business,East,Assam,Guwahati,2,445.35,890.7,0.05,846.16,217.86
ORD-102936,2025-06-09,2025,Jun,6,CUST-0046,Rohan Sharma,P037,Power Bank,Technology,Accessories,Consumer,South,Tamil Nadu,Chennai,6,2179.04,13074.24,0.1,11766.82,2542.8
ORD-101441,2025-06-10,2025,Jun,6,CUST-0388,Karthik Rao,P024,Gel Pen Set,Office Supplies,Writing,Corporate,South,Karnataka,Bengaluru,1,335.58,335.58,0.15,285.24,54.15
ORD-101503,2025-06-10,2025,Jun,6,CUST-0289,Saanvi Iyer,P010,Tablet Air 11,Technology,Tablets,Consumer,East,Assam,Guwahati,1,35584.12,35584.12,0.05,33804.91,6224.56
ORD-102122,2025-06-10,2025,Jun,6,CUST-0245,Ishaan Deshmukh,P030,Mixer Grinder,Home Appliances,Kitchen,Corporate,South,Tamil Nadu,Chennai,1,6855.59,6855.59,0.05,6512.81,1076.67
ORD-102328,2025-06-10,2025,Jun,6,CUST-0119,Pooja Iyer,P020,Printer,Office Supplies,Machines,Consumer,South,Telangana,Hyderabad,6,17060.1,102360.6,0.0,102360.6,22906.7
ORD-100531,2025-06-11,2025,Jun,6,CUST-0275,Priya Deshmukh,P010,Tablet Air 11,Technology,Tablets,Consumer,East,West Bengal,Kolkata,4,34797.73,139190.92,0.0,139190.92,20493.33
ORD-101921,2025-06-11,2025,Jun,6,CUST-0107,Rahul Kumar,P025,Desk Organizer,Office Supplies,Accessories,Consumer,South,Karnataka,Bengaluru,3,833.35,2500.05,0.1,2250.05,682.5
ORD-100138,2025-06-12,2025,Jun,6,CUST-0273,Aadhya Rao,P015,Executive Desk,Furniture,Tables,Small Business,South,Telangana,Hyderabad,3,23838.56,71515.68,0.15,60788.33,15600.57
ORD-100359,2025-06-12,2025,Jun,6,CUST-0371,Diya Sharma,P031,Microwave Oven,Home Appliances,Kitchen,Consumer,West,Maharashtra,Mumbai,5,13634.71,68173.55,0.0,68173.55,12418.19
ORD-101238,2025-06-12,2025,Jun,6,CUST-0475,Priya Deshmukh,P004,Wireless Headphones,Technology,Accessories,Corporate,East,West Bengal,Kolkata,2,4303.25,8606.5,0.1,7745.85,1320.44
ORD-101380,2025-06-12,2025,Jun,6,CUST-0453,Aadhya Rao,P030,Mixer Grinder,Home Appliances,Kitchen,Consumer,East,West Bengal,Kolkata,3,6882.82,20648.46,0.0,20648.46,2790.1
ORD-101407,2025-06-12,2025,Jun,6,CUST-0342,Vivaan Kumar,P024,Gel Pen Set,Office Supplies,Writing,Consumer,South,Karnataka,Bengaluru,3,303.23,909.69,0.1,818.72,238.2
ORD-102156,2025-06-12,2025,Jun,6,CUST-0290,Ananya Deshmukh,P022,Printer Paper Pack,Office Supplies,Paper,Corporate,North,Uttar Pradesh,Lucknow,6,636.15,3816.9,0.1,3435.21,618.37
ORD-101467,2025-06-13,2025,Jun,6,CUST-0456,Kavya Sharma,P020,Printer,Office Supplies,Machines,Corporate,West,Gujarat,Ahmedabad,5,17420.03,87100.15,0.05,82745.14,25895.38
ORD-102927,2025-06-13,2025,Jun,6,CUST-0080,Anika Deshmukh,P001,Laptop Pro 14,Technology,Laptops,Corporate,East,West Bengal,Kolkata,1,58725.42,58725.42,0.05,55789.15,11180.82
ORD-100157,2025-06-14,2025,Jun,6,CUST-0379,Pooja Iyer,P032,Air Purifier,Home Appliances,Air Care,Consumer,West,Maharashtra,Pune,1,16543.4,16543.4,0.05,15716.23,2881.29
ORD-100397,2025-06-14,2025,Jun,6,CUST-0147,Rahul Kumar,P035,Fitness Band,Technology,Wearables,Corporate,West,Gujarat,Ahmedabad,1,4305.31,4305.31,0.2,3444.25,391.73
ORD-100457,2025-06-14,2025,Jun,6,CUST-0226,Rohan Sharma,P031,Microwave Oven,Home Appliances,Kitchen,Consumer,West,Maharashtra,Pune,4,15009.86,60039.44,0.05,57037.47,8507.9
ORD-100512,2025-06-14,2025,Jun,6,CUST-0409,Saanvi Iyer,P040,Travel Backpack Pro,Office Supplies,Bags,Consumer,South,Karnataka,Bengaluru,1,5060.89,5060.89,0.0,5060.89,1292.28
ORD-101581,2025-06-14,2025,Jun,6,CUST-0244,Arjun Iyer,P006,Mechanical Keyboard,Technology,Accessories,Corporate,West,Maharashtra,Pune,1,4990.19,4990.19,0.1,4491.17,621.44
ORD-101721,2025-06-14,2025,Jun,6,CUST-0339,Pooja Iyer,P017,Bookshelf,Furniture,Storage,Small Business,South,Tamil Nadu,Chennai,2,9770.8,19541.6,0.05,18564.52,3760.15
ORD-102097,2025-06-14,2025,Jun,6,CUST-0150,Ananya Deshmukh,P040,Travel Backpack Pro,Office Supplies,Bags,Corporate,North,Rajasthan,Jaipur,2,4679.15,9358.3,0.0,9358.3,3124.54
ORD-102199,2025-06-14,2025,Jun,6,CUST-0256,Kavya Sharma,P008,4K Monitor 27,Technology,Monitors,Consumer,East,Odisha,Bhubaneswar,1,28751.69,28751.69,0.0,28751.69,6362.91
ORD-102219,2025-06-14,2025,Jun,6,CUST-0460,Anika Deshmukh,P032,Air Purifier,Home Appliances,Air Care,Small Business,East,West Bengal,Kolkata,2,16046.96,32093.92,0.1,28884.53,4513.71
ORD-102415,2025-06-14,2025,Jun,6,CUST-0140,Anika Deshmukh,P032,Air Purifier,Home Appliances,Air Care,Small Business,East,Assam,Guwahati,5,16931.89,84659.45,0.0,84659.45,9883.77
ORD-102475,2025-06-14,2025,Jun,6,CUST-0036,Kavya Sharma,P007,Wireless Mouse,Technology,Accessories,Consumer,South,Karnataka,Bengaluru,2,1891.2,3782.4,0.0,3782.4,473.78
ORD-100737,2025-06-15,2025,Jun,6,CUST-0465,Ishaan Deshmukh,P014,Ergonomic Chair Pro,Furniture,Chairs,Consumer,North,Rajasthan,Jaipur,6,17938.6,107631.6,0.05,102250.02,14824.87
ORD-101090,2025-06-15,2025,Jun,6,CUST-0422,Vivaan Kumar,P039,Backpack,Office Supplies,Bags,Consumer,North,Rajasthan,Jaipur,8,2244.3,17954.4,0.05,17056.68,3798.16
ORD-101140,2025-06-15,2025,Jun,6,CUST-0151,Diya Sharma,P033,Robot Vacuum,Home Appliances,Cleaning,Consumer,South,Telangana,Hyderabad,1,28287.67,28287.67,0.05,26873.29,5182.85
ORD-101434,2025-06-15,2025,Jun,6,CUST-0035,Priya Deshmukh,P007,Wireless Mouse,Technology,Accessories,Small Business,South,Telangana,Hyderabad,4,1804.98,7219.92,0.15,6136.93,748.63
ORD-102808,2025-06-15,2025,Jun,6,CUST-0396,Kavya Sharma,P023,Premium Notebook,Office Supplies,Paper,Consumer,North,Uttar Pradesh,Lucknow,6,447.66,2685.96,0.1,2417.36,720.39
ORD-100234,2025-06-16,2025,Jun,6,CUST-0323,Aditya Rao,P003,Gaming Laptop X,Technology,Laptops,Corporate,East,Odisha,Bhubaneswar,2,85007.53,170015.06,0.15,144512.8,34172.87
ORD-100727,2025-06-16,2025,Jun,6,CUST-0457,Sneha Kumar,P035,Fitness Band,Technology,Wearables,Consumer,East,West Bengal,Kolkata,4,4105.56,16422.24,0.05,15601.13,2115.07
ORD-101046,2025-06-16,2025,Jun,6,CUST-0020,Anika Deshmukh,P038,USB-C Hub,Technology,Accessories,Consumer,East,Assam,Guwahati,1,2546.78,2546.78,0.1,2292.1,249.77
ORD-101645,2025-06-16,2025,Jun,6,CUST-0450,Ananya Deshmukh,P007,Wireless Mouse,Technology,Accessories,Consumer,North,Uttar Pradesh,Lucknow,1,1732.99,1732.99,0.0,1732.99,398.87
ORD-101876,2025-06-16,2025,Jun,6,CUST-0299,Pooja Iyer,P034,Smart Watch,Technology,Wearables,Consumer,East,Assam,Guwahati,4,12083.34,48333.36,0.05,45916.69,9393.42
ORD-102377,2025-06-16,2025,Jun,6,CUST-0440,Anika Deshmukh,P032,Air Purifier,Home Appliances,Air Care,Corporate,South,Tamil Nadu,Chennai,6,16695.48,100172.88,0.05,95164.24,12874.85
ORD-102744,2025-06-16,2025,Jun,6,CUST-0066,Rohan Sharma,P013,Office Chair,Furniture,Chairs,Consumer,West,Maharashtra,Mumbai,2,13154.36,26308.72,0.1,23677.85,4717.01
ORD-100921,2025-06-17,2025,Jun,6,CUST-0355,Priya Deshmukh,P020,Printer,Office Supplies,Machines,Corporate,North,Delhi,Delhi,2,17042.31,34084.62,0.15,28971.93,8939.98
ORD-102051,2025-06-17,2025,Jun,6,CUST-0071,Diya Sharma,P017,Bookshelf,Furniture,Storage,Consumer,East,West Bengal,Kolkata,1,9988.23,9988.23,0.0,9988.23,2066.1
ORD-101347,2025-06-18,2025,Jun,6,CUST-0106,Rohan Sharma,P029,Air Fryer,Home Appliances,Kitchen,Consumer,West,Gujarat,Ahmedabad,1,8656.68,8656.68,0.1,7791.01,1182.69
ORD-101794,2025-06-18,2025,Jun,6,CUST-0052,Ira Kumar,P040,Travel Backpack Pro,Office Supplies,Bags,Consumer,North,Delhi,Delhi,4,4986.25,19945.0,0.05,18947.75,5523.63
ORD-102964,2025-06-18,2025,Jun,6,CUST-0230,Ananya Deshmukh,P025,Desk Organizer,Office Supplies,Accessories,Small Business,East,West Bengal,Kolkata,4,825.35,3301.4,0.05,3136.33,792.81
ORD-100010,2025-06-19,2025,Jun,6,CUST-0040,Anika Deshmukh,P036,Bluetooth Speaker,Technology,Audio,Consumer,South,Karnataka,Bengaluru,1,5469.6,5469.6,0.05,5196.12,657.39
ORD-100109,2025-06-19,2025,Jun,6,CUST-0090,Ananya Deshmukh,P008,4K Monitor 27,Technology,Monitors,Small Business,East,Assam,Guwahati,1,28396.72,28396.72,0.1,25557.05,5922.97
ORD-100536,2025-06-19,2025,Jun,6,CUST-0246,Rohan Sharma,P032,Air Purifier,Home Appliances,Air Care,Small Business,West,Gujarat,Ahmedabad,2,17397.77,34795.54,0.05,33055.76,7074.27
ORD-100149,2025-06-20,2025,Jun,6,CUST-0072,Ira Kumar,P035,Fitness Band,Technology,Wearables,Consumer,East,Odisha,Bhubaneswar,3,3982.03,11946.09,0.0,11946.09,1195.54
ORD-100626,2025-06-20,2025,Jun,6,CUST-0030,Ananya Deshmukh,P016,Standing Desk,Furniture,Tables,Consumer,North,Rajasthan,Jaipur,6,30416.93,182501.58,0.0,182501.58,48452.02
ORD-100783,2025-06-20,2025,Jun,6,CUST-0441,Aarav Sharma,P024,Gel Pen Set,Office Supplies,Writing,Consumer,South,Karnataka,Bengaluru,1,337.71,337.71,0.0,337.71,92.95
ORD-100876,2025-06-20,2025,Jun,6,CUST-0190,Ananya Deshmukh,P029,Air Fryer,Home Appliances,Kitchen,Consumer,South,Karnataka,Bengaluru,5,8892.11,44460.55,0.0,44460.55,4949.08
ORD-100965,2025-06-20,2025,Jun,6,CUST-0431,Diya Sharma,P037,Power Bank,Technology,Accessories,Consumer,West,Maharashtra,Pune,3,2164.72,6494.16,0.05,6169.45,1224.72
ORD-101522,2025-06-20,2025,Jun,6,CUST-0215,Priya Deshmukh,P021,Laser Printer Pro,Office Supplies,Machines,Small Business,North,Uttar Pradesh,Lucknow,8,28046.14,224369.12,0.0,224369.12,70661.97
ORD-101909,2025-06-20,2025,Jun,6,CUST-0003,Aditya Rao,P030,Mixer Grinder,Home Appliances,Kitchen,Consumer,North,Rajasthan,Jaipur,6,7025.39,42152.34,0.0,42152.34,9919.52
ORD-101924,2025-06-20,2025,Jun,6,CUST-0201,Aarav Sharma,P030,Mixer Grinder,Home Appliances,Kitchen,Corporate,West,Maharashtra,Mumbai,1,6555.34,6555.34,0.05,6227.57,1442.84
ORD-102099,2025-06-20,2025,Jun,6,CUST-0424,Arjun Iyer,P003,Gaming Laptop X,Technology,Laptops,Corporate,South,Tamil Nadu,Chennai,2,82926.03,165852.06,0.1,149266.85,26007.3
ORD-102118,2025-06-20,2025,Jun,6,CUST-0437,Sneha Kumar,P035,Fitness Band,Technology,Wearables,Consumer,South,Karnataka,Bengaluru,4,3991.96,15967.84,0.05,15169.45,2929.74
ORD-100063,2025-06-21,2025,Jun,6,CUST-0400,Anika Deshmukh,P012,Smartphone Plus,Technology,Phones,Corporate,North,Delhi,Delhi,1,45535.06,45535.06,0.15,38704.8,4193.09
ORD-101253,2025-06-21,2025,Jun,6,CUST-0249,Saanvi Iyer,P008,4K Monitor 27,Technology,Monitors,Consumer,East,West Bengal,Kolkata,4,28690.07,114760.28,0.0,114760.28,24462.18
ORD-102472,2025-06-21,2025,Jun,6,CUST-0403,Aditya Rao,P023,Premium Notebook,Office Supplies,Paper,Corporate,North,Uttar Pradesh,Lucknow,3,427.64,1282.92,0.15,1090.48,262.06
ORD-102698,2025-06-21,2025,Jun,6,CUST-0045,Ishaan Deshmukh,P013,Office Chair,Furniture,Chairs,Corporate,South,Telangana,Hyderabad,4,11753.18,47012.72,0.05,44662.08,10923.08
ORD-100430,2025-06-22,2025,Jun,6,CUST-0137,Sneha Kumar,P002,Business Laptop 15,Technology,Laptops,Consumer,North,Delhi,Delhi,3,51225.12,153675.36,0.05,145991.59,22016.17
ORD-101737,2025-06-22,2025,Jun,6,CUST-0153,Aadhya Rao,P038,USB-C Hub,Technology,Accessories,Small Business,West,Maharashtra,Mumbai,2,2444.71,4889.42,0.1,4400.48,986.18
ORD-102743,2025-06-22,2025,Jun,6,CUST-0304,Arjun Iyer,P018,Filing Cabinet,Furniture,Storage,Consumer,East,Assam,Guwahati,6,11670.95,70025.7,0.1,63023.13,10495.2
ORD-100938,2025-06-24,2025,Jun,6,CUST-0176,Kavya Sharma,P027,Whiteboard,Office Supplies,Presentation,Corporate,West,Gujarat,Ahmedabad,1,4686.86,4686.86,0.1,4218.17,1364.15
ORD-101258,2025-06-24,2025,Jun,6,CUST-0464,Arjun Iyer,P008,4K Monitor 27,Technology,Monitors,Corporate,North,Delhi,Delhi,1,26856.24,26856.24,0.05,25513.43,3947.7
ORD-101680,2025-06-24,2025,Jun,6,CUST-0428,Karthik Rao,P004,Wireless Headphones,Technology,Accessories,Corporate,West,Gujarat,Ahmedabad,1,4654.98,4654.98,0.1,4189.48,726.71
ORD-102500,2025-06-24,2025,Jun,6,CUST-0352,Ira Kumar,P012,Smartphone Plus,Technology,Phones,Consumer,South,Telangana,Hyderabad,3,45153.12,135459.36,0.15,115140.46,26292.32
ORD-102645,2025-06-24,2025,Jun,6,CUST-0195,Priya Deshmukh,P023,Premium Notebook,Office Supplies,Paper,Consumer,South,Tamil Nadu,Chennai,1,462.59,462.59,0.15,393.2,115.86
ORD-100095,2025-06-25,2025,Jun,6,CUST-0245,Ishaan Deshmukh,P013,Office Chair,Furniture,Chairs,Corporate,West,Maharashtra,Pune,5,12140.52,60702.6,0.05,57667.47,9157.44
ORD-100434,2025-06-25,2025,Jun,6,CUST-0020,Anika Deshmukh,P017,Bookshelf,Furniture,Storage,Consumer,South,Karnataka,Bengaluru,4,9892.94,39571.76,0.05,37593.17,7440.33
ORD-100642,2025-06-25,2025,Jun,6,CUST-0215,Priya Deshmukh,P031,Microwave Oven,Home Appliances,Kitchen,Consumer,South,Karnataka,Bengaluru,4,15031.72,60126.88,0.0,60126.88,7292.0
ORD-100903,2025-06-25,2025,Jun,6,CUST-0387,Rahul Kumar,P021,Laser Printer Pro,Office Supplies,Machines,Consumer,South,Karnataka,Bengaluru,4,27364.34,109457.36,0.0,109457.36,26363.4
ORD-102815,2025-06-25,2025,Jun,6,CUST-0045,Ishaan Deshmukh,P003,Gaming Laptop X,Technology,Laptops,Corporate,East,West Bengal,Kolkata,1,88160.25,88160.25,0.2,70528.2,16134.51
ORD-100003,2025-06-26,2025,Jun,6,CUST-0391,Diya Sharma,P018,Filing Cabinet,Furniture,Storage,Consumer,North,Delhi,Delhi,1,11732.4,11732.4,0.05,11145.78,2345.49
ORD-100284,2025-06-26,2025,Jun,6,CUST-0426,Rohan Sharma,P035,Fitness Band,Technology,Wearables,Consumer,West,Gujarat,Ahmedabad,5,4162.69,20813.45,0.05,19772.78,3467.69
ORD-102093,2025-06-26,2025,Jun,6,CUST-0209,Saanvi Iyer,P021,Laser Printer Pro,Office Supplies,Machines,Corporate,South,Telangana,Hyderabad,5,29521.38,147606.9,0.1,132846.21,46946.19
ORD-102211,2025-06-26,2025,Jun,6,CUST-0412,Ira Kumar,P024,Gel Pen Set,Office Supplies,Writing,Corporate,North,Uttar Pradesh,Lucknow,4,327.55,1310.2,0.1,1179.18,358.43
ORD-102953,2025-06-26,2025,Jun,6,CUST-0479,Pooja Iyer,P022,Printer Paper Pack,Office Supplies,Paper,Consumer,East,Assam,Guwahati,6,615.36,3692.16,0.0,3692.16,966.13
ORD-102804,2025-06-27,2025,Jun,6,CUST-0453,Aadhya Rao,P014,Ergonomic Chair Pro,Furniture,Chairs,Corporate,North,Delhi,Delhi,1,17750.09,17750.09,0.05,16862.59,3737.67
ORD-100707,2025-06-28,2025,Jun,6,CUST-0388,Karthik Rao,P027,Whiteboard,Office Supplies,Presentation,Small Business,North,Uttar Pradesh,Lucknow,1,4707.66,4707.66,0.0,4707.66,1583.54
ORD-102486,2025-06-28,2025,Jun,6,CUST-0270,Ananya Deshmukh,P024,Gel Pen Set,Office Supplies,Writing,Small Business,East,West Bengal,Kolkata,3,301.46,904.38,0.05,859.16,294.4
ORD-100099,2025-06-29,2025,Jun,6,CUST-0427,Rahul Kumar,P024,Gel Pen Set,Office Supplies,Writing,Corporate,West,Gujarat,Ahmedabad,5,310.56,1552.8,0.15,1319.88,345.55
ORD-102773,2025-06-29,2025,Jun,6,CUST-0185,Ishaan Deshmukh,P004,Wireless Headphones,Technology,Accessories,Corporate,West,Maharashtra,Mumbai,1,4617.94,4617.94,0.15,3925.25,716.05
ORD-100187,2025-06-30,2025,Jun,6,CUST-0488,Karthik Rao,P008,4K Monitor 27,Technology,Monitors,Small Business,West,Maharashtra,Pune,8,27598.35,220786.8,0.0,220786.8,27165.67
ORD-100392,2025-06-30,2025,Jun,6,CUST-0131,Diya Sharma,P020,Printer,Office Supplies,Machines,Corporate,East,Assam,Guwahati,3,16915.8,50747.4,0.15,43135.29,14558.94
ORD-100671,2025-06-30,2025,Jun,6,CUST-0257,Sneha Kumar,P024,Gel Pen Set,Office Supplies,Writing,Consumer,South,Telangana,Hyderabad,2,312.1,624.2,0.05,592.99,155.06
ORD-100986,2025-06-30,2025,Jun,6,CUST-0155,Priya Deshmukh,P037,Power Bank,Technology,Accessories,Small Business,North,Rajasthan,Jaipur,3,2154.3,6462.9,0.0,6462.9,655.66
ORD-101082,2025-06-30,2025,Jun,6,CUST-0070,Ananya Deshmukh,P004,Wireless Headphones,Technology,Accessories,Corporate,East,West Bengal,Kolkata,2,4540.03,9080.06,0.15,7718.05,1494.11
ORD-101970,2025-06-30,2025,Jun,6,CUST-0398,Nisha Rao,P001,Laptop Pro 14,Technology,Laptops,Small Business,North,Delhi,Delhi,1,64760.29,64760.29,0.0,64760.29,7420.39
ORD-102536,2025-06-30,2025,Jun,6,CUST-0020,Anika Deshmukh,P001,Laptop Pro 14,Technology,Laptops,Corporate,North,Uttar Pradesh,Lucknow,3,60750.56,182251.68,0.1,164026.51,24218.32
ORD-100365,2025-07-01,2025,Jul,7,CUST-0081,Aarav Sharma,P032,Air Purifier,Home Appliances,Air Care,Consumer,South,Tamil Nadu,Chennai,4,16212.36,64849.44,0.05,61606.97,10893.73
ORD-100428,2025-07-01,2025,Jul,7,CUST-0394,Meera Iyer,P004,Wireless Headphones,Technology,Accessories,Corporate,West,Maharashtra,Mumbai,2,4663.03,9326.06,0.15,7927.15,1354.64
ORD-101107,2025-07-01,2025,Jul,7,CUST-0343,Aditya Rao,P032,Air Purifier,Home Appliances,Air Care,Consumer,West,Maharashtra,Pune,4,15834.13,63336.52,0.05,60169.69,11873.83
ORD-102575,2025-07-01,2025,Jul,7,CUST-0218,Nisha Rao,P031,Microwave Oven,Home Appliances,Kitchen,Corporate,South,Tamil Nadu,Chennai,4,14027.64,56110.56,0.0,56110.56,11378.21
ORD-102621,2025-07-01,2025,Jul,7,CUST-0320,Anika Deshmukh,P037,Power Bank,Technology,Accessories,Corporate,South,Karnataka,Bengaluru,4,2044.54,8178.16,0.1,7360.34,741.62
ORD-102966,2025-07-01,2025,Jul,7,CUST-0040,Anika Deshmukh,P040,Travel Backpack Pro,Office Supplies,Bags,Corporate,South,Telangana,Hyderabad,5,4814.92,24074.6,0.1,21667.14,5307.31
ORD-100792,2025-07-02,2025,Jul,7,CUST-0238,Nisha Rao,P039,Backpack,Office Supplies,Bags,Consumer,East,Assam,Guwahati,4,2159.07,8636.28,0.0,8636.28,2589.72
ORD-102643,2025-07-02,2025,Jul,7,CUST-0100,Anika Deshmukh,P028,Coffee Maker,Home Appliances,Kitchen,Small Business,North,Uttar Pradesh,Lucknow,1,8047.19,8047.19,0.05,7644.83,1710.87
ORD-100244,2025-07-03,2025,Jul,7,CUST-0055,Priya Deshmukh,P024,Gel Pen Set,Office Supplies,Writing,Small Business,North,Delhi,Delhi,6,308.63,1851.78,0.05,1759.19,580.38
ORD-100585,2025-07-03,2025,Jul,7,CUST-0153,Aadhya Rao,P007,Wireless Mouse,Technology,Accessories,Consumer,North,Delhi,Delhi,3,1773.92,5321.76,0.0,5321.76,642.42
ORD-101259,2025-07-03,2025,Jul,7,CUST-0488,Karthik Rao,P021,Laser Printer Pro,Office Supplies,Machines,Consumer,East,Odisha,Bhubaneswar,4,30094.34,120377.36,0.05,114358.49,41149.7
ORD-101455,2025-07-03,2025,Jul,7,CUST-0480,Anika Deshmukh,P039,Backpack,Office Supplies,Bags,Consumer,North,Rajasthan,Jaipur,1,2169.23,2169.23,0.1,1952.31,479.17
ORD-101708,2025-07-03,2025,Jul,7,CUST-0367,Rahul Kumar,P007,Wireless Mouse,Technology,Accessories,Corporate,South,Tamil Nadu,Chennai,2,1864.15,3728.3,0.0,3728.3,718.29
ORD-102114,2025-07-03,2025,Jul,7,CUST-0369,Saanvi Iyer,P004,Wireless Headphones,Technology,Accessories,Consumer,East,Assam,Guwahati,3,4414.4,13243.2,0.05,12581.04,2721.44
ORD-100142,2025-07-04,2025,Jul,7,CUST-0146,Rohan Sharma,P007,Wireless Mouse,Technology,Accessories,Consumer,East,Odisha,Bhubaneswar,2,1864.26,3728.52,0.1,3355.67,405.2
ORD-100165,2025-07-04,2025,Jul,7,CUST-0486,Rohan Sharma,P014,Ergonomic Chair Pro,Furniture,Chairs,Corporate,East,West Bengal,Kolkata,1,18102.81,18102.81,0.05,17197.67,2347.92
ORD-100236,2025-07-04,2025,Jul,7,CUST-0164,Arjun Iyer,P026,Stapler Heavy Duty,Office Supplies,Accessories,Corporate,North,Uttar Pradesh,Lucknow,1,715.41,715.41,0.1,643.87,125.95
ORD-100617,2025-07-04,2025,Jul,7,CUST-0344,Arjun Iyer,P037,Power Bank,Technology,Accessories,Consumer,West,Maharashtra,Pune,3,2076.95,6230.85,0.1,5607.77,847.06
ORD-100824,2025-07-04,2025,Jul,7,CUST-0316,Kavya Sharma,P010,Tablet Air 11,Technology,Tablets,Consumer,North,Rajasthan,Jaipur,3,36845.07,110535.21,0.0,110535.21,18288.48
ORD-101718,2025-07-04,2025,Jul,7,CUST-0448,Karthik Rao,P024,Gel Pen Set,Office Supplies,Writing,Corporate,West,Maharashtra,Mumbai,6,307.69,1846.14,0.05,1753.83,615.27
ORD-101871,2025-07-04,2025,Jul,7,CUST-0300,Anika Deshmukh,P039,Backpack,Office Supplies,Bags,Corporate,West,Gujarat,Ahmedabad,4,2257.89,9031.56,0.15,7676.83,2067.78
ORD-101993,2025-07-04,2025,Jul,7,CUST-0013,Aadhya Rao,P028,Coffee Maker,Home Appliances,Kitchen,Corporate,West,Maharashtra,Mumbai,5,8831.8,44159.0,0.15,37535.15,5807.93
ORD-102216,2025-07-04,2025,Jul,7,CUST-0351,Diya Sharma,P004,Wireless Headphones,Technology,Accessories,Corporate,West,Gujarat,Ahmedabad,2,4342.36,8684.72,0.1,7816.25,1293.91
ORD-102676,2025-07-04,2025,Jul,7,CUST-0360,Anika Deshmukh,P026,Stapler Heavy Duty,Office Supplies,Accessories,Corporate,East,Assam,Guwahati,2,736.19,1472.38,0.15,1251.52,227.64
ORD-100421,2025-07-05,2025,Jul,7,CUST-0098,Nisha Rao,P001,Laptop Pro 14,Technology,Laptops,Corporate,South,Tamil Nadu,Chennai,3,61167.12,183501.36,0.1,165151.22,18846.21
ORD-101891,2025-07-06,2025,Jul,7,CUST-0161,Aarav Sharma,P035,Fitness Band,Technology,Wearables,Corporate,South,Karnataka,Bengaluru,1,4163.47,4163.47,0.05,3955.3,900.97
ORD-102265,2025-07-06,2025,Jul,7,CUST-0311,Diya Sharma,P002,Business Laptop 15,Technology,Laptops,Corporate,West,Maharashtra,Pune,1,50850.62,50850.62,0.15,43223.03,6043.87
ORD-100461,2025-07-07,2025,Jul,7,CUST-0295,Priya Deshmukh,P001,Laptop Pro 14,Technology,Laptops,Corporate,East,Assam,Guwahati,1,64353.7,64353.7,0.15,54700.64,11691.98
ORD-100704,2025-07-07,2025,Jul,7,CUST-0143,Aditya Rao,P013,Office Chair,Furniture,Chairs,Consumer,North,Rajasthan,Jaipur,1,13126.91,13126.91,0.05,12470.56,2151.21
ORD-100869,2025-07-07,2025,Jul,7,CUST-0432,Ira Kumar,P009,UltraWide Monitor 34,Technology,Monitors,Consumer,South,Karnataka,Bengaluru,1,41400.16,41400.16,0.1,37260.14,4534.1
ORD-101031,2025-07-07,2025,Jul,7,CUST-0002,Vivaan Kumar,P029,Air Fryer,Home Appliances,Kitchen,Small Business,South,Karnataka,Bengaluru,3,8705.65,26116.95,0.0,26116.95,3172.21
ORD-101181,2025-07-07,2025,Jul,7,CUST-0392,Ira Kumar,P027,Whiteboard,Office Supplies,Presentation,Consumer,North,Uttar Pradesh,Lucknow,2,4580.98,9161.96,0.0,9161.96,2148.5
ORD-101501,2025-07-07,2025,Jul,7,CUST-0418,Nisha Rao,P014,Ergonomic Chair Pro,Furniture,Chairs,Corporate,East,Odisha,Bhubaneswar,2,19277.04,38554.08,0.15,32770.97,8526.43
ORD-102327,2025-07-07,2025,Jul,7,CUST-0013,Aadhya Rao,P021,Laser Printer Pro,Office Supplies,Machines,Corporate,West,Maharashtra,Pune,4,29305.25,117221.0,0.15,99637.85,31904.66
ORD-102581,2025-07-07,2025,Jul,7,CUST-0152,Ira Kumar,P006,Mechanical Keyboard,Technology,Accessories,Consumer,West,Maharashtra,Pune,2,5326.73,10653.46,0.05,10120.79,1147.2
ORD-102791,2025-07-07,2025,Jul,7,CUST-0310,Ananya Deshmukh,P023,Premium Notebook,Office Supplies,Paper,Consumer,East,Odisha,Bhubaneswar,1,474.14,474.14,0.05,450.43,121.29
ORD-100106,2025-07-08,2025,Jul,7,CUST-0424,Arjun Iyer,P010,Tablet Air 11,Technology,Tablets,Corporate,East,Odisha,Bhubaneswar,3,35551.44,106654.32,0.1,95988.89,20048.76
ORD-100639,2025-07-08,2025,Jul,7,CUST-0202,Vivaan Kumar,P007,Wireless Mouse,Technology,Accessories,Corporate,East,Assam,Guwahati,5,1820.22,9101.1,0.05,8646.05,1749.47
ORD-101592,2025-07-08,2025,Jul,7,CUST-0025,Ishaan Deshmukh,P004,Wireless Headphones,Technology,Accessories,Consumer,West,Maharashtra,Mumbai,1,4483.12,4483.12,0.0,4483.12,1044.15
ORD-102521,2025-07-08,2025,Jul,7,CUST-0193,Aadhya Rao,P005,Noise Cancelling Headphones,Technology,Accessories,Corporate,West,Maharashtra,Mumbai,2,7483.98,14967.96,0.15,12722.77,1679.63
ORD-102634,2025-07-08,2025,Jul,7,CUST-0420,Anika Deshmukh,P019,Conference Table,Furniture,Tables,Consumer,North,Uttar Pradesh,Lucknow,3,44197.5,132592.5,0.0,132592.5,33914.14
ORD-102929,2025-07-08,2025,Jul,7,CUST-0244,Arjun Iyer,P013,Office Chair,Furniture,Chairs,Consumer,South,Telangana,Hyderabad,3,12675.91,38027.73,0.05,36126.34,9774.66
ORD-100101,2025-07-09,2025,Jul,7,CUST-0109,Saanvi Iyer,P016,Standing Desk,Furniture,Tables,Consumer,North,Rajasthan,Jaipur,1,30428.9,30428.9,0.0,30428.9,4457.17
ORD-100486,2025-07-09,2025,Jul,7,CUST-0149,Saanvi Iyer,P002,Business Laptop 15,Technology,Laptops,Corporate,West,Maharashtra,Mumbai,1,53518.62,53518.62,0.1,48166.76,6149.49
ORD-101537,2025-07-09,2025,Jul,7,CUST-0425,Ishaan Deshmukh,P021,Laser Printer Pro,Office Supplies,Machines,Consumer,South,Karnataka,Bengaluru,1,28267.34,28267.34,0.05,26853.97,8378.34
ORD-101688,2025-07-09,2025,Jul,7,CUST-0100,Anika Deshmukh,P020,Printer,Office Supplies,Machines,Corporate,West,Maharashtra,Mumbai,3,16997.93,50993.79,0.15,43344.72,12014.5
ORD-102859,2025-07-09,2025,Jul,7,CUST-0072,Ira Kumar,P030,Mixer Grinder,Home Appliances,Kitchen,Small Business,East,Odisha,Bhubaneswar,1,6951.24,6951.24,0.1,6256.12,898.0
ORD-100084,2025-07-10,2025,Jul,7,CUST-0340,Anika Deshmukh,P013,Office Chair,Furniture,Chairs,Corporate,South,Karnataka,Bengaluru,4,13248.12,52992.48,0.05,50342.86,9327.06
ORD-100467,2025-07-10,2025,Jul,7,CUST-0398,Nisha Rao,P009,UltraWide Monitor 34,Technology,Monitors,Consumer,North,Uttar Pradesh,Lucknow,2,43959.53,87919.06,0.05,83523.11,19451.14
ORD-101955,2025-07-10,2025,Jul,7,CUST-0351,Diya Sharma,P007,Wireless Mouse,Technology,Accessories,Consumer,North,Rajasthan,Jaipur,3,1901.82,5705.46,0.05,5420.19,1020.54
ORD-102877,2025-07-10,2025,Jul,7,CUST-0022,Vivaan Kumar,P008,4K Monitor 27,Technology,Monitors,Consumer,West,Maharashtra,Mumbai,2,27758.94,55517.88,0.0,55517.88,9508.35
ORD-102950,2025-07-10,2025,Jul,7,CUST-0377,Sneha Kumar,P026,Stapler Heavy Duty,Office Supplies,Accessories,Consumer,South,Karnataka,Bengaluru,3,687.73,2063.19,0.1,1856.87,429.68
ORD-100443,2025-07-11,2025,Jul,7,CUST-0179,Pooja Iyer,P022,Printer Paper Pack,Office Supplies,Paper,Corporate,East,Assam,Guwahati,3,635.81,1907.43,0.1,1716.69,489.82
ORD-101149,2025-07-11,2025,Jul,7,CUST-0162,Vivaan Kumar,P038,USB-C Hub,Technology,Accessories,Consumer,East,Odisha,Bhubaneswar,2,2508.89,5017.78,0.0,5017.78,871.32
ORD-101778,2025-07-11,2025,Jul,7,CUST-0005,Ishaan Deshmukh,P024,Gel Pen Set,Office Supplies,Writing,Consumer,North,Uttar Pradesh,Lucknow,2,302.19,604.38,0.05,574.16,200.06
ORD-102242,2025-07-11,2025,Jul,7,CUST-0388,Karthik Rao,P016,Standing Desk,Furniture,Tables,Corporate,South,Karnataka,Bengaluru,3,29338.19,88014.57,0.1,79213.11,19585.34
ORD-102532,2025-07-11,2025,Jul,7,CUST-0298,Nisha Rao,P032,Air Purifier,Home Appliances,Air Care,Corporate,North,Delhi,Delhi,1,15902.01,15902.01,0.0,15902.01,3468.2
ORD-101438,2025-07-12,2025,Jul,7,CUST-0061,Aarav Sharma,P014,Ergonomic Chair Pro,Furniture,Chairs,Small Business,West,Maharashtra,Mumbai,1,17796.59,17796.59,0.05,16906.76,2791.91
ORD-101788,2025-07-12,2025,Jul,7,CUST-0017,Sneha Kumar,P015,Executive Desk,Furniture,Tables,Consumer,East,Odisha,Bhubaneswar,6,22924.45,137546.7,0.1,123792.03,16084.58
ORD-102088,2025-07-12,2025,Jul,7,CUST-0009,Saanvi Iyer,P035,Fitness Band,Technology,Wearables,Corporate,East,West Bengal,Kolkata,8,3956.49,31651.92,0.1,28486.73,3345.82
ORD-102180,2025-07-12,2025,Jul,7,CUST-0029,Saanvi Iyer,P018,Filing Cabinet,Furniture,Storage,Consumer,South,Karnataka,Bengaluru,1,11324.06,11324.06,0.05,10757.86,2134.89
ORD-102189,2025-07-12,2025,Jul,7,CUST-0384,Arjun Iyer,P029,Air Fryer,Home Appliances,Kitchen,Consumer,North,Delhi,Delhi,1,9438.4,9438.4,0.1,8494.56,1921.1
ORD-102458,2025-07-12,2025,Jul,7,CUST-0288,Karthik Rao,P016,Standing Desk,Furniture,Tables,Consumer,East,Odisha,Bhubaneswar,4,32300.98,129203.92,0.05,122743.72,27148.32
ORD-102539,2025-07-12,2025,Jul,7,CUST-0002,Vivaan Kumar,P017,Bookshelf,Furniture,Storage,Consumer,West,Gujarat,Ahmedabad,2,9895.8,19791.6,0.0,19791.6,4690.27
ORD-101752,2025-07-13,2025,Jul,7,CUST-0072,Ira Kumar,P005,Noise Cancelling Headphones,Technology,Accessories,Consumer,West,Gujarat,Ahmedabad,2,7073.44,14146.88,0.0,14146.88,3449.59
ORD-102037,2025-07-13,2025,Jul,7,CUST-0299,Pooja Iyer,P034,Smart Watch,Technology,Wearables,Corporate,North,Delhi,Delhi,2,12564.61,25129.22,0.15,21359.84,2329.91
ORD-102090,2025-07-13,2025,Jul,7,CUST-0286,Rohan Sharma,P001,Laptop Pro 14,Technology,Laptops,Small Business,West,Maharashtra,Mumbai,2,61486.14,122972.28,0.1,110675.05,21101.06
ORD-100911,2025-07-14,2025,Jul,7,CUST-0178,Nisha Rao,P020,Printer,Office Supplies,Machines,Corporate,North,Uttar Pradesh,Lucknow,3,16858.31,50574.93,0.1,45517.44,11780.94
ORD-101868,2025-07-14,2025,Jul,7,CUST-0270,Ananya Deshmukh,P032,Air Purifier,Home Appliances,Air Care,Consumer,East,Odisha,Bhubaneswar,10,17365.26,173652.6,0.05,164969.97,19159.16
ORD-102987,2025-07-14,2025,Jul,7,CUST-0141,Aarav Sharma,P013,Office Chair,Furniture,Chairs,Consumer,East,Odisha,Bhubaneswar,2,11814.0,23628.0,0.1,21265.2,4763.26
ORD-100955,2025-07-15,2025,Jul,7,CUST-0478,Nisha Rao,P006,Mechanical Keyboard,Technology,Accessories,Corporate,West,Maharashtra,Pune,3,5121.56,15364.68,0.1,13828.21,1394.52
ORD-101125,2025-07-15,2025,Jul,7,CUST-0225,Ishaan Deshmukh,P032,Air Purifier,Home Appliances,Air Care,Consumer,East,West Bengal,Kolkata,2,15968.85,31937.7,0.1,28743.93,4840.71
ORD-101436,2025-07-15,2025,Jul,7,CUST-0074,Meera Iyer,P021,Laser Printer Pro,Office Supplies,Machines,Corporate,South,Telangana,Hyderabad,2,27792.48,55584.96,0.05,52805.71,18398.66
ORD-102361,2025-07-15,2025,Jul,7,CUST-0090,Ananya Deshmukh,P028,Coffee Maker,Home Appliances,Kitchen,Small Business,North,Rajasthan,Jaipur,2,8637.57,17275.14,0.15,14683.87,3023.88
ORD-101119,2025-07-16,2025,Jul,7,CUST-0276,Kavya Sharma,P031,Microwave Oven,Home Appliances,Kitchen,Small Business,North,Delhi,Delhi,3,13643.74,40931.22,0.0,40931.22,9196.76
ORD-101978,2025-07-16,2025,Jul,7,CUST-0259,Pooja Iyer,P012,Smartphone Plus,Technology,Phones,Corporate,North,Delhi,Delhi,6,50125.71,300754.26,0.1,270678.83,44042.3
ORD-102044,2025-07-16,2025,Jul,7,CUST-0033,Aadhya Rao,P026,Stapler Heavy Duty,Office Supplies,Accessories,Small Business,East,Odisha,Bhubaneswar,4,725.79,2903.16,0.05,2758.0,644.45
ORD-102448,2025-07-16,2025,Jul,7,CUST-0136,Kavya Sharma,P014,Ergonomic Chair Pro,Furniture,Chairs,Small Business,East,Assam,Guwahati,2,18405.03,36810.06,0.15,31288.55,5961.85
ORD-102812,2025-07-16,2025,Jul,7,CUST-0216,Kavya Sharma,P038,USB-C Hub,Technology,Accessories,Small Business,West,Gujarat,Ahmedabad,4,2604.39,10417.56,0.05,9896.68,1043.96
ORD-102726,2025-07-17,2025,Jul,7,CUST-0167,Rahul Kumar,P026,Stapler Heavy Duty,Office Supplies,Accessories,Consumer,West,Gujarat,Ahmedabad,2,683.91,1367.82,0.05,1299.43,421.76
ORD-100181,2025-07-18,2025,Jul,7,CUST-0468,Karthik Rao,P033,Robot Vacuum,Home Appliances,Cleaning,Consumer,East,Odisha,Bhubaneswar,5,27322.69,136613.45,0.05,129782.78,29726.33
ORD-101717,2025-07-18,2025,Jul,7,CUST-0254,Meera Iyer,P011,Smartphone Pro,Technology,Phones,Small Business,East,Assam,Guwahati,1,75751.77,75751.77,0.05,71964.18,16245.33
ORD-102832,2025-07-18,2025,Jul,7,CUST-0175,Priya Deshmukh,P015,Executive Desk,Furniture,Tables,Small Business,West,Maharashtra,Mumbai,1,23408.67,23408.67,0.05,22238.24,5617.93
ORD-100117,2025-07-19,2025,Jul,7,CUST-0383,Aditya Rao,P035,Fitness Band,Technology,Wearables,Small Business,East,West Bengal,Kolkata,8,4428.31,35426.48,0.0,35426.48,4274.88
ORD-102258,2025-07-19,2025,Jul,7,CUST-0287,Rahul Kumar,P021,Laser Printer Pro,Office Supplies,Machines,Corporate,South,Telangana,Hyderabad,8,29841.42,238731.36,0.05,226794.79,80850.9
ORD-100519,2025-07-20,2025,Jul,7,CUST-0281,Aarav Sharma,P021,Laser Printer Pro,Office Supplies,Machines,Consumer,North,Uttar Pradesh,Lucknow,5,28607.48,143037.4,0.05,135885.53,36937.75
ORD-102225,2025-07-20,2025,Jul,7,CUST-0111,Diya Sharma,P025,Desk Organizer,Office Supplies,Accessories,Consumer,East,West Bengal,Kolkata,4,843.04,3372.16,0.1,3034.94,651.94
ORD-102616,2025-07-20,2025,Jul,7,CUST-0100,Anika Deshmukh,P020,Printer,Office Supplies,Machines,Corporate,East,Odisha,Bhubaneswar,3,15811.82,47435.46,0.1,42691.91,8554.02
ORD-101083,2025-07-21,2025,Jul,7,CUST-0487,Rahul Kumar,P034,Smart Watch,Technology,Wearables,Consumer,North,Rajasthan,Jaipur,2,12337.27,24674.54,0.05,23440.81,3161.62
ORD-101525,2025-07-21,2025,Jul,7,CUST-0200,Anika Deshmukh,P013,Office Chair,Furniture,Chairs,Consumer,East,West Bengal,Kolkata,1,11786.62,11786.62,0.0,11786.62,3030.84
ORD-101844,2025-07-21,2025,Jul,7,CUST-0417,Sneha Kumar,P006,Mechanical Keyboard,Technology,Accessories,Consumer,West,Gujarat,Ahmedabad,3,5404.26,16212.78,0.0,16212.78,3834.55
ORD-101895,2025-07-21,2025,Jul,7,CUST-0305,Ishaan Deshmukh,P023,Premium Notebook,Office Supplies,Paper,Consumer,South,Karnataka,Bengaluru,2,462.9,925.8,0.0,925.8,284.69
ORD-102464,2025-07-21,2025,Jul,7,CUST-0271,Diya Sharma,P015,Executive Desk,Furniture,Tables,Corporate,South,Tamil Nadu,Chennai,4,25344.1,101376.4,0.1,91238.76,15519.27
ORD-102476,2025-07-21,2025,Jul,7,CUST-0402,Vivaan Kumar,P019,Conference Table,Furniture,Tables,Consumer,North,Rajasthan,Jaipur,4,43085.33,172341.32,0.15,146490.12,39571.24
ORD-102522,2025-07-21,2025,Jul,7,CUST-0080,Anika Deshmukh,P031,Microwave Oven,Home Appliances,Kitchen,Small Business,North,Delhi,Delhi,2,15238.57,30477.14,0.0,30477.14,6033.56
ORD-100102,2025-07-22,2025,Jul,7,CUST-0330,Ananya Deshmukh,P027,Whiteboard,Office Supplies,Presentation,Corporate,North,Uttar Pradesh,Lucknow,2,5024.65,10049.3,0.1,9044.37,1833.16
ORD-100331,2025-07-22,2025,Jul,7,CUST-0419,Pooja Iyer,P006,Mechanical Keyboard,Technology,Accessories,Corporate,South,Telangana,Hyderabad,1,4989.84,4989.84,0.1,4490.86,697.04
ORD-100378,2025-07-22,2025,Jul,7,CUST-0150,Ananya Deshmukh,P002,Business Laptop 15,Technology,Laptops,Corporate,East,Assam,Guwahati,2,50891.29,101782.58,0.05,96693.45,11387.86
ORD-100405,2025-07-22,2025,Jul,7,CUST-0009,Saanvi Iyer,P039,Backpack,Office Supplies,Bags,Corporate,South,Telangana,Hyderabad,5,2307.4,11537.0,0.1,10383.3,3010.87
ORD-102626,2025-07-22,2025,Jul,7,CUST-0492,Ira Kumar,P029,Air Fryer,Home Appliances,Kitchen,Corporate,South,Telangana,Hyderabad,1,8995.37,8995.37,0.2,7196.3,1381.16
ORD-100682,2025-07-23,2025,Jul,7,CUST-0292,Ira Kumar,P011,Smartphone Pro,Technology,Phones,Corporate,East,Odisha,Bhubaneswar,1,71774.79,71774.79,0.05,68186.05,7460.54
ORD-100887,2025-07-23,2025,Jul,7,CUST-0177,Sneha Kumar,P038,USB-C Hub,Technology,Accessories,Corporate,East,West Bengal,Kolkata,2,2584.73,5169.46,0.0,5169.46,1208.91
ORD-100960,2025-07-23,2025,Jul,7,CUST-0323,Aditya Rao,P023,Premium Notebook,Office Supplies,Paper,Corporate,West,Maharashtra,Pune,2,456.8,913.6,0.1,822.24,273.29
ORD-101192,2025-07-23,2025,Jul,7,CUST-0424,Arjun Iyer,P012,Smartphone Plus,Technology,Phones,Consumer,South,Telangana,Hyderabad,1,50412.65,50412.65,0.1,45371.39,8791.46
ORD-101693,2025-07-23,2025,Jul,7,CUST-0468,Karthik Rao,P004,Wireless Headphones,Technology,Accessories,Small Business,West,Maharashtra,Pune,4,4766.9,19067.6,0.05,18114.22,4378.8
ORD-101714,2025-07-23,2025,Jul,7,CUST-0495,Priya Deshmukh,P018,Filing Cabinet,Furniture,Storage,Corporate,East,Odisha,Bhubaneswar,4,11193.21,44772.84,0.05,42534.2,9356.35
ORD-100017,2025-07-24,2025,Jul,7,CUST-0054,Meera Iyer,P037,Power Bank,Technology,Accessories,Consumer,East,Assam,Guwahati,3,2067.47,6202.41,0.1,5582.17,1234.99
ORD-100147,2025-07-24,2025,Jul,7,CUST-0160,Anika Deshmukh,P019,Conference Table,Furniture,Tables,Consumer,South,Tamil Nadu,Chennai,3,41260.82,123782.46,0.1,111404.21,28200.77
ORD-100471,2025-07-24,2025,Jul,7,CUST-0407,Rahul Kumar,P034,Smart Watch,Technology,Wearables,Small Business,South,Telangana,Hyderabad,2,12892.92,25785.84,0.0,25785.84,3766.22
ORD-101487,2025-07-24,2025,Jul,7,CUST-0199,Pooja Iyer,P038,USB-C Hub,Technology,Accessories,Consumer,West,Maharashtra,Pune,2,2571.34,5142.68,0.0,5142.68,1024.0
ORD-102198,2025-07-24,2025,Jul,7,CUST-0043,Aditya Rao,P025,Desk Organizer,Office Supplies,Accessories,Small Business,West,Gujarat,Ahmedabad,1,882.04,882.04,0.0,882.04,235.31
ORD-102323,2025-07-24,2025,Jul,7,CUST-0461,Aarav Sharma,P029,Air Fryer,Home Appliances,Kitchen,Corporate,North,Delhi,Delhi,1,9540.75,9540.75,0.05,9063.71,2123.7
ORD-102814,2025-07-24,2025,Jul,7,CUST-0303,Aditya Rao,P039,Backpack,Office Supplies,Bags,Consumer,South,Karnataka,Bengaluru,6,2309.47,13856.82,0.05,13163.98,4265.19
ORD-100760,2025-07-25,2025,Jul,7,CUST-0384,Arjun Iyer,P006,Mechanical Keyboard,Technology,Accessories,Small Business,East,Odisha,Bhubaneswar,3,5304.85,15914.55,0.15,13527.37,2125.32
ORD-101004,2025-07-25,2025,Jul,7,CUST-0027,Rahul Kumar,P012,Smartphone Plus,Technology,Phones,Small Business,West,Gujarat,Ahmedabad,1,48771.15,48771.15,0.15,41455.48,10218.8
ORD-101122,2025-07-25,2025,Jul,7,CUST-0149,Saanvi Iyer,P031,Microwave Oven,Home Appliances,Kitchen,Small Business,South,Karnataka,Bengaluru,1,13896.13,13896.13,0.15,11811.71,1603.1
ORD-101568,2025-07-25,2025,Jul,7,CUST-0424,Arjun Iyer,P025,Desk Organizer,Office Supplies,Accessories,Corporate,South,Tamil Nadu,Chennai,2,833.72,1667.44,0.05,1584.07,367.81
ORD-102822,2025-07-25,2025,Jul,7,CUST-0180,Anika Deshmukh,P024,Gel Pen Set,Office Supplies,Writing,Consumer,North,Rajasthan,Jaipur,1,331.1,331.1,0.05,314.55,109.36
ORD-102930,2025-07-25,2025,Jul,7,CUST-0058,Nisha Rao,P035,Fitness Band,Technology,Wearables,Consumer,West,Gujarat,Ahmedabad,2,4267.01,8534.02,0.0,8534.02,1131.64
ORD-101682,2025-07-26,2025,Jul,7,CUST-0025,Ishaan Deshmukh,P017,Bookshelf,Furniture,Storage,Consumer,South,Tamil Nadu,Chennai,4,9333.68,37334.72,0.05,35467.98,5775.38
ORD-102660,2025-07-26,2025,Jul,7,CUST-0256,Kavya Sharma,P025,Desk Organizer,Office Supplies,Accessories,Consumer,North,Delhi,Delhi,4,865.3,3461.2,0.05,3288.14,849.55
ORD-100614,2025-07-27,2025,Jul,7,CUST-0086,Rohan Sharma,P008,4K Monitor 27,Technology,Monitors,Consumer,South,Tamil Nadu,Chennai,1,28410.29,28410.29,0.0,28410.29,4004.17
ORD-100716,2025-07-27,2025,Jul,7,CUST-0369,Saanvi Iyer,P022,Printer Paper Pack,Office Supplies,Paper,Corporate,South,Karnataka,Bengaluru,2,623.75,1247.5,0.05,1185.12,387.84
ORD-100763,2025-07-27,2025,Jul,7,CUST-0305,Ishaan Deshmukh,P006,Mechanical Keyboard,Technology,Accessories,Consumer,North,Uttar Pradesh,Lucknow,1,4937.93,4937.93,0.1,4444.14,940.81
ORD-100936,2025-07-27,2025,Jul,7,CUST-0494,Meera Iyer,P005,Noise Cancelling Headphones,Technology,Accessories,Consumer,West,Gujarat,Ahmedabad,5,6889.27,34446.35,0.05,32724.03,5268.42
ORD-101857,2025-07-27,2025,Jul,7,CUST-0465,Ishaan Deshmukh,P008,4K Monitor 27,Technology,Monitors,Corporate,North,Rajasthan,Jaipur,5,30067.37,150336.85,0.1,135303.17,27668.24
ORD-102272,2025-07-27,2025,Jul,7,CUST-0207,Rahul Kumar,P016,Standing Desk,Furniture,Tables,Corporate,West,Maharashtra,Mumbai,1,32080.4,32080.4,0.15,27268.34,4202.21
ORD-102775,2025-07-27,2025,Jul,7,CUST-0343,Aditya Rao,P025,Desk Organizer,Office Supplies,Accessories,Consumer,East,West Bengal,Kolkata,2,837.54,1675.08,0.1,1507.57,456.49
ORD-100816,2025-07-28,2025,Jul,7,CUST-0468,Karthik Rao,P017,Bookshelf,Furniture,Storage,Consumer,West,Maharashtra,Mumbai,2,9262.73,18525.46,0.0,18525.46,4984.09
ORD-101089,2025-07-28,2025,Jul,7,CUST-0011,Diya Sharma,P040,Travel Backpack Pro,Office Supplies,Bags,Corporate,East,Odisha,Bhubaneswar,2,4725.48,9450.96,0.1,8505.86,2044.03
ORD-101399,2025-07-28,2025,Jul,7,CUST-0217,Sneha Kumar,P039,Backpack,Office Supplies,Bags,Consumer,East,Odisha,Bhubaneswar,2,2251.64,4503.28,0.0,4503.28,1089.96
ORD-101513,2025-07-28,2025,Jul,7,CUST-0325,Ishaan Deshmukh,P007,Wireless Mouse,Technology,Accessories,Corporate,West,Gujarat,Ahmedabad,2,1746.37,3492.74,0.05,3318.1,683.27
ORD-101614,2025-07-28,2025,Jul,7,CUST-0006,Rohan Sharma,P030,Mixer Grinder,Home Appliances,Kitchen,Consumer,East,West Bengal,Kolkata,3,7091.61,21274.83,0.0,21274.83,3413.71
ORD-101624,2025-07-28,2025,Jul,7,CUST-0465,Ishaan Deshmukh,P020,Printer,Office Supplies,Machines,Consumer,East,Odisha,Bhubaneswar,2,16189.59,32379.18,0.15,27522.3,8378.55
ORD-102022,2025-07-28,2025,Jul,7,CUST-0225,Ishaan Deshmukh,P023,Premium Notebook,Office Supplies,Paper,Consumer,South,Karnataka,Bengaluru,2,456.73,913.46,0.1,822.11,180.18
ORD-100139,2025-07-29,2025,Jul,7,CUST-0162,Vivaan Kumar,P021,Laser Printer Pro,Office Supplies,Machines,Corporate,North,Uttar Pradesh,Lucknow,2,27625.18,55250.36,0.15,46962.81,16263.1
ORD-100265,2025-07-29,2025,Jul,7,CUST-0326,Rohan Sharma,P004,Wireless Headphones,Technology,Accessories,Consumer,West,Maharashtra,Pune,2,4442.8,8885.6,0.1,7997.04,1252.94
ORD-100280,2025-07-29,2025,Jul,7,CUST-0176,Kavya Sharma,P020,Printer,Office Supplies,Machines,Corporate,East,Assam,Guwahati,2,17042.4,34084.8,0.15,28972.08,9617.83
ORD-102307,2025-07-29,2025,Jul,7,CUST-0415,Priya Deshmukh,P037,Power Bank,Technology,Accessories,Corporate,West,Maharashtra,Mumbai,1,2117.22,2117.22,0.1,1905.5,256.02
ORD-102632,2025-07-29,2025,Jul,7,CUST-0137,Sneha Kumar,P001,Laptop Pro 14,Technology,Laptops,Consumer,North,Rajasthan,Jaipur,2,60469.04,120938.08,0.0,120938.08,15229.38
ORD-100168,2025-07-30,2025,Jul,7,CUST-0185,Ishaan Deshmukh,P013,Office Chair,Furniture,Chairs,Consumer,West,Maharashtra,Mumbai,1,11999.09,11999.09,0.1,10799.18,1968.21
ORD-101190,2025-07-30,2025,Jul,7,CUST-0284,Arjun Iyer,P024,Gel Pen Set,Office Supplies,Writing,Consumer,South,Telangana,Hyderabad,2,327.92,655.84,0.05,623.05,153.49
ORD-101367,2025-07-30,2025,Jul,7,CUST-0093,Aadhya Rao,P035,Fitness Band,Technology,Wearables,Corporate,South,Tamil Nadu,Chennai,1,4101.83,4101.83,0.15,3486.56,791.1
ORD-102768,2025-07-30,2025,Jul,7,CUST-0393,Aadhya Rao,P003,Gaming Laptop X,Technology,Laptops,Consumer,East,West Bengal,Kolkata,4,84423.93,337695.72,0.05,320810.93,47372.66
ORD-100718,2025-07-31,2025,Jul,7,CUST-0229,Saanvi Iyer,P014,Ergonomic Chair Pro,Furniture,Chairs,Consumer,South,Karnataka,Bengaluru,2,19133.69,38267.38,0.0,38267.38,10301.41
ORD-101521,2025-07-31,2025,Jul,7,CUST-0161,Aarav Sharma,P011,Smartphone Pro,Technology,Phones,Consumer,North,Rajasthan,Jaipur,2,67901.62,135803.24,0.1,122222.92,16914.31
ORD-101820,2025-07-31,2025,Jul,7,CUST-0175,Priya Deshmukh,P013,Office Chair,Furniture,Chairs,Consumer,North,Uttar Pradesh,Lucknow,2,12235.17,24470.34,0.05,23246.82,3963.24
ORD-102136,2025-07-31,2025,Jul,7,CUST-0280,Anika Deshmukh,P017,Bookshelf,Furniture,Storage,Small Business,North,Uttar Pradesh,Lucknow,5,10082.2,50411.0,0.1,45369.9,8519.58
ORD-100774,2025-08-01,2025,Aug,8,CUST-0443,Aditya Rao,P008,4K Monitor 27,Technology,Monitors,Consumer,West,Gujarat,Ahmedabad,2,27715.92,55431.84,0.05,52660.25,8917.56
ORD-100805,2025-08-01,2025,Aug,8,CUST-0460,Anika Deshmukh,P002,Business Laptop 15,Technology,Laptops,Consumer,West,Gujarat,Ahmedabad,4,54152.06,216608.24,0.05,205777.83,31619.77
ORD-101226,2025-08-01,2025,Aug,8,CUST-0394,Meera Iyer,P015,Executive Desk,Furniture,Tables,Consumer,East,West Bengal,Kolkata,4,24279.82,97119.28,0.1,87407.35,12110.64
ORD-101727,2025-08-01,2025,Aug,8,CUST-0347,Rahul Kumar,P036,Bluetooth Speaker,Technology,Audio,Corporate,East,West Bengal,Kolkata,1,5582.62,5582.62,0.1,5024.36,796.35
ORD-101772,2025-08-01,2025,Aug,8,CUST-0312,Ira Kumar,P025,Desk Organizer,Office Supplies,Accessories,Corporate,East,Assam,Guwahati,5,825.01,4125.05,0.0,4125.05,1121.17
ORD-102083,2025-08-02,2025,Aug,8,CUST-0304,Arjun Iyer,P008,4K Monitor 27,Technology,Monitors,Corporate,South,Tamil Nadu,Chennai,4,30098.96,120395.84,0.1,108356.26,25533.83
ORD-100369,2025-08-03,2025,Aug,8,CUST-0500,Anika Deshmukh,P019,Conference Table,Furniture,Tables,Corporate,North,Rajasthan,Jaipur,1,40713.62,40713.62,0.05,38677.94,9165.31
ORD-101463,2025-08-03,2025,Aug,8,CUST-0060,Anika Deshmukh,P032,Air Purifier,Home Appliances,Air Care,Consumer,North,Rajasthan,Jaipur,5,16629.82,83149.1,0.1,74834.19,14750.93
ORD-102489,2025-08-03,2025,Aug,8,CUST-0278,Nisha Rao,P027,Whiteboard,Office Supplies,Presentation,Consumer,East,Odisha,Bhubaneswar,1,4758.98,4758.98,0.05,4521.03,999.33
ORD-102119,2025-08-04,2025,Aug,8,CUST-0432,Ira Kumar,P032,Air Purifier,Home Appliances,Air Care,Consumer,East,Assam,Guwahati,1,16768.65,16768.65,0.05,15930.22,1913.74
ORD-102239,2025-08-04,2025,Aug,8,CUST-0277,Sneha Kumar,P028,Coffee Maker,Home Appliances,Kitchen,Corporate,North,Delhi,Delhi,3,8270.25,24810.75,0.15,21089.14,2678.68
ORD-102926,2025-08-04,2025,Aug,8,CUST-0438,Nisha Rao,P008,4K Monitor 27,Technology,Monitors,Corporate,South,Telangana,Hyderabad,2,30112.53,60225.06,0.15,51191.3,5719.5
ORD-102959,2025-08-04,2025,Aug,8,CUST-0139,Pooja Iyer,P007,Wireless Mouse,Technology,Accessories,Consumer,East,Odisha,Bhubaneswar,6,1855.62,11133.72,0.05,10577.03,2420.45
ORD-100262,2025-08-05,2025,Aug,8,CUST-0013,Aadhya Rao,P020,Printer,Office Supplies,Machines,Small Business,East,Odisha,Bhubaneswar,2,17396.89,34793.78,0.1,31314.4,6289.87
ORD-101457,2025-08-05,2025,Aug,8,CUST-0110,Ananya Deshmukh,P007,Wireless Mouse,Technology,Accessories,Corporate,East,Odisha,Bhubaneswar,3,1720.52,5161.56,0.1,4645.4,1122.48
ORD-101874,2025-08-05,2025,Aug,8,CUST-0173,Aadhya Rao,P007,Wireless Mouse,Technology,Accessories,Corporate,West,Gujarat,Ahmedabad,3,1893.62,5680.86,0.1,5112.77,535.08
ORD-102599,2025-08-05,2025,Aug,8,CUST-0387,Rahul Kumar,P007,Wireless Mouse,Technology,Accessories,Corporate,North,Rajasthan,Jaipur,3,1749.48,5248.44,0.15,4461.17,820.35
ORD-100419,2025-08-06,2025,Aug,8,CUST-0021,Aarav Sharma,P034,Smart Watch,Technology,Wearables,Consumer,North,Uttar Pradesh,Lucknow,2,13155.52,26311.04,0.0,26311.04,4570.94
ORD-100479,2025-08-06,2025,Aug,8,CUST-0281,Aarav Sharma,P035,Fitness Band,Technology,Wearables,Corporate,South,Tamil Nadu,Chennai,1,4001.62,4001.62,0.2,3201.3,607.7
ORD-100818,2025-08-06,2025,Aug,8,CUST-0485,Ishaan Deshmukh,P027,Whiteboard,Office Supplies,Presentation,Small Business,West,Maharashtra,Pune,2,4737.91,9475.82,0.05,9002.03,2309.9
ORD-101566,2025-08-06,2025,Aug,8,CUST-0360,Anika Deshmukh,P038,USB-C Hub,Technology,Accessories,Consumer,West,Maharashtra,Pune,3,2624.28,7872.84,0.05,7479.2,1464.5
ORD-101601,2025-08-06,2025,Aug,8,CUST-0035,Priya Deshmukh,P032,Air Purifier,Home Appliances,Air Care,Consumer,North,Delhi,Delhi,1,16899.91,16899.91,0.05,16054.91,2564.41
ORD-101744,2025-08-06,2025,Aug,8,CUST-0499,Pooja Iyer,P004,Wireless Headphones,Technology,Accessories,Small Business,South,Telangana,Hyderabad,3,4741.59,14224.77,0.05,13513.53,2625.77
ORD-102254,2025-08-06,2025,Aug,8,CUST-0402,Vivaan Kumar,P003,Gaming Laptop X,Technology,Laptops,Small Business,East,Odisha,Bhubaneswar,3,85074.17,255222.51,0.15,216939.13,52273.68
ORD-102363,2025-08-06,2025,Aug,8,CUST-0390,Ananya Deshmukh,P014,Ergonomic Chair Pro,Furniture,Chairs,Consumer,West,Gujarat,Ahmedabad,1,18785.83,18785.83,0.05,17846.54,4805.88
ORD-102436,2025-08-06,2025,Aug,8,CUST-0321,Aarav Sharma,P030,Mixer Grinder,Home Appliances,Kitchen,Corporate,North,Delhi,Delhi,3,6614.04,19842.12,0.1,17857.91,2535.96
ORD-102587,2025-08-06,2025,Aug,8,CUST-0382,Vivaan Kumar,P025,Desk Organizer,Office Supplies,Accessories,Consumer,South,Tamil Nadu,Chennai,1,801.98,801.98,0.0,801.98,192.93
ORD-102687,2025-08-06,2025,Aug,8,CUST-0415,Priya Deshmukh,P004,Wireless Headphones,Technology,Accessories,Corporate,East,Odisha,Bhubaneswar,2,4413.55,8827.1,0.15,7503.03,1494.09
ORD-101696,2025-08-07,2025,Aug,8,CUST-0281,Aarav Sharma,P037,Power Bank,Technology,Accessories,Corporate,South,Karnataka,Bengaluru,1,2049.04,2049.04,0.1,1844.14,296.56
ORD-101927,2025-08-07,2025,Aug,8,CUST-0339,Pooja Iyer,P007,Wireless Mouse,Technology,Accessories,Consumer,West,Maharashtra,Pune,1,1857.39,1857.39,0.1,1671.65,388.75
ORD-101949,2025-08-07,2025,Aug,8,CUST-0300,Anika Deshmukh,P004,Wireless Headphones,Technology,Accessories,Corporate,East,West Bengal,Kolkata,1,4290.19,4290.19,0.2,3432.15,514.26
ORD-102202,2025-08-07,2025,Aug,8,CUST-0440,Anika Deshmukh,P019,Conference Table,Furniture,Tables,Consumer,South,Tamil Nadu,Chennai,3,43309.84,129929.52,0.15,110440.09,28141.38
ORD-102230,2025-08-07,2025,Aug,8,CUST-0471,Diya Sharma,P033,Robot Vacuum,Home Appliances,Cleaning,Small Business,West,Gujarat,Ahmedabad,4,27883.17,111532.68,0.0,111532.68,25685.27
ORD-102673,2025-08-07,2025,Aug,8,CUST-0359,Pooja Iyer,P024,Gel Pen Set,Office Supplies,Writing,Consumer,South,Karnataka,Bengaluru,8,322.24,2577.92,0.15,2191.23,459.17
ORD-100470,2025-08-08,2025,Aug,8,CUST-0256,Kavya Sharma,P020,Printer,Office Supplies,Machines,Corporate,North,Rajasthan,Jaipur,2,17300.92,34601.84,0.05,32871.75,11676.14
ORD-100547,2025-08-08,2025,Aug,8,CUST-0011,Diya Sharma,P020,Printer,Office Supplies,Machines,Corporate,South,Telangana,Hyderabad,4,16283.16,65132.64,0.1,58619.38,10904.79
ORD-100575,2025-08-08,2025,Aug,8,CUST-0475,Priya Deshmukh,P030,Mixer Grinder,Home Appliances,Kitchen,Corporate,West,Gujarat,Ahmedabad,5,6541.25,32706.25,0.0,32706.25,6386.68
ORD-101705,2025-08-08,2025,Aug,8,CUST-0097,Sneha Kumar,P011,Smartphone Pro,Technology,Phones,Corporate,North,Rajasthan,Jaipur,3,74924.65,224773.95,0.15,191057.86,23692.88
ORD-101969,2025-08-08,2025,Aug,8,CUST-0030,Ananya Deshmukh,P026,Stapler Heavy Duty,Office Supplies,Accessories,Consumer,North,Rajasthan,Jaipur,3,740.06,2220.18,0.05,2109.17,381.79
ORD-102007,2025-08-08,2025,Aug,8,CUST-0415,Priya Deshmukh,P006,Mechanical Keyboard,Technology,Accessories,Consumer,West,Maharashtra,Pune,2,5088.01,10176.02,0.05,9667.22,1275.21
ORD-102528,2025-08-08,2025,Aug,8,CUST-0386,Rohan Sharma,P016,Standing Desk,Furniture,Tables,Small Business,East,West Bengal,Kolkata,2,30840.59,61681.18,0.1,55513.06,12146.45
ORD-102607,2025-08-08,2025,Aug,8,CUST-0300,Anika Deshmukh,P006,Mechanical Keyboard,Technology,Accessories,Consumer,South,Karnataka,Bengaluru,2,4911.77,9823.54,0.15,8350.01,1211.24
ORD-101276,2025-08-09,2025,Aug,8,CUST-0491,Diya Sharma,P007,Wireless Mouse,Technology,Accessories,Small Business,West,Maharashtra,Pune,2,1806.06,3612.12,0.15,3070.3,475.78
ORD-102082,2025-08-09,2025,Aug,8,CUST-0163,Aditya Rao,P007,Wireless Mouse,Technology,Accessories,Corporate,North,Rajasthan,Jaipur,4,1876.63,7506.52,0.05,7131.19,749.4
ORD-100909,2025-08-10,2025,Aug,8,CUST-0498,Nisha Rao,P014,Ergonomic Chair Pro,Furniture,Chairs,Consumer,North,Delhi,Delhi,1,18137.98,18137.98,0.0,18137.98,3128.67
ORD-101536,2025-08-10,2025,Aug,8,CUST-0453,Aadhya Rao,P027,Whiteboard,Office Supplies,Presentation,Consumer,South,Karnataka,Bengaluru,1,5065.58,5065.58,0.1,4559.02,1307.25
ORD-101564,2025-08-10,2025,Aug,8,CUST-0452,Ira Kumar,P038,USB-C Hub,Technology,Accessories,Consumer,South,Karnataka,Bengaluru,3,2679.43,8038.29,0.0,8038.29,1072.41
ORD-101663,2025-08-10,2025,Aug,8,CUST-0024,Arjun Iyer,P027,Whiteboard,Office Supplies,Presentation,Small Business,East,Assam,Guwahati,3,4514.56,13543.68,0.05,12866.5,2913.41
ORD-101881,2025-08-10,2025,Aug,8,CUST-0254,Meera Iyer,P007,Wireless Mouse,Technology,Accessories,Corporate,East,Assam,Guwahati,3,1872.89,5618.67,0.1,5056.8,1198.79
ORD-102496,2025-08-10,2025,Aug,8,CUST-0055,Priya Deshmukh,P004,Wireless Headphones,Technology,Accessories,Corporate,South,Telangana,Hyderabad,2,4390.31,8780.62,0.05,8341.59,1115.28
ORD-102675,2025-08-10,2025,Aug,8,CUST-0026,Rohan Sharma,P033,Robot Vacuum,Home Appliances,Cleaning,Consumer,East,Odisha,Bhubaneswar,2,27054.33,54108.66,0.15,45992.36,6942.59
ORD-102710,2025-08-10,2025,Aug,8,CUST-0058,Nisha Rao,P032,Air Purifier,Home Appliances,Air Care,Consumer,West,Maharashtra,Mumbai,2,17304.26,34608.52,0.0,34608.52,5084.79
ORD-100645,2025-08-11,2025,Aug,8,CUST-0217,Sneha Kumar,P010,Tablet Air 11,Technology,Tablets,Corporate,North,Delhi,Delhi,2,36235.09,72470.18,0.05,68846.67,13911.48
ORD-100677,2025-08-11,2025,Aug,8,CUST-0086,Rohan Sharma,P024,Gel Pen Set,Office Supplies,Writing,Small Business,East,West Bengal,Kolkata,1,336.37,336.37,0.1,302.73,96.27
ORD-101289,2025-08-11,2025,Aug,8,CUST-0033,Aadhya Rao,P004,Wireless Headphones,Technology,Accessories,Consumer,South,Tamil Nadu,Chennai,2,4298.64,8597.28,0.1,7737.55,1846.35
ORD-102076,2025-08-11,2025,Aug,8,CUST-0500,Anika Deshmukh,P022,Printer Paper Pack,Office Supplies,Paper,Consumer,South,Telangana,Hyderabad,1,651.58,651.58,0.0,651.58,183.47
ORD-102140,2025-08-11,2025,Aug,8,CUST-0020,Anika Deshmukh,P030,Mixer Grinder,Home Appliances,Kitchen,Corporate,East,Odisha,Bhubaneswar,2,6396.74,12793.48,0.1,11514.13,1700.21
ORD-100197,2025-08-12,2025,Aug,8,CUST-0066,Rohan Sharma,P008,4K Monitor 27,Technology,Monitors,Corporate,West,Maharashtra,Pune,5,27722.25,138611.25,0.05,131680.69,32052.0
ORD-100345,2025-08-12,2025,Aug,8,CUST-0439,Pooja Iyer,P039,Backpack,Office Supplies,Bags,Small Business,West,Maharashtra,Pune,3,2179.54,6538.62,0.1,5884.76,1422.16
ORD-100901,2025-08-12,2025,Aug,8,CUST-0188,Karthik Rao,P013,Office Chair,Furniture,Chairs,Corporate,South,Telangana,Hyderabad,3,12583.28,37749.84,0.15,32087.36,4826.15
ORD-101567,2025-08-12,2025,Aug,8,CUST-0005,Ishaan Deshmukh,P024,Gel Pen Set,Office Supplies,Writing,Corporate,North,Rajasthan,Jaipur,1,328.3,328.3,0.1,295.47,87.88
ORD-100873,2025-08-13,2025,Aug,8,CUST-0411,Diya Sharma,P023,Premium Notebook,Office Supplies,Paper,Consumer,North,Rajasthan,Jaipur,2,436.89,873.78,0.0,873.78,309.33
ORD-100991,2025-08-13,2025,Aug,8,CUST-0002,Vivaan Kumar,P008,4K Monitor 27,Technology,Monitors,Corporate,South,Telangana,Hyderabad,3,27396.48,82189.44,0.15,69861.02,10690.22
ORD-101672,2025-08-13,2025,Aug,8,CUST-0054,Meera Iyer,P024,Gel Pen Set,Office Supplies,Writing,Consumer,South,Tamil Nadu,Chennai,2,338.41,676.82,0.0,676.82,178.96
ORD-101992,2025-08-13,2025,Aug,8,CUST-0408,Karthik Rao,P004,Wireless Headphones,Technology,Accessories,Corporate,East,Odisha,Bhubaneswar,2,4535.63,9071.26,0.15,7710.57,1470.81
ORD-102519,2025-08-13,2025,Aug,8,CUST-0098,Nisha Rao,P038,USB-C Hub,Technology,Accessories,Corporate,South,Telangana,Hyderabad,2,2716.45,5432.9,0.1,4889.61,928.9
ORD-100263,2025-08-14,2025,Aug,8,CUST-0443,Aditya Rao,P019,Conference Table,Furniture,Tables,Consumer,West,Maharashtra,Mumbai,3,39718.76,119156.28,0.0,119156.28,16963.8
ORD-101171,2025-08-14,2025,Aug,8,CUST-0157,Sneha Kumar,P034,Smart Watch,Technology,Wearables,Corporate,North,Delhi,Delhi,5,12326.29,61631.45,0.1,55468.31,10872.22
ORD-101523,2025-08-14,2025,Aug,8,CUST-0011,Diya Sharma,P008,4K Monitor 27,Technology,Monitors,Small Business,North,Delhi,Delhi,1,28475.18,28475.18,0.05,27051.42,5353.79
ORD-102286,2025-08-14,2025,Aug,8,CUST-0463,Aditya Rao,P001,Laptop Pro 14,Technology,Laptops,Corporate,East,Odisha,Bhubaneswar,2,64519.5,129039.0,0.0,129039.0,23572.35
ORD-102560,2025-08-14,2025,Aug,8,CUST-0417,Sneha Kumar,P039,Backpack,Office Supplies,Bags,Consumer,East,Odisha,Bhubaneswar,3,2130.61,6391.83,0.05,6072.24,1774.11
ORD-102678,2025-08-14,2025,Aug,8,CUST-0433,Aadhya Rao,P006,Mechanical Keyboard,Technology,Accessories,Small Business,West,Maharashtra,Pune,2,5487.58,10975.16,0.1,9877.64,2108.11
ORD-102787,2025-08-14,2025,Aug,8,CUST-0327,Rahul Kumar,P007,Wireless Mouse,Technology,Accessories,Corporate,East,Assam,Guwahati,1,1865.96,1865.96,0.1,1679.36,407.16
ORD-100499,2025-08-15,2025,Aug,8,CUST-0246,Rohan Sharma,P027,Whiteboard,Office Supplies,Presentation,Corporate,North,Rajasthan,Jaipur,8,4560.95,36487.6,0.15,31014.46,10791.06
ORD-100683,2025-08-15,2025,Aug,8,CUST-0002,Vivaan Kumar,P013,Office Chair,Furniture,Chairs,Consumer,North,Delhi,Delhi,2,13236.8,26473.6,0.1,23826.24,3338.16
ORD-101355,2025-08-15,2025,Aug,8,CUST-0461,Aarav Sharma,P004,Wireless Headphones,Technology,Accessories,Corporate,West,Gujarat,Ahmedabad,4,4581.75,18327.0,0.15,15577.95,2542.12
ORD-102143,2025-08-15,2025,Aug,8,CUST-0128,Karthik Rao,P006,Mechanical Keyboard,Technology,Accessories,Small Business,South,Karnataka,Bengaluru,5,5413.05,27065.25,0.05,25711.99,5613.56
ORD-100477,2025-08-16,2025,Aug,8,CUST-0329,Saanvi Iyer,P013,Office Chair,Furniture,Chairs,Small Business,North,Delhi,Delhi,3,12791.8,38375.4,0.05,36456.63,5306.56
ORD-100513,2025-08-16,2025,Aug,8,CUST-0359,Pooja Iyer,P036,Bluetooth Speaker,Technology,Audio,Consumer,West,Gujarat,Ahmedabad,8,5290.42,42323.36,0.15,35974.86,8181.0
ORD-102585,2025-08-16,2025,Aug,8,CUST-0434,Meera Iyer,P032,Air Purifier,Home Appliances,Air Care,Small Business,East,West Bengal,Kolkata,2,15701.47,31402.94,0.1,28262.65,5436.21
ORD-102816,2025-08-16,2025,Aug,8,CUST-0059,Pooja Iyer,P021,Laser Printer Pro,Office Supplies,Machines,Consumer,South,Tamil Nadu,Chennai,1,29946.66,29946.66,0.15,25454.66,5693.21
ORD-100672,2025-08-17,2025,Aug,8,CUST-0472,Ira Kumar,P040,Travel Backpack Pro,Office Supplies,Bags,Consumer,North,Delhi,Delhi,2,4598.12,9196.24,0.05,8736.43,2700.57
ORD-100895,2025-08-17,2025,Aug,8,CUST-0050,Ananya Deshmukh,P024,Gel Pen Set,Office Supplies,Writing,Consumer,South,Karnataka,Bengaluru,3,301.45,904.35,0.0,904.35,289.33
ORD-100943,2025-08-17,2025,Aug,8,CUST-0023,Aditya Rao,P025,Desk Organizer,Office Supplies,Accessories,Consumer,East,Assam,Guwahati,1,896.71,896.71,0.05,851.87,257.47
ORD-100988,2025-08-17,2025,Aug,8,CUST-0367,Rahul Kumar,P002,Business Laptop 15,Technology,Laptops,Corporate,South,Karnataka,Bengaluru,3,53153.87,159461.61,0.1,143515.45,24881.62
ORD-101049,2025-08-17,2025,Aug,8,CUST-0180,Anika Deshmukh,P024,Gel Pen Set,Office Supplies,Writing,Corporate,East,West Bengal,Kolkata,6,308.0,1848.0,0.1,1663.2,547.52
ORD-101156,2025-08-17,2025,Aug,8,CUST-0350,Ananya Deshmukh,P019,Conference Table,Furniture,Tables,Consumer,West,Maharashtra,Pune,1,39675.88,39675.88,0.0,39675.88,6984.09
ORD-101519,2025-08-17,2025,Aug,8,CUST-0347,Rahul Kumar,P032,Air Purifier,Home Appliances,Air Care,Consumer,East,Assam,Guwahati,5,15771.77,78858.85,0.0,78858.85,16066.47
ORD-100243,2025-08-18,2025,Aug,8,CUST-0500,Anika Deshmukh,P008,4K Monitor 27,Technology,Monitors,Consumer,North,Uttar Pradesh,Lucknow,1,28781.96,28781.96,0.15,24464.67,6080.49
ORD-100521,2025-08-18,2025,Aug,8,CUST-0037,Sneha Kumar,P007,Wireless Mouse,Technology,Accessories,Corporate,East,West Bengal,Kolkata,1,1882.45,1882.45,0.05,1788.33,203.28
ORD-100703,2025-08-18,2025,Aug,8,CUST-0317,Sneha Kumar,P040,Travel Backpack Pro,Office Supplies,Bags,Consumer,North,Rajasthan,Jaipur,2,4757.04,9514.08,0.0,9514.08,2306.72
ORD-100820,2025-08-18,2025,Aug,8,CUST-0309,Saanvi Iyer,P008,4K Monitor 27,Technology,Monitors,Corporate,North,Rajasthan,Jaipur,4,27687.88,110751.52,0.1,99676.37,19102.21
ORD-101095,2025-08-18,2025,Aug,8,CUST-0084,Arjun Iyer,P006,Mechanical Keyboard,Technology,Accessories,Consumer,East,West Bengal,Kolkata,1,5134.27,5134.27,0.0,5134.27,1076.04
ORD-101160,2025-08-18,2025,Aug,8,CUST-0373,Aadhya Rao,P030,Mixer Grinder,Home Appliances,Kitchen,Consumer,West,Gujarat,Ahmedabad,3,6665.49,19996.47,0.1,17996.82,3475.9
ORD-101310,2025-08-18,2025,Aug,8,CUST-0175,Priya Deshmukh,P020,Printer,Office Supplies,Machines,Consumer,North,Delhi,Delhi,2,15628.68,31257.36,0.1,28131.62,5357.53
ORD-101637,2025-08-18,2025,Aug,8,CUST-0458,Nisha Rao,P020,Printer,Office Supplies,Machines,Corporate,West,Maharashtra,Mumbai,3,16236.88,48710.64,0.15,41404.04,11426.1
ORD-102233,2025-08-18,2025,Aug,8,CUST-0306,Rohan Sharma,P034,Smart Watch,Technology,Wearables,Consumer,North,Rajasthan,Jaipur,2,12591.45,25182.9,0.05,23923.76,2492.62
ORD-102481,2025-08-18,2025,Aug,8,CUST-0090,Ananya Deshmukh,P003,Gaming Laptop X,Technology,Laptops,Consumer,East,West Bengal,Kolkata,3,86856.37,260569.11,0.05,247540.65,57921.37
ORD-102668,2025-08-18,2025,Aug,8,CUST-0497,Sneha Kumar,P014,Ergonomic Chair Pro,Furniture,Chairs,Corporate,South,Karnataka,Bengaluru,5,17708.75,88543.75,0.05,84116.56,18551.11
ORD-102813,2025-08-18,2025,Aug,8,CUST-0411,Diya Sharma,P017,Bookshelf,Furniture,Storage,Corporate,North,Delhi,Delhi,4,9827.11,39308.44,0.05,37343.02,9987.89
ORD-100162,2025-08-19,2025,Aug,8,CUST-0401,Aarav Sharma,P037,Power Bank,Technology,Accessories,Consumer,East,Odisha,Bhubaneswar,1,2003.06,2003.06,0.05,1902.91,225.11
ORD-100202,2025-08-19,2025,Aug,8,CUST-0088,Karthik Rao,P011,Smartphone Pro,Technology,Phones,Consumer,West,Maharashtra,Mumbai,2,70297.61,140595.22,0.05,133565.46,18084.71
ORD-100974,2025-08-19,2025,Aug,8,CUST-0016,Kavya Sharma,P036,Bluetooth Speaker,Technology,Audio,Corporate,South,Karnataka,Bengaluru,2,5853.97,11707.94,0.0,11707.94,1722.37
ORD-101280,2025-08-19,2025,Aug,8,CUST-0364,Arjun Iyer,P025,Desk Organizer,Office Supplies,Accessories,Consumer,West,Maharashtra,Mumbai,3,881.49,2644.47,0.05,2512.25,585.78
ORD-102406,2025-08-19,2025,Aug,8,CUST-0447,Rahul Kumar,P040,Travel Backpack Pro,Office Supplies,Bags,Small Business,South,Tamil Nadu,Chennai,3,5065.28,15195.84,0.1,13676.26,4822.78
ORD-102701,2025-08-19,2025,Aug,8,CUST-0412,Ira Kumar,P024,Gel Pen Set,Office Supplies,Writing,Consumer,North,Delhi,Delhi,1,310.45,310.45,0.0,310.45,107.71
ORD-102858,2025-08-19,2025,Aug,8,CUST-0460,Anika Deshmukh,P004,Wireless Headphones,Technology,Accessories,Consumer,East,Odisha,Bhubaneswar,3,4726.15,14178.45,0.0,14178.45,2694.63
ORD-100861,2025-08-20,2025,Aug,8,CUST-0131,Diya Sharma,P025,Desk Organizer,Office Supplies,Accessories,Consumer,West,Maharashtra,Mumbai,5,800.25,4001.25,0.05,3801.19,1007.19
ORD-102913,2025-08-20,2025,Aug,8,CUST-0372,Ira Kumar,P013,Office Chair,Furniture,Chairs,Small Business,South,Telangana,Hyderabad,2,12061.94,24123.88,0.1,21711.49,4761.57
ORD-100046,2025-08-21,2025,Aug,8,CUST-0369,Saanvi Iyer,P029,Air Fryer,Home Appliances,Kitchen,Corporate,West,Maharashtra,Pune,6,9509.45,57056.7,0.1,51351.03,8161.05
ORD-100420,2025-08-21,2025,Aug,8,CUST-0414,Meera Iyer,P003,Gaming Laptop X,Technology,Laptops,Consumer,South,Tamil Nadu,Chennai,4,91844.63,367378.52,0.0,367378.52,52626.16
ORD-100630,2025-08-21,2025,Aug,8,CUST-0203,Aditya Rao,P038,USB-C Hub,Technology,Accessories,Corporate,South,Telangana,Hyderabad,2,2731.65,5463.3,0.1,4916.97,815.04
ORD-100803,2025-08-21,2025,Aug,8,CUST-0020,Anika Deshmukh,P006,Mechanical Keyboard,Technology,Accessories,Corporate,North,Rajasthan,Jaipur,5,5284.31,26421.55,0.1,23779.4,2929.08
ORD-101202,2025-08-21,2025,Aug,8,CUST-0226,Rohan Sharma,P015,Executive Desk,Furniture,Tables,Consumer,East,Assam,Guwahati,3,25208.56,75625.68,0.1,68063.11,17274.07
ORD-102038,2025-08-21,2025,Aug,8,CUST-0395,Priya Deshmukh,P004,Wireless Headphones,Technology,Accessories,Corporate,West,Gujarat,Ahmedabad,3,4406.54,13219.62,0.0,13219.62,3157.78
ORD-100009,2025-08-22,2025,Aug,8,CUST-0455,Priya Deshmukh,P027,Whiteboard,Office Supplies,Presentation,Small Business,West,Gujarat,Ahmedabad,4,4924.93,19699.72,0.05,18714.73,4285.74
ORD-100510,2025-08-22,2025,Aug,8,CUST-0337,Sneha Kumar,P003,Gaming Laptop X,Technology,Laptops,Consumer,North,Uttar Pradesh,Lucknow,1,89857.61,89857.61,0.05,85364.73,20691.38
ORD-100613,2025-08-22,2025,Aug,8,CUST-0137,Sneha Kumar,P018,Filing Cabinet,Furniture,Storage,Consumer,North,Rajasthan,Jaipur,3,10883.18,32649.54,0.05,31017.06,7145.1
ORD-101606,2025-08-22,2025,Aug,8,CUST-0092,Ira Kumar,P015,Executive Desk,Furniture,Tables,Small Business,South,Karnataka,Bengaluru,5,23491.94,117459.7,0.1,105713.73,27674.34
ORD-101669,2025-08-22,2025,Aug,8,CUST-0268,Karthik Rao,P014,Ergonomic Chair Pro,Furniture,Chairs,Corporate,East,Assam,Guwahati,6,18298.85,109793.1,0.05,104303.45,17555.27
ORD-100905,2025-08-23,2025,Aug,8,CUST-0330,Ananya Deshmukh,P038,USB-C Hub,Technology,Accessories,Consumer,West,Maharashtra,Mumbai,3,2618.2,7854.6,0.0,7854.6,1800.17
ORD-101203,2025-08-23,2025,Aug,8,CUST-0465,Ishaan Deshmukh,P024,Gel Pen Set,Office Supplies,Writing,Consumer,South,Tamil Nadu,Chennai,5,333.71,1668.55,0.1,1501.69,399.56
ORD-101317,2025-08-23,2025,Aug,8,CUST-0054,Meera Iyer,P024,Gel Pen Set,Office Supplies,Writing,Consumer,East,Assam,Guwahati,2,312.53,625.06,0.05,593.81,151.02
ORD-102369,2025-08-23,2025,Aug,8,CUST-0290,Ananya Deshmukh,P032,Air Purifier,Home Appliances,Air Care,Corporate,North,Rajasthan,Jaipur,1,17489.06,17489.06,0.05,16614.61,3619.89
ORD-102571,2025-08-23,2025,Aug,8,CUST-0077,Sneha Kumar,P020,Printer,Office Supplies,Machines,Corporate,East,Odisha,Bhubaneswar,2,15999.67,31999.34,0.1,28799.41,8194.25
ORD-100308,2025-08-24,2025,Aug,8,CUST-0475,Priya Deshmukh,P028,Coffee Maker,Home Appliances,Kitchen,Consumer,West,Maharashtra,Mumbai,5,8842.24,44211.2,0.0,44211.2,4999.77
ORD-102263,2025-08-24,2025,Aug,8,CUST-0096,Kavya Sharma,P031,Microwave Oven,Home Appliances,Kitchen,Corporate,East,West Bengal,Kolkata,2,13730.75,27461.5,0.05,26088.42,6169.78
ORD-102760,2025-08-24,2025,Aug,8,CUST-0420,Anika Deshmukh,P011,Smartphone Pro,Technology,Phones,Corporate,East,West Bengal,Kolkata,3,71504.2,214512.6,0.15,182335.71,26626.99
ORD-100176,2025-08-25,2025,Aug,8,CUST-0354,Meera Iyer,P034,Smart Watch,Technology,Wearables,Consumer,West,Maharashtra,Mumbai,2,12445.51,24891.02,0.05,23646.47,2944.19
ORD-100375,2025-08-25,2025,Aug,8,CUST-0294,Meera Iyer,P009,UltraWide Monitor 34,Technology,Monitors,Corporate,North,Rajasthan,Jaipur,2,41396.39,82792.78,0.1,74513.5,16561.13
ORD-100831,2025-08-25,2025,Aug,8,CUST-0420,Anika Deshmukh,P003,Gaming Laptop X,Technology,Laptops,Consumer,South,Karnataka,Bengaluru,1,87591.49,87591.49,0.0,87591.49,16559.85
ORD-101435,2025-08-25,2025,Aug,8,CUST-0280,Anika Deshmukh,P007,Wireless Mouse,Technology,Accessories,Small Business,South,Tamil Nadu,Chennai,5,1713.99,8569.95,0.05,8141.45,1540.17
ORD-101790,2025-08-25,2025,Aug,8,CUST-0485,Ishaan Deshmukh,P019,Conference Table,Furniture,Tables,Consumer,North,Rajasthan,Jaipur,2,42320.39,84640.78,0.0,84640.78,19333.18
ORD-101828,2025-08-25,2025,Aug,8,CUST-0452,Ira Kumar,P022,Printer Paper Pack,Office Supplies,Paper,Small Business,North,Uttar Pradesh,Lucknow,5,645.5,3227.5,0.0,3227.5,915.96
ORD-102175,2025-08-25,2025,Aug,8,CUST-0021,Aarav Sharma,P017,Bookshelf,Furniture,Storage,Small Business,West,Maharashtra,Pune,2,9235.67,18471.34,0.05,17547.77,2881.42
ORD-100725,2025-08-26,2025,Aug,8,CUST-0317,Sneha Kumar,P003,Gaming Laptop X,Technology,Laptops,Consumer,North,Rajasthan,Jaipur,3,84074.76,252224.28,0.0,252224.28,42283.5
ORD-101659,2025-08-26,2025,Aug,8,CUST-0345,Ishaan Deshmukh,P025,Desk Organizer,Office Supplies,Accessories,Small Business,South,Tamil Nadu,Chennai,2,886.73,1773.46,0.1,1596.11,311.48
ORD-102195,2025-08-26,2025,Aug,8,CUST-0128,Karthik Rao,P028,Coffee Maker,Home Appliances,Kitchen,Small Business,West,Gujarat,Ahmedabad,1,8848.27,8848.27,0.0,8848.27,1123.86
ORD-102300,2025-08-26,2025,Aug,8,CUST-0435,Priya Deshmukh,P036,Bluetooth Speaker,Technology,Audio,Consumer,South,Telangana,Hyderabad,3,5719.71,17159.13,0.05,16301.17,2923.59
ORD-101071,2025-08-27,2025,Aug,8,CUST-0079,Pooja Iyer,P005,Noise Cancelling Headphones,Technology,Accessories,Consumer,West,Gujarat,Ahmedabad,8,7134.6,57076.8,0.05,54222.96,7269.3
ORD-102611,2025-08-27,2025,Aug,8,CUST-0138,Nisha Rao,P035,Fitness Band,Technology,Wearables,Consumer,South,Tamil Nadu,Chennai,4,4268.27,17073.08,0.1,15365.77,3431.08
ORD-100584,2025-08-28,2025,Aug,8,CUST-0114,Meera Iyer,P010,Tablet Air 11,Technology,Tablets,Corporate,South,Karnataka,Bengaluru,3,33900.36,101701.08,0.0,101701.08,17960.32
ORD-100839,2025-08-28,2025,Aug,8,CUST-0093,Aadhya Rao,P033,Robot Vacuum,Home Appliances,Cleaning,Consumer,North,Uttar Pradesh,Lucknow,1,28284.01,28284.01,0.15,24041.41,4236.03
ORD-101831,2025-08-28,2025,Aug,8,CUST-0311,Diya Sharma,P025,Desk Organizer,Office Supplies,Accessories,Consumer,South,Karnataka,Bengaluru,2,896.02,1792.04,0.05,1702.44,492.18
ORD-102061,2025-08-28,2025,Aug,8,CUST-0354,Meera Iyer,P003,Gaming Laptop X,Technology,Laptops,Consumer,South,Tamil Nadu,Chennai,2,89824.58,179649.16,0.1,161684.24,23523.05
ORD-102515,2025-08-28,2025,Aug,8,CUST-0208,Karthik Rao,P029,Air Fryer,Home Appliances,Kitchen,Small Business,North,Rajasthan,Jaipur,3,9425.52,28276.56,0.05,26862.73,3967.79
ORD-102709,2025-08-28,2025,Aug,8,CUST-0422,Vivaan Kumar,P019,Conference Table,Furniture,Tables,Consumer,West,Maharashtra,Mumbai,1,39937.21,39937.21,0.0,39937.21,10993.28
ORD-102835,2025-08-28,2025,Aug,8,CUST-0339,Pooja Iyer,P015,Executive Desk,Furniture,Tables,Corporate,East,Odisha,Bhubaneswar,2,22773.15,45546.3,0.1,40991.67,8455.03
ORD-100259,2025-08-29,2025,Aug,8,CUST-0110,Ananya Deshmukh,P019,Conference Table,Furniture,Tables,Corporate,North,Rajasthan,Jaipur,1,43812.19,43812.19,0.1,39430.97,10105.19
ORD-101032,2025-08-29,2025,Aug,8,CUST-0339,Pooja Iyer,P026,Stapler Heavy Duty,Office Supplies,Accessories,Consumer,East,Assam,Guwahati,1,752.28,752.28,0.0,752.28,231.1
ORD-101209,2025-08-29,2025,Aug,8,CUST-0158,Nisha Rao,P021,Laser Printer Pro,Office Supplies,Machines,Corporate,South,Tamil Nadu,Chennai,4,29283.42,117133.68,0.05,111277.0,29025.13
ORD-101492,2025-08-29,2025,Aug,8,CUST-0385,Ishaan Deshmukh,P004,Wireless Headphones,Technology,Accessories,Consumer,West,Gujarat,Ahmedabad,2,4617.5,9235.0,0.05,8773.25,1860.47
ORD-101595,2025-08-29,2025,Aug,8,CUST-0403,Aditya Rao,P003,Gaming Laptop X,Technology,Laptops,Corporate,East,Assam,Guwahati,3,88190.77,264572.31,0.1,238115.08,26492.3
ORD-101832,2025-08-29,2025,Aug,8,CUST-0409,Saanvi Iyer,P035,Fitness Band,Technology,Wearables,Consumer,North,Delhi,Delhi,2,4372.77,8745.54,0.0,8745.54,1654.17
ORD-102150,2025-08-29,2025,Aug,8,CUST-0167,Rahul Kumar,P039,Backpack,Office Supplies,Bags,Consumer,East,Odisha,Bhubaneswar,1,2232.69,2232.69,0.0,2232.69,436.29
ORD-102261,2025-08-29,2025,Aug,8,CUST-0208,Karthik Rao,P012,Smartphone Plus,Technology,Phones,Corporate,North,Uttar Pradesh,Lucknow,1,45234.18,45234.18,0.2,36187.34,7718.5
ORD-102868,2025-08-29,2025,Aug,8,CUST-0369,Saanvi Iyer,P007,Wireless Mouse,Technology,Accessories,Consumer,South,Telangana,Hyderabad,6,1814.77,10888.62,0.05,10344.19,1860.99
ORD-100289,2025-08-30,2025,Aug,8,CUST-0060,Anika Deshmukh,P038,USB-C Hub,Technology,Accessories,Consumer,West,Maharashtra,Mumbai,2,2627.34,5254.68,0.1,4729.21,786.93
ORD-102702,2025-08-30,2025,Aug,8,CUST-0197,Sneha Kumar,P006,Mechanical Keyboard,Technology,Accessories,Small Business,East,Assam,Guwahati,3,5199.13,15597.39,0.15,13257.78,2745.08
ORD-100231,2025-08-31,2025,Aug,8,CUST-0036,Kavya Sharma,P040,Travel Backpack Pro,Office Supplies,Bags,Consumer,South,Karnataka,Bengaluru,4,4846.22,19384.88,0.1,17446.39,5121.63
ORD-100321,2025-08-31,2025,Aug,8,CUST-0499,Pooja Iyer,P006,Mechanical Keyboard,Technology,Accessories,Corporate,South,Telangana,Hyderabad,2,5244.66,10489.32,0.0,10489.32,1685.02
ORD-100627,2025-08-31,2025,Aug,8,CUST-0373,Aadhya Rao,P026,Stapler Heavy Duty,Office Supplies,Accessories,Consumer,South,Tamil Nadu,Chennai,3,694.89,2084.67,0.0,2084.67,667.61
ORD-102256,2025-09-01,2025,Sep,9,CUST-0255,Priya Deshmukh,P024,Gel Pen Set,Office Supplies,Writing,Consumer,East,Odisha,Bhubaneswar,1,318.99,318.99,0.1,287.09,60.63
ORD-102533,2025-09-01,2025,Sep,9,CUST-0332,Ira Kumar,P030,Mixer Grinder,Home Appliances,Kitchen,Small Business,East,Assam,Guwahati,10,6925.23,69252.3,0.05,65789.68,8104.02
ORD-102938,2025-09-01,2025,Sep,9,CUST-0234,Meera Iyer,P008,4K Monitor 27,Technology,Monitors,Consumer,South,Karnataka,Bengaluru,1,29147.86,29147.86,0.1,26233.07,5461.79
ORD-100891,2025-09-02,2025,Sep,9,CUST-0420,Anika Deshmukh,P029,Air Fryer,Home Appliances,Kitchen,Corporate,West,Maharashtra,Pune,2,9082.5,18165.0,0.1,16348.5,2687.55
ORD-101986,2025-09-02,2025,Sep,9,CUST-0267,Rahul Kumar,P016,Standing Desk,Furniture,Tables,Consumer,West,Gujarat,Ahmedabad,1,32229.23,32229.23,0.0,32229.23,8519.49
ORD-102215,2025-09-02,2025,Sep,9,CUST-0179,Pooja Iyer,P027,Whiteboard,Office Supplies,Presentation,Small Business,East,Assam,Guwahati,8,4681.77,37454.16,0.1,33708.74,11003.09
ORD-102761,2025-09-02,2025,Sep,9,CUST-0243,Aditya Rao,P040,Travel Backpack Pro,Office Supplies,Bags,Consumer,West,Maharashtra,Pune,1,5086.91,5086.91,0.0,5086.91,1089.84
ORD-102931,2025-09-02,2025,Sep,9,CUST-0255,Priya Deshmukh,P003,Gaming Laptop X,Technology,Laptops,Corporate,North,Rajasthan,Jaipur,2,83001.13,166002.26,0.0,166002.26,39496.47
ORD-100113,2025-09-03,2025,Sep,9,CUST-0205,Ishaan Deshmukh,P023,Premium Notebook,Office Supplies,Paper,Consumer,North,Delhi,Delhi,1,443.37,443.37,0.05,421.2,85.76
ORD-100121,2025-09-03,2025,Sep,9,CUST-0133,Aadhya Rao,P033,Robot Vacuum,Home Appliances,Cleaning,Consumer,North,Rajasthan,Jaipur,2,27628.79,55257.58,0.1,49731.82,10974.5
ORD-101016,2025-09-03,2025,Sep,9,CUST-0489,Saanvi Iyer,P008,4K Monitor 27,Technology,Monitors,Corporate,South,Telangana,Hyderabad,4,29445.3,117781.2,0.05,111892.14,20437.68
ORD-101587,2025-09-03,2025,Sep,9,CUST-0322,Vivaan Kumar,P035,Fitness Band,Technology,Wearables,Consumer,East,Odisha,Bhubaneswar,4,4220.14,16880.56,0.05,16036.53,2180.65
ORD-101746,2025-09-03,2025,Sep,9,CUST-0063,Aditya Rao,P005,Noise Cancelling Headphones,Technology,Accessories,Corporate,North,Delhi,Delhi,4,7066.28,28265.12,0.1,25438.61,2987.74
ORD-100797,2025-09-04,2025,Sep,9,CUST-0381,Aarav Sharma,P027,Whiteboard,Office Supplies,Presentation,Corporate,East,Assam,Guwahati,1,4545.79,4545.79,0.05,4318.5,1417.3
ORD-100941,2025-09-04,2025,Sep,9,CUST-0240,Anika Deshmukh,P023,Premium Notebook,Office Supplies,Paper,Corporate,North,Delhi,Delhi,3,437.23,1311.69,0.1,1180.52,283.77
ORD-101257,2025-09-04,2025,Sep,9,CUST-0439,Pooja Iyer,P001,Laptop Pro 14,Technology,Laptops,Consumer,South,Karnataka,Bengaluru,8,60032.94,480263.52,0.0,480263.52,92753.92
ORD-102098,2025-09-04,2025,Sep,9,CUST-0499,Pooja Iyer,P028,Coffee Maker,Home Appliances,Kitchen,Small Business,West,Gujarat,Ahmedabad,1,8678.54,8678.54,0.0,8678.54,1471.32
ORD-102220,2025-09-04,2025,Sep,9,CUST-0326,Rohan Sharma,P016,Standing Desk,Furniture,Tables,Corporate,North,Rajasthan,Jaipur,6,30145.55,180873.3,0.1,162785.97,38402.71
ORD-102631,2025-09-04,2025,Sep,9,CUST-0448,Karthik Rao,P014,Ergonomic Chair Pro,Furniture,Chairs,Corporate,North,Uttar Pradesh,Lucknow,1,17772.27,17772.27,0.0,17772.27,3588.88
ORD-102184,2025-09-05,2025,Sep,9,CUST-0190,Ananya Deshmukh,P021,Laser Printer Pro,Office Supplies,Machines,Corporate,East,Assam,Guwahati,2,29118.27,58236.54,0.1,52412.89,10734.9
ORD-102514,2025-09-05,2025,Sep,9,CUST-0126,Rohan Sharma,P031,Microwave Oven,Home Appliances,Kitchen,Consumer,North,Uttar Pradesh,Lucknow,3,15005.35,45016.05,0.0,45016.05,10228.31
ORD-100144,2025-09-06,2025,Sep,9,CUST-0439,Pooja Iyer,P040,Travel Backpack Pro,Office Supplies,Bags,Consumer,East,Assam,Guwahati,1,4967.47,4967.47,0.0,4967.47,1685.33
ORD-100533,2025-09-06,2025,Sep,9,CUST-0256,Kavya Sharma,P014,Ergonomic Chair Pro,Furniture,Chairs,Corporate,East,West Bengal,Kolkata,1,18261.85,18261.85,0.05,17348.76,4432.49
ORD-100834,2025-09-06,2025,Sep,9,CUST-0135,Priya Deshmukh,P035,Fitness Band,Technology,Wearables,Corporate,West,Maharashtra,Pune,6,4405.53,26433.18,0.2,21146.54,2532.33
ORD-101625,2025-09-06,2025,Sep,9,CUST-0361,Aarav Sharma,P020,Printer,Office Supplies,Machines,Corporate,South,Karnataka,Bengaluru,1,15950.76,15950.76,0.0,15950.76,4334.86
ORD-102734,2025-09-06,2025,Sep,9,CUST-0454,Meera Iyer,P001,Laptop Pro 14,Technology,Laptops,Consumer,North,Delhi,Delhi,2,64863.97,129727.94,0.1,116755.15,13604.67
ORD-100773,2025-09-07,2025,Sep,9,CUST-0336,Kavya Sharma,P012,Smartphone Plus,Technology,Phones,Corporate,East,West Bengal,Kolkata,3,45675.23,137025.69,0.15,116471.84,20602.94
ORD-100833,2025-09-07,2025,Sep,9,CUST-0385,Ishaan Deshmukh,P011,Smartphone Pro,Technology,Phones,Consumer,East,West Bengal,Kolkata,5,72524.7,362623.5,0.05,344492.33,84498.19
ORD-101428,2025-09-07,2025,Sep,9,CUST-0257,Sneha Kumar,P031,Microwave Oven,Home Appliances,Kitchen,Corporate,East,West Bengal,Kolkata,2,15083.82,30167.64,0.1,27150.88,3549.44
ORD-101836,2025-09-07,2025,Sep,9,CUST-0014,Meera Iyer,P023,Premium Notebook,Office Supplies,Paper,Consumer,North,Delhi,Delhi,1,439.64,439.64,0.05,417.66,147.55
ORD-102293,2025-09-07,2025,Sep,9,CUST-0093,Aadhya Rao,P035,Fitness Band,Technology,Wearables,Corporate,West,Maharashtra,Mumbai,2,3983.19,7966.38,0.15,6771.42,1203.63
ORD-102765,2025-09-07,2025,Sep,9,CUST-0040,Anika Deshmukh,P010,Tablet Air 11,Technology,Tablets,Small Business,North,Uttar Pradesh,Lucknow,4,37684.34,150737.36,0.05,143200.49,31066.15
ORD-101148,2025-09-08,2025,Sep,9,CUST-0096,Kavya Sharma,P012,Smartphone Plus,Technology,Phones,Consumer,West,Maharashtra,Mumbai,3,46547.0,139641.0,0.05,132658.95,26097.93
ORD-101544,2025-09-08,2025,Sep,9,CUST-0418,Nisha Rao,P034,Smart Watch,Technology,Wearables,Consumer,East,West Bengal,Kolkata,2,11969.86,23939.72,0.0,23939.72,3252.95
ORD-101793,2025-09-08,2025,Sep,9,CUST-0175,Priya Deshmukh,P006,Mechanical Keyboard,Technology,Accessories,Consumer,East,West Bengal,Kolkata,2,5432.48,10864.96,0.05,10321.71,1262.59
ORD-102013,2025-09-08,2025,Sep,9,CUST-0394,Meera Iyer,P003,Gaming Laptop X,Technology,Laptops,Corporate,West,Gujarat,Ahmedabad,3,88679.92,266039.76,0.0,266039.76,36571.32
ORD-102805,2025-09-08,2025,Sep,9,CUST-0446,Rohan Sharma,P003,Gaming Laptop X,Technology,Laptops,Corporate,South,Telangana,Hyderabad,1,84232.49,84232.49,0.1,75809.24,8884.88
ORD-100788,2025-09-09,2025,Sep,9,CUST-0188,Karthik Rao,P002,Business Laptop 15,Technology,Laptops,Consumer,East,West Bengal,Kolkata,1,55084.94,55084.94,0.05,52330.69,10351.39
ORD-100939,2025-09-09,2025,Sep,9,CUST-0231,Diya Sharma,P008,4K Monitor 27,Technology,Monitors,Consumer,West,Gujarat,Ahmedabad,6,29556.94,177341.64,0.1,159607.48,34991.97
ORD-102059,2025-09-09,2025,Sep,9,CUST-0267,Rahul Kumar,P012,Smartphone Plus,Technology,Phones,Consumer,East,Assam,Guwahati,2,45678.61,91357.22,0.0,91357.22,17174.22
ORD-102089,2025-09-09,2025,Sep,9,CUST-0456,Kavya Sharma,P038,USB-C Hub,Technology,Accessories,Small Business,East,West Bengal,Kolkata,3,2475.35,7426.05,0.1,6683.45,1646.86
ORD-102226,2025-09-09,2025,Sep,9,CUST-0239,Pooja Iyer,P032,Air Purifier,Home Appliances,Air Care,Consumer,East,Odisha,Bhubaneswar,3,16804.29,50412.87,0.05,47892.23,7697.92
ORD-102633,2025-09-10,2025,Sep,9,CUST-0424,Arjun Iyer,P027,Whiteboard,Office Supplies,Presentation,Consumer,South,Telangana,Hyderabad,1,4712.97,4712.97,0.05,4477.32,1534.61
ORD-100166,2025-09-11,2025,Sep,9,CUST-0400,Anika Deshmukh,P023,Premium Notebook,Office Supplies,Paper,Consumer,East,Odisha,Bhubaneswar,2,446.3,892.6,0.05,847.97,294.09
ORD-100914,2025-09-11,2025,Sep,9,CUST-0398,Nisha Rao,P024,Gel Pen Set,Office Supplies,Writing,Corporate,North,Rajasthan,Jaipur,2,303.25,606.5,0.05,576.17,119.73
ORD-101255,2025-09-11,2025,Sep,9,CUST-0142,Vivaan Kumar,P021,Laser Printer Pro,Office Supplies,Machines,Consumer,North,Uttar Pradesh,Lucknow,2,30012.26,60024.52,0.0,60024.52,19459.04
ORD-101750,2025-09-11,2025,Sep,9,CUST-0240,Anika Deshmukh,P002,Business Laptop 15,Technology,Laptops,Consumer,East,Odisha,Bhubaneswar,1,56122.99,56122.99,0.0,56122.99,8013.91
ORD-100516,2025-09-13,2025,Sep,9,CUST-0118,Nisha Rao,P014,Ergonomic Chair Pro,Furniture,Chairs,Corporate,North,Delhi,Delhi,4,19346.34,77385.36,0.1,69646.82,17494.0
ORD-100929,2025-09-13,2025,Sep,9,CUST-0372,Ira Kumar,P036,Bluetooth Speaker,Technology,Audio,Corporate,North,Delhi,Delhi,5,5569.4,27847.0,0.15,23669.95,2558.18
ORD-100380,2025-09-14,2025,Sep,9,CUST-0155,Priya Deshmukh,P021,Laser Printer Pro,Office Supplies,Machines,Consumer,West,Maharashtra,Mumbai,1,30009.47,30009.47,0.0,30009.47,6086.96
ORD-100474,2025-09-14,2025,Sep,9,CUST-0373,Aadhya Rao,P012,Smartphone Plus,Technology,Phones,Corporate,East,West Bengal,Kolkata,2,49762.51,99525.02,0.05,94548.77,10084.53
ORD-102892,2025-09-14,2025,Sep,9,CUST-0329,Saanvi Iyer,P009,UltraWide Monitor 34,Technology,Monitors,Consumer,East,Assam,Guwahati,5,44290.41,221452.05,0.05,210379.45,33902.11
ORD-100215,2025-09-15,2025,Sep,9,CUST-0232,Ira Kumar,P012,Smartphone Plus,Technology,Phones,Small Business,South,Tamil Nadu,Chennai,4,46652.34,186609.36,0.05,177278.89,24501.58
ORD-100273,2025-09-15,2025,Sep,9,CUST-0196,Kavya Sharma,P008,4K Monitor 27,Technology,Monitors,Consumer,North,Uttar Pradesh,Lucknow,3,27691.09,83073.27,0.05,78919.61,12021.75
ORD-100306,2025-09-15,2025,Sep,9,CUST-0067,Rahul Kumar,P020,Printer,Office Supplies,Machines,Corporate,North,Delhi,Delhi,2,17146.99,34293.98,0.05,32579.28,8376.48
ORD-100552,2025-09-15,2025,Sep,9,CUST-0127,Rahul Kumar,P031,Microwave Oven,Home Appliances,Kitchen,Corporate,West,Maharashtra,Mumbai,3,15345.38,46036.14,0.1,41432.53,9398.81
ORD-100801,2025-09-15,2025,Sep,9,CUST-0227,Rahul Kumar,P001,Laptop Pro 14,Technology,Laptops,Small Business,East,West Bengal,Kolkata,2,61168.64,122337.28,0.05,116220.42,13296.96
ORD-101161,2025-09-15,2025,Sep,9,CUST-0005,Ishaan Deshmukh,P025,Desk Organizer,Office Supplies,Accessories,Corporate,North,Uttar Pradesh,Lucknow,3,839.95,2519.85,0.15,2141.87,715.78
ORD-101450,2025-09-15,2025,Sep,9,CUST-0396,Kavya Sharma,P037,Power Bank,Technology,Accessories,Corporate,East,West Bengal,Kolkata,3,2139.57,6418.71,0.1,5776.84,1385.03
ORD-101733,2025-09-15,2025,Sep,9,CUST-0004,Arjun Iyer,P014,Ergonomic Chair Pro,Furniture,Chairs,Consumer,North,Uttar Pradesh,Lucknow,1,18935.96,18935.96,0.1,17042.36,3739.9
ORD-102853,2025-09-15,2025,Sep,9,CUST-0366,Rohan Sharma,P034,Smart Watch,Technology,Wearables,Consumer,South,Karnataka,Bengaluru,2,13005.14,26010.28,0.05,24709.77,2978.63
ORD-100363,2025-09-16,2025,Sep,9,CUST-0399,Pooja Iyer,P034,Smart Watch,Technology,Wearables,Corporate,North,Delhi,Delhi,2,12729.18,25458.36,0.15,21639.61,2490.25
ORD-100415,2025-09-16,2025,Sep,9,CUST-0320,Anika Deshmukh,P029,Air Fryer,Home Appliances,Kitchen,Small Business,South,Telangana,Hyderabad,1,8648.91,8648.91,0.1,7784.02,1214.32
ORD-100694,2025-09-16,2025,Sep,9,CUST-0353,Aadhya Rao,P022,Printer Paper Pack,Office Supplies,Paper,Consumer,West,Gujarat,Ahmedabad,2,634.86,1269.72,0.0,1269.72,333.86
ORD-100825,2025-09-16,2025,Sep,9,CUST-0223,Aditya Rao,P008,4K Monitor 27,Technology,Monitors,Consumer,West,Maharashtra,Mumbai,2,27177.94,54355.88,0.05,51638.09,7577.37
ORD-101211,2025-09-16,2025,Sep,9,CUST-0423,Aditya Rao,P006,Mechanical Keyboard,Technology,Accessories,Corporate,South,Karnataka,Bengaluru,5,5268.14,26340.7,0.2,21072.56,4864.08
ORD-101596,2025-09-16,2025,Sep,9,CUST-0139,Pooja Iyer,P007,Wireless Mouse,Technology,Accessories,Consumer,East,Assam,Guwahati,1,1888.12,1888.12,0.1,1699.31,286.5
ORD-102763,2025-09-16,2025,Sep,9,CUST-0161,Aarav Sharma,P036,Bluetooth Speaker,Technology,Audio,Consumer,West,Maharashtra,Mumbai,1,5335.98,5335.98,0.1,4802.38,660.55
ORD-102998,2025-09-16,2025,Sep,9,CUST-0229,Saanvi Iyer,P015,Executive Desk,Furniture,Tables,Consumer,West,Maharashtra,Mumbai,10,24412.37,244123.7,0.0,244123.7,59159.51
ORD-100071,2025-09-17,2025,Sep,9,CUST-0336,Kavya Sharma,P030,Mixer Grinder,Home Appliances,Kitchen,Consumer,North,Rajasthan,Jaipur,3,6668.18,20004.54,0.1,18004.09,3109.93
ORD-101724,2025-09-17,2025,Sep,9,CUST-0088,Karthik Rao,P019,Conference Table,Furniture,Tables,Corporate,East,West Bengal,Kolkata,3,40495.28,121485.84,0.0,121485.84,21760.54
ORD-102783,2025-09-17,2025,Sep,9,CUST-0028,Karthik Rao,P032,Air Purifier,Home Appliances,Air Care,Consumer,North,Rajasthan,Jaipur,3,15519.8,46559.4,0.1,41903.46,7141.47
ORD-101022,2025-09-18,2025,Sep,9,CUST-0107,Rahul Kumar,P023,Premium Notebook,Office Supplies,Paper,Consumer,South,Karnataka,Bengaluru,2,452.84,905.68,0.05,860.4,221.07
ORD-101591,2025-09-18,2025,Sep,9,CUST-0055,Priya Deshmukh,P028,Coffee Maker,Home Appliances,Kitchen,Corporate,East,Odisha,Bhubaneswar,2,8780.2,17560.4,0.05,16682.38,3875.46
ORD-102291,2025-09-18,2025,Sep,9,CUST-0253,Aadhya Rao,P012,Smartphone Plus,Technology,Phones,Consumer,South,Telangana,Hyderabad,2,49575.23,99150.46,0.05,94192.94,12816.97
ORD-102443,2025-09-18,2025,Sep,9,CUST-0003,Aditya Rao,P001,Laptop Pro 14,Technology,Laptops,Consumer,East,Assam,Guwahati,1,62764.38,62764.38,0.05,59626.16,6363.05
ORD-100659,2025-09-19,2025,Sep,9,CUST-0206,Rohan Sharma,P019,Conference Table,Furniture,Tables,Corporate,North,Delhi,Delhi,6,44069.75,264418.5,0.05,251197.57,42632.86
ORD-101896,2025-09-19,2025,Sep,9,CUST-0279,Pooja Iyer,P036,Bluetooth Speaker,Technology,Audio,Small Business,South,Telangana,Hyderabad,1,5571.65,5571.65,0.05,5293.07,1197.73
ORD-102478,2025-09-19,2025,Sep,9,CUST-0486,Rohan Sharma,P032,Air Purifier,Home Appliances,Air Care,Consumer,North,Delhi,Delhi,4,15540.26,62161.04,0.05,59052.99,9542.42
ORD-102612,2025-09-19,2025,Sep,9,CUST-0164,Arjun Iyer,P001,Laptop Pro 14,Technology,Laptops,Consumer,South,Karnataka,Bengaluru,3,65232.65,195697.95,0.05,185913.05,40376.43
ORD-102889,2025-09-19,2025,Sep,9,CUST-0081,Aarav Sharma,P030,Mixer Grinder,Home Appliances,Kitchen,Corporate,North,Rajasthan,Jaipur,1,6588.77,6588.77,0.15,5600.45,1236.28
ORD-100741,2025-09-20,2025,Sep,9,CUST-0214,Meera Iyer,P031,Microwave Oven,Home Appliances,Kitchen,Consumer,West,Maharashtra,Mumbai,3,14732.47,44197.41,0.1,39777.67,6514.94
ORD-101364,2025-09-20,2025,Sep,9,CUST-0012,Ira Kumar,P012,Smartphone Plus,Technology,Phones,Consumer,South,Tamil Nadu,Chennai,2,46798.88,93597.76,0.1,84237.98,11244.64
ORD-101635,2025-09-20,2025,Sep,9,CUST-0383,Aditya Rao,P040,Travel Backpack Pro,Office Supplies,Bags,Consumer,East,Assam,Guwahati,1,4600.95,4600.95,0.05,4370.9,1477.96
ORD-101971,2025-09-20,2025,Sep,9,CUST-0226,Rohan Sharma,P030,Mixer Grinder,Home Appliances,Kitchen,Corporate,South,Karnataka,Bengaluru,2,6428.36,12856.72,0.1,11571.05,1844.49
ORD-102756,2025-09-20,2025,Sep,9,CUST-0481,Aarav Sharma,P025,Desk Organizer,Office Supplies,Accessories,Small Business,North,Rajasthan,Jaipur,3,810.69,2432.07,0.15,2067.26,618.04
ORD-102876,2025-09-20,2025,Sep,9,CUST-0134,Meera Iyer,P017,Bookshelf,Furniture,Storage,Corporate,West,Maharashtra,Pune,3,10310.25,30930.75,0.1,27837.67,5474.12
ORD-100224,2025-09-21,2025,Sep,9,CUST-0241,Aarav Sharma,P012,Smartphone Plus,Technology,Phones,Corporate,East,Odisha,Bhubaneswar,2,48612.65,97225.3,0.1,87502.77,19639.06
ORD-101072,2025-09-21,2025,Sep,9,CUST-0186,Rohan Sharma,P040,Travel Backpack Pro,Office Supplies,Bags,Corporate,West,Gujarat,Ahmedabad,1,4651.7,4651.7,0.2,3721.36,1332.37
ORD-101088,2025-09-21,2025,Sep,9,CUST-0315,Priya Deshmukh,P036,Bluetooth Speaker,Technology,Audio,Corporate,East,Assam,Guwahati,3,5407.01,16221.03,0.1,14598.93,1903.78
ORD-102491,2025-09-21,2025,Sep,9,CUST-0446,Rohan Sharma,P020,Printer,Office Supplies,Machines,Consumer,North,Delhi,Delhi,1,17368.3,17368.3,0.1,15631.47,5134.28
ORD-102933,2025-09-21,2025,Sep,9,CUST-0390,Ananya Deshmukh,P014,Ergonomic Chair Pro,Furniture,Chairs,Consumer,South,Karnataka,Bengaluru,2,18475.8,36951.6,0.05,35104.02,9234.39
ORD-100399,2025-09-22,2025,Sep,9,CUST-0071,Diya Sharma,P011,Smartphone Pro,Technology,Phones,Corporate,East,Odisha,Bhubaneswar,2,74504.79,149009.58,0.0,149009.58,20575.79
ORD-100640,2025-09-22,2025,Sep,9,CUST-0304,Arjun Iyer,P013,Office Chair,Furniture,Chairs,Small Business,North,Uttar Pradesh,Lucknow,1,11766.13,11766.13,0.0,11766.13,1705.63
ORD-101056,2025-09-22,2025,Sep,9,CUST-0018,Nisha Rao,P033,Robot Vacuum,Home Appliances,Cleaning,Corporate,South,Telangana,Hyderabad,2,27666.72,55333.44,0.05,52566.77,12213.34
ORD-101307,2025-09-22,2025,Sep,9,CUST-0005,Ishaan Deshmukh,P007,Wireless Mouse,Technology,Accessories,Small Business,West,Maharashtra,Pune,8,1820.49,14563.92,0.05,13835.72,1766.65
ORD-102922,2025-09-22,2025,Sep,9,CUST-0077,Sneha Kumar,P031,Microwave Oven,Home Appliances,Kitchen,Consumer,West,Maharashtra,Pune,2,15265.57,30531.14,0.0,30531.14,3803.42
ORD-100075,2025-09-23,2025,Sep,9,CUST-0140,Anika Deshmukh,P027,Whiteboard,Office Supplies,Presentation,Small Business,North,Delhi,Delhi,3,4787.04,14361.12,0.1,12925.01,4428.1
ORD-100318,2025-09-23,2025,Sep,9,CUST-0069,Saanvi Iyer,P038,USB-C Hub,Technology,Accessories,Consumer,South,Telangana,Hyderabad,1,2682.78,2682.78,0.0,2682.78,630.57
ORD-100674,2025-09-23,2025,Sep,9,CUST-0375,Priya Deshmukh,P012,Smartphone Plus,Technology,Phones,Consumer,East,Assam,Guwahati,4,47099.52,188398.08,0.05,178978.18,44605.56
ORD-101126,2025-09-23,2025,Sep,9,CUST-0030,Ananya Deshmukh,P032,Air Purifier,Home Appliances,Air Care,Consumer,West,Maharashtra,Mumbai,1,17147.37,17147.37,0.05,16290.0,3430.26
ORD-101224,2025-09-23,2025,Sep,9,CUST-0216,Kavya Sharma,P001,Laptop Pro 14,Technology,Laptops,Corporate,South,Karnataka,Bengaluru,8,65666.56,525332.48,0.15,446532.61,55516.31
ORD-101610,2025-09-23,2025,Sep,9,CUST-0143,Aditya Rao,P001,Laptop Pro 14,Technology,Laptops,Consumer,West,Maharashtra,Mumbai,2,63743.39,127486.78,0.0,127486.78,24824.76
ORD-102185,2025-09-23,2025,Sep,9,CUST-0494,Meera Iyer,P028,Coffee Maker,Home Appliances,Kitchen,Corporate,East,Odisha,Bhubaneswar,4,8119.31,32477.24,0.05,30853.38,3894.03
ORD-100279,2025-09-24,2025,Sep,9,CUST-0193,Aadhya Rao,P013,Office Chair,Furniture,Chairs,Consumer,West,Maharashtra,Pune,1,12053.17,12053.17,0.1,10847.85,3021.45
ORD-100484,2025-09-24,2025,Sep,9,CUST-0124,Arjun Iyer,P009,UltraWide Monitor 34,Technology,Monitors,Consumer,North,Uttar Pradesh,Lucknow,1,40128.09,40128.09,0.05,38121.69,7104.86
ORD-100625,2025-09-24,2025,Sep,9,CUST-0224,Arjun Iyer,P021,Laser Printer Pro,Office Supplies,Machines,Corporate,North,Uttar Pradesh,Lucknow,1,27941.2,27941.2,0.15,23750.02,5383.45
ORD-100990,2025-09-24,2025,Sep,9,CUST-0426,Rohan Sharma,P025,Desk Organizer,Office Supplies,Accessories,Corporate,South,Karnataka,Bengaluru,3,802.92,2408.76,0.15,2047.45,719.68
ORD-101837,2025-09-24,2025,Sep,9,CUST-0046,Rohan Sharma,P027,Whiteboard,Office Supplies,Presentation,Corporate,East,Assam,Guwahati,2,5068.89,10137.78,0.1,9124.0,3019.07
ORD-101901,2025-09-24,2025,Sep,9,CUST-0442,Vivaan Kumar,P016,Standing Desk,Furniture,Tables,Small Business,West,Maharashtra,Pune,2,32427.38,64854.76,0.0,64854.76,11568.46
ORD-100312,2025-09-25,2025,Sep,9,CUST-0383,Aditya Rao,P014,Ergonomic Chair Pro,Furniture,Chairs,Consumer,West,Maharashtra,Mumbai,5,18726.71,93633.55,0.0,93633.55,21630.99
ORD-100747,2025-09-25,2025,Sep,9,CUST-0335,Priya Deshmukh,P010,Tablet Air 11,Technology,Tablets,Consumer,South,Karnataka,Bengaluru,3,35531.06,106593.18,0.1,95933.86,20874.51
ORD-101214,2025-09-25,2025,Sep,9,CUST-0376,Kavya Sharma,P006,Mechanical Keyboard,Technology,Accessories,Consumer,West,Maharashtra,Mumbai,6,5030.14,30180.84,0.05,28671.8,3081.55
ORD-102598,2025-09-25,2025,Sep,9,CUST-0339,Pooja Iyer,P017,Bookshelf,Furniture,Storage,Consumer,East,Assam,Guwahati,8,9243.89,73951.12,0.05,70253.56,17474.61
ORD-101676,2025-09-27,2025,Sep,9,CUST-0395,Priya Deshmukh,P008,4K Monitor 27,Technology,Monitors,Corporate,South,Karnataka,Bengaluru,3,29885.47,89656.41,0.05,85173.59,19351.71
ORD-101810,2025-09-27,2025,Sep,9,CUST-0462,Vivaan Kumar,P012,Smartphone Plus,Technology,Phones,Small Business,West,Maharashtra,Pune,2,48658.51,97317.02,0.1,87585.32,20206.96
ORD-102274,2025-09-27,2025,Sep,9,CUST-0423,Aditya Rao,P026,Stapler Heavy Duty,Office Supplies,Accessories,Consumer,North,Delhi,Delhi,6,738.91,4433.46,0.0,4433.46,1491.5
ORD-100247,2025-09-28,2025,Sep,9,CUST-0166,Rohan Sharma,P005,Noise Cancelling Headphones,Technology,Accessories,Small Business,West,Gujarat,Ahmedabad,2,6964.88,13929.76,0.1,12536.78,2295.45
ORD-100860,2025-09-28,2025,Sep,9,CUST-0397,Sneha Kumar,P040,Travel Backpack Pro,Office Supplies,Bags,Small Business,North,Uttar Pradesh,Lucknow,1,4891.62,4891.62,0.0,4891.62,1753.15
ORD-101386,2025-09-28,2025,Sep,9,CUST-0211,Diya Sharma,P024,Gel Pen Set,Office Supplies,Writing,Consumer,West,Gujarat,Ahmedabad,3,311.66,934.98,0.05,888.23,207.48
ORD-101406,2025-09-28,2025,Sep,9,CUST-0028,Karthik Rao,P004,Wireless Headphones,Technology,Accessories,Corporate,West,Maharashtra,Mumbai,2,4504.98,9009.96,0.1,8108.96,1335.31
ORD-100148,2025-09-29,2025,Sep,9,CUST-0454,Meera Iyer,P016,Standing Desk,Furniture,Tables,Consumer,East,West Bengal,Kolkata,4,32121.17,128484.68,0.05,122060.45,32087.86
ORD-100987,2025-09-29,2025,Sep,9,CUST-0218,Nisha Rao,P004,Wireless Headphones,Technology,Accessories,Consumer,West,Gujarat,Ahmedabad,6,4705.23,28231.38,0.1,25408.24,5261.83
ORD-101025,2025-09-29,2025,Sep,9,CUST-0099,Pooja Iyer,P034,Smart Watch,Technology,Wearables,Consumer,West,Maharashtra,Mumbai,5,12339.77,61698.85,0.0,61698.85,8631.2
ORD-101796,2025-09-29,2025,Sep,9,CUST-0462,Vivaan Kumar,P005,Noise Cancelling Headphones,Technology,Accessories,Corporate,South,Tamil Nadu,Chennai,1,7443.63,7443.63,0.05,7071.45,1575.36
ORD-101855,2025-09-29,2025,Sep,9,CUST-0396,Kavya Sharma,P032,Air Purifier,Home Appliances,Air Care,Small Business,North,Uttar Pradesh,Lucknow,2,17302.44,34604.88,0.1,31144.39,7072.42
ORD-102066,2025-09-29,2025,Sep,9,CUST-0177,Sneha Kumar,P011,Smartphone Pro,Technology,Phones,Small Business,North,Delhi,Delhi,6,68506.17,411037.02,0.15,349381.47,75579.02
ORD-102370,2025-09-29,2025,Sep,9,CUST-0059,Pooja Iyer,P031,Microwave Oven,Home Appliances,Kitchen,Small Business,South,Tamil Nadu,Chennai,5,14457.75,72288.75,0.05,68674.31,14997.98
ORD-100624,2025-09-30,2025,Sep,9,CUST-0218,Nisha Rao,P022,Printer Paper Pack,Office Supplies,Paper,Consumer,East,Odisha,Bhubaneswar,2,657.05,1314.1,0.05,1248.39,258.11
ORD-100711,2025-09-30,2025,Sep,9,CUST-0476,Kavya Sharma,P017,Bookshelf,Furniture,Storage,Small Business,West,Maharashtra,Pune,2,9382.92,18765.84,0.15,15950.96,1991.24
ORD-102354,2025-09-30,2025,Sep,9,CUST-0236,Kavya Sharma,P011,Smartphone Pro,Technology,Phones,Consumer,East,West Bengal,Kolkata,1,76133.4,76133.4,0.05,72326.73,12538.11
ORD-100275,2025-10-01,2025,Oct,10,CUST-0172,Ira Kumar,P002,Business Laptop 15,Technology,Laptops,Consumer,North,Delhi,Delhi,1,55601.28,55601.28,0.0,55601.28,12290.2
ORD-100830,2025-10-01,2025,Oct,10,CUST-0475,Priya Deshmukh,P010,Tablet Air 11,Technology,Tablets,Small Business,West,Gujarat,Ahmedabad,1,34074.62,34074.62,0.1,30667.16,5151.87
ORD-101336,2025-10-01,2025,Oct,10,CUST-0407,Rahul Kumar,P033,Robot Vacuum,Home Appliances,Cleaning,Consumer,West,Maharashtra,Pune,1,28117.24,28117.24,0.1,25305.52,5980.32
ORD-101698,2025-10-01,2025,Oct,10,CUST-0145,Ishaan Deshmukh,P006,Mechanical Keyboard,Technology,Accessories,Corporate,North,Rajasthan,Jaipur,1,5321.94,5321.94,0.0,5321.94,906.61
ORD-100743,2025-10-02,2025,Oct,10,CUST-0279,Pooja Iyer,P003,Gaming Laptop X,Technology,Laptops,Consumer,West,Gujarat,Ahmedabad,3,83217.64,249652.92,0.1,224687.63,32137.99
ORD-101432,2025-10-02,2025,Oct,10,CUST-0435,Priya Deshmukh,P006,Mechanical Keyboard,Technology,Accessories,Consumer,North,Rajasthan,Jaipur,5,5185.37,25926.85,0.1,23334.17,4030.2
ORD-101459,2025-10-02,2025,Oct,10,CUST-0140,Anika Deshmukh,P018,Filing Cabinet,Furniture,Storage,Corporate,East,Assam,Guwahati,3,11276.21,33828.63,0.05,32137.2,4633.03
ORD-101532,2025-10-02,2025,Oct,10,CUST-0319,Pooja Iyer,P035,Fitness Band,Technology,Wearables,Corporate,South,Telangana,Hyderabad,1,4312.7,4312.7,0.15,3665.79,697.77
ORD-101961,2025-10-02,2025,Oct,10,CUST-0309,Saanvi Iyer,P020,Printer,Office Supplies,Machines,Corporate,East,Odisha,Bhubaneswar,6,17129.75,102778.5,0.1,92500.65,24391.08
ORD-102935,2025-10-02,2025,Oct,10,CUST-0040,Anika Deshmukh,P013,Office Chair,Furniture,Chairs,Corporate,North,Rajasthan,Jaipur,6,12975.06,77850.36,0.05,73957.84,14268.03
ORD-100096,2025-10-03,2025,Oct,10,CUST-0458,Nisha Rao,P026,Stapler Heavy Duty,Office Supplies,Accessories,Consumer,West,Gujarat,Ahmedabad,2,757.19,1514.38,0.0,1514.38,398.19
ORD-100304,2025-10-03,2025,Oct,10,CUST-0002,Vivaan Kumar,P014,Ergonomic Chair Pro,Furniture,Chairs,Consumer,South,Tamil Nadu,Chennai,1,19086.25,19086.25,0.05,18131.94,4842.67
ORD-101472,2025-10-03,2025,Oct,10,CUST-0209,Saanvi Iyer,P039,Backpack,Office Supplies,Bags,Consumer,West,Maharashtra,Mumbai,1,2205.29,2205.29,0.0,2205.29,695.85
ORD-101999,2025-10-03,2025,Oct,10,CUST-0354,Meera Iyer,P010,Tablet Air 11,Technology,Tablets,Corporate,North,Uttar Pradesh,Lucknow,3,37663.62,112990.86,0.1,101691.77,12884.15
ORD-100037,2025-10-04,2025,Oct,10,CUST-0239,Pooja Iyer,P016,Standing Desk,Furniture,Tables,Consumer,North,Rajasthan,Jaipur,2,30358.28,60716.56,0.05,57680.73,13250.36
ORD-101377,2025-10-04,2025,Oct,10,CUST-0412,Ira Kumar,P021,Laser Printer Pro,Office Supplies,Machines,Corporate,East,Odisha,Bhubaneswar,1,27538.83,27538.83,0.15,23408.01,6046.58
ORD-101797,2025-10-04,2025,Oct,10,CUST-0185,Ishaan Deshmukh,P014,Ergonomic Chair Pro,Furniture,Chairs,Corporate,West,Maharashtra,Pune,1,19277.91,19277.91,0.1,17350.12,2367.32
ORD-100173,2025-10-05,2025,Oct,10,CUST-0388,Karthik Rao,P020,Printer,Office Supplies,Machines,Small Business,South,Tamil Nadu,Chennai,8,17204.17,137633.36,0.05,130751.69,37521.69
ORD-100213,2025-10-05,2025,Oct,10,CUST-0240,Anika Deshmukh,P034,Smart Watch,Technology,Wearables,Corporate,North,Delhi,Delhi,8,12367.77,98942.16,0.1,89047.94,21238.12
ORD-101907,2025-10-05,2025,Oct,10,CUST-0062,Vivaan Kumar,P017,Bookshelf,Furniture,Storage,Consumer,North,Delhi,Delhi,2,9917.9,19835.8,0.05,18844.01,3565.4
ORD-102241,2025-10-05,2025,Oct,10,CUST-0153,Aadhya Rao,P015,Executive Desk,Furniture,Tables,Corporate,East,West Bengal,Kolkata,4,23033.29,92133.16,0.05,87526.5,11961.13
ORD-102459,2025-10-05,2025,Oct,10,CUST-0120,Anika Deshmukh,P038,USB-C Hub,Technology,Accessories,Corporate,South,Telangana,Hyderabad,1,2642.72,2642.72,0.1,2378.45,398.41
ORD-100917,2025-10-06,2025,Oct,10,CUST-0374,Meera Iyer,P023,Premium Notebook,Office Supplies,Paper,Corporate,North,Delhi,Delhi,4,470.83,1883.32,0.1,1694.99,504.47
ORD-101888,2025-10-06,2025,Oct,10,CUST-0229,Saanvi Iyer,P036,Bluetooth Speaker,Technology,Audio,Corporate,East,Odisha,Bhubaneswar,1,5474.92,5474.92,0.2,4379.94,830.99
ORD-101950,2025-10-06,2025,Oct,10,CUST-0133,Aadhya Rao,P010,Tablet Air 11,Technology,Tablets,Corporate,West,Maharashtra,Pune,2,37254.66,74509.32,0.1,67058.39,6860.9
ORD-102170,2025-10-06,2025,Oct,10,CUST-0462,Vivaan Kumar,P039,Backpack,Office Supplies,Bags,Corporate,East,Assam,Guwahati,4,2305.36,9221.44,0.2,7377.15,1437.14
ORD-102236,2025-10-06,2025,Oct,10,CUST-0418,Nisha Rao,P006,Mechanical Keyboard,Technology,Accessories,Small Business,North,Uttar Pradesh,Lucknow,3,4918.51,14755.53,0.1,13279.98,2048.13
ORD-102432,2025-10-06,2025,Oct,10,CUST-0202,Vivaan Kumar,P009,UltraWide Monitor 34,Technology,Monitors,Consumer,West,Maharashtra,Pune,2,43100.42,86200.84,0.0,86200.84,12031.78
ORD-100185,2025-10-07,2025,Oct,10,CUST-0353,Aadhya Rao,P019,Conference Table,Furniture,Tables,Consumer,West,Gujarat,Ahmedabad,2,41453.19,82906.38,0.0,82906.38,10975.96
ORD-100550,2025-10-07,2025,Oct,10,CUST-0340,Anika Deshmukh,P008,4K Monitor 27,Technology,Monitors,Corporate,West,Gujarat,Ahmedabad,2,29731.22,59462.44,0.1,53516.2,10479.19
ORD-101283,2025-10-07,2025,Oct,10,CUST-0410,Ananya Deshmukh,P017,Bookshelf,Furniture,Storage,Small Business,West,Gujarat,Ahmedabad,2,9636.51,19273.02,0.1,17345.72,2814.09
ORD-102404,2025-10-07,2025,Oct,10,CUST-0421,Aarav Sharma,P029,Air Fryer,Home Appliances,Kitchen,Corporate,West,Maharashtra,Pune,1,9217.0,9217.0,0.15,7834.45,1129.7
ORD-102419,2025-10-07,2025,Oct,10,CUST-0016,Kavya Sharma,P002,Business Laptop 15,Technology,Laptops,Small Business,East,West Bengal,Kolkata,5,53380.44,266902.2,0.05,253557.09,44623.57
ORD-102792,2025-10-07,2025,Oct,10,CUST-0381,Aarav Sharma,P040,Travel Backpack Pro,Office Supplies,Bags,Corporate,West,Maharashtra,Pune,1,4862.31,4862.31,0.1,4376.08,1412.61
ORD-102825,2025-10-07,2025,Oct,10,CUST-0035,Priya Deshmukh,P011,Smartphone Pro,Technology,Phones,Small Business,West,Gujarat,Ahmedabad,4,68357.17,273428.68,0.05,259757.25,36374.57
ORD-100201,2025-10-08,2025,Oct,10,CUST-0411,Diya Sharma,P009,UltraWide Monitor 34,Technology,Monitors,Consumer,West,Maharashtra,Pune,2,41455.98,82911.96,0.0,82911.96,17640.94
ORD-101028,2025-10-08,2025,Oct,10,CUST-0329,Saanvi Iyer,P031,Microwave Oven,Home Appliances,Kitchen,Corporate,East,Odisha,Bhubaneswar,3,14751.63,44254.89,0.05,42042.15,9061.77
ORD-100220,2025-10-09,2025,Oct,10,CUST-0311,Diya Sharma,P005,Noise Cancelling Headphones,Technology,Accessories,Consumer,West,Maharashtra,Mumbai,2,7204.56,14409.12,0.05,13688.66,2180.13
ORD-100937,2025-10-09,2025,Oct,10,CUST-0086,Rohan Sharma,P001,Laptop Pro 14,Technology,Laptops,Consumer,South,Telangana,Hyderabad,2,64307.96,128615.92,0.1,115754.33,28025.0
ORD-101159,2025-10-09,2025,Oct,10,CUST-0463,Aditya Rao,P040,Travel Backpack Pro,Office Supplies,Bags,Consumer,North,Uttar Pradesh,Lucknow,2,4640.65,9281.3,0.05,8817.23,2187.64
ORD-101538,2025-10-09,2025,Oct,10,CUST-0081,Aarav Sharma,P023,Premium Notebook,Office Supplies,Paper,Small Business,West,Gujarat,Ahmedabad,10,440.42,4404.2,0.15,3743.57,1216.99
ORD-101719,2025-10-09,2025,Oct,10,CUST-0049,Saanvi Iyer,P024,Gel Pen Set,Office Supplies,Writing,Consumer,North,Delhi,Delhi,3,321.97,965.91,0.05,917.61,243.4
ORD-101976,2025-10-09,2025,Oct,10,CUST-0405,Ishaan Deshmukh,P033,Robot Vacuum,Home Appliances,Cleaning,Corporate,West,Maharashtra,Mumbai,3,27517.94,82553.82,0.05,78426.13,13467.14
ORD-102867,2025-10-09,2025,Oct,10,CUST-0170,Ananya Deshmukh,P013,Office Chair,Furniture,Chairs,Consumer,South,Tamil Nadu,Chennai,1,12837.38,12837.38,0.05,12195.51,1504.86
ORD-102495,2025-10-10,2025,Oct,10,CUST-0456,Kavya Sharma,P016,Standing Desk,Furniture,Tables,Consumer,North,Delhi,Delhi,2,30393.59,60787.18,0.1,54708.46,14617.36
ORD-102603,2025-10-10,2025,Oct,10,CUST-0117,Sneha Kumar,P001,Laptop Pro 14,Technology,Laptops,Corporate,East,Assam,Guwahati,1,58703.98,58703.98,0.15,49898.38,5040.76
ORD-100571,2025-10-11,2025,Oct,10,CUST-0310,Ananya Deshmukh,P038,USB-C Hub,Technology,Accessories,Small Business,East,West Bengal,Kolkata,2,2701.16,5402.32,0.05,5132.2,989.39
ORD-101029,2025-10-11,2025,Oct,10,CUST-0429,Saanvi Iyer,P011,Smartphone Pro,Technology,Phones,Small Business,South,Tamil Nadu,Chennai,2,75533.76,151067.52,0.0,151067.52,15740.93
ORD-101697,2025-10-11,2025,Oct,10,CUST-0409,Saanvi Iyer,P022,Printer Paper Pack,Office Supplies,Paper,Corporate,East,West Bengal,Kolkata,2,621.0,1242.0,0.05,1179.9,281.61
ORD-100953,2025-10-12,2025,Oct,10,CUST-0130,Ananya Deshmukh,P017,Bookshelf,Furniture,Storage,Consumer,West,Maharashtra,Pune,1,9685.69,9685.69,0.0,9685.69,1665.83
ORD-102420,2025-10-12,2025,Oct,10,CUST-0007,Rahul Kumar,P024,Gel Pen Set,Office Supplies,Writing,Consumer,East,West Bengal,Kolkata,2,322.13,644.26,0.05,612.05,201.68
ORD-102818,2025-10-12,2025,Oct,10,CUST-0413,Aadhya Rao,P021,Laser Printer Pro,Office Supplies,Machines,Consumer,East,West Bengal,Kolkata,5,27357.7,136788.5,0.1,123109.65,23247.28
ORD-101359,2025-10-13,2025,Oct,10,CUST-0363,Aditya Rao,P029,Air Fryer,Home Appliances,Kitchen,Consumer,North,Rajasthan,Jaipur,2,9230.47,18460.94,0.1,16614.85,2550.58
ORD-100558,2025-10-14,2025,Oct,10,CUST-0096,Kavya Sharma,P026,Stapler Heavy Duty,Office Supplies,Accessories,Consumer,East,Assam,Guwahati,1,705.7,705.7,0.0,705.7,154.77
ORD-100593,2025-10-14,2025,Oct,10,CUST-0230,Ananya Deshmukh,P024,Gel Pen Set,Office Supplies,Writing,Consumer,East,Odisha,Bhubaneswar,5,311.56,1557.8,0.1,1402.02,280.65
ORD-101732,2025-10-14,2025,Oct,10,CUST-0300,Anika Deshmukh,P004,Wireless Headphones,Technology,Accessories,Consumer,South,Karnataka,Bengaluru,2,4485.36,8970.72,0.0,8970.72,1367.6
ORD-102271,2025-10-14,2025,Oct,10,CUST-0147,Rahul Kumar,P012,Smartphone Plus,Technology,Phones,Consumer,West,Maharashtra,Mumbai,1,50848.82,50848.82,0.0,50848.82,5236.8
ORD-102565,2025-10-14,2025,Oct,10,CUST-0024,Arjun Iyer,P003,Gaming Laptop X,Technology,Laptops,Consumer,West,Maharashtra,Mumbai,1,82808.02,82808.02,0.0,82808.02,13316.16
ORD-102722,2025-10-14,2025,Oct,10,CUST-0079,Pooja Iyer,P014,Ergonomic Chair Pro,Furniture,Chairs,Corporate,East,Odisha,Bhubaneswar,2,17547.13,35094.26,0.1,31584.83,4590.03
ORD-100261,2025-10-15,2025,Oct,10,CUST-0045,Ishaan Deshmukh,P026,Stapler Heavy Duty,Office Supplies,Accessories,Consumer,East,Odisha,Bhubaneswar,2,741.93,1483.86,0.0,1483.86,356.58
ORD-101594,2025-10-15,2025,Oct,10,CUST-0316,Kavya Sharma,P025,Desk Organizer,Office Supplies,Accessories,Small Business,East,Assam,Guwahati,1,886.42,886.42,0.05,842.1,173.43
ORD-100270,2025-10-16,2025,Oct,10,CUST-0010,Ananya Deshmukh,P002,Business Laptop 15,Technology,Laptops,Small Business,South,Karnataka,Bengaluru,1,54026.33,54026.33,0.0,54026.33,8835.91
ORD-100532,2025-10-16,2025,Oct,10,CUST-0213,Aadhya Rao,P031,Microwave Oven,Home Appliances,Kitchen,Small Business,East,Odisha,Bhubaneswar,3,14783.48,44350.44,0.05,42132.92,9592.58
ORD-101216,2025-10-16,2025,Oct,10,CUST-0097,Sneha Kumar,P019,Conference Table,Furniture,Tables,Small Business,East,Assam,Guwahati,2,40022.02,80044.04,0.05,76041.84,14083.16
ORD-102971,2025-10-16,2025,Oct,10,CUST-0115,Priya Deshmukh,P032,Air Purifier,Home Appliances,Air Care,Consumer,South,Telangana,Hyderabad,3,17126.64,51379.92,0.0,51379.92,10782.58
ORD-100030,2025-10-17,2025,Oct,10,CUST-0441,Aarav Sharma,P023,Premium Notebook,Office Supplies,Paper,Consumer,South,Telangana,Hyderabad,4,439.76,1759.04,0.0,1759.04,608.23
ORD-100155,2025-10-17,2025,Oct,10,CUST-0097,Sneha Kumar,P008,4K Monitor 27,Technology,Monitors,Consumer,West,Gujarat,Ahmedabad,4,28727.16,114908.64,0.05,109163.21,24483.35
ORD-100408,2025-10-17,2025,Oct,10,CUST-0196,Kavya Sharma,P019,Conference Table,Furniture,Tables,Consumer,East,Assam,Guwahati,1,41446.99,41446.99,0.0,41446.99,6100.6
ORD-100609,2025-10-17,2025,Oct,10,CUST-0312,Ira Kumar,P037,Power Bank,Technology,Accessories,Corporate,North,Rajasthan,Jaipur,3,2055.1,6165.3,0.15,5240.51,695.26
ORD-100661,2025-10-17,2025,Oct,10,CUST-0004,Arjun Iyer,P033,Robot Vacuum,Home Appliances,Cleaning,Consumer,West,Maharashtra,Mumbai,3,27554.52,82663.56,0.0,82663.56,14156.08
ORD-102267,2025-10-17,2025,Oct,10,CUST-0377,Sneha Kumar,P039,Backpack,Office Supplies,Bags,Consumer,South,Telangana,Hyderabad,4,2187.97,8751.88,0.1,7876.69,1617.82
ORD-102900,2025-10-17,2025,Oct,10,CUST-0366,Rohan Sharma,P032,Air Purifier,Home Appliances,Air Care,Small Business,East,West Bengal,Kolkata,1,16416.53,16416.53,0.1,14774.88,3434.34
ORD-100195,2025-10-18,2025,Oct,10,CUST-0319,Pooja Iyer,P034,Smart Watch,Technology,Wearables,Consumer,East,West Bengal,Kolkata,3,12757.78,38273.34,0.15,32532.34,5063.23
ORD-100618,2025-10-18,2025,Oct,10,CUST-0196,Kavya Sharma,P011,Smartphone Pro,Technology,Phones,Consumer,East,Odisha,Bhubaneswar,2,67981.67,135963.34,0.0,135963.34,27059.1
ORD-101468,2025-10-18,2025,Oct,10,CUST-0037,Sneha Kumar,P024,Gel Pen Set,Office Supplies,Writing,Corporate,West,Maharashtra,Mumbai,5,318.03,1590.15,0.1,1431.14,322.9
ORD-101966,2025-10-18,2025,Oct,10,CUST-0141,Aarav Sharma,P001,Laptop Pro 14,Technology,Laptops,Corporate,East,Assam,Guwahati,3,62575.11,187725.33,0.15,159566.53,18641.3
ORD-102918,2025-10-18,2025,Oct,10,CUST-0057,Sneha Kumar,P039,Backpack,Office Supplies,Bags,Consumer,West,Maharashtra,Mumbai,1,2282.1,2282.1,0.1,2053.89,567.91
ORD-100186,2025-10-19,2025,Oct,10,CUST-0285,Ishaan Deshmukh,P017,Bookshelf,Furniture,Storage,Small Business,East,West Bengal,Kolkata,3,9253.37,27760.11,0.0,27760.11,4245.39
ORD-101577,2025-10-19,2025,Oct,10,CUST-0476,Kavya Sharma,P040,Travel Backpack Pro,Office Supplies,Bags,Corporate,South,Telangana,Hyderabad,2,4845.96,9691.92,0.1,8722.73,2801.6
ORD-101774,2025-10-19,2025,Oct,10,CUST-0012,Ira Kumar,P002,Business Laptop 15,Technology,Laptops,Consumer,North,Uttar Pradesh,Lucknow,1,51160.1,51160.1,0.0,51160.1,6321.69
ORD-101990,2025-10-19,2025,Oct,10,CUST-0239,Pooja Iyer,P011,Smartphone Pro,Technology,Phones,Consumer,East,Odisha,Bhubaneswar,1,68156.74,68156.74,0.15,57933.23,10457.91
ORD-102398,2025-10-19,2025,Oct,10,CUST-0205,Ishaan Deshmukh,P021,Laser Printer Pro,Office Supplies,Machines,Small Business,North,Rajasthan,Jaipur,5,27471.77,137358.85,0.1,123622.97,41110.89
ORD-102731,2025-10-19,2025,Oct,10,CUST-0142,Vivaan Kumar,P006,Mechanical Keyboard,Technology,Accessories,Small Business,North,Delhi,Delhi,3,5467.31,16401.93,0.0,16401.93,2772.76
ORD-102866,2025-10-19,2025,Oct,10,CUST-0132,Ira Kumar,P023,Premium Notebook,Office Supplies,Paper,Small Business,East,West Bengal,Kolkata,1,457.65,457.65,0.05,434.77,114.09
ORD-100298,2025-10-20,2025,Oct,10,CUST-0041,Aarav Sharma,P034,Smart Watch,Technology,Wearables,Corporate,North,Uttar Pradesh,Lucknow,3,12881.86,38645.58,0.15,32848.74,7566.97
ORD-100790,2025-10-20,2025,Oct,10,CUST-0211,Diya Sharma,P012,Smartphone Plus,Technology,Phones,Consumer,North,Uttar Pradesh,Lucknow,1,47985.94,47985.94,0.05,45586.64,9306.85
ORD-100845,2025-10-20,2025,Oct,10,CUST-0441,Aarav Sharma,P002,Business Laptop 15,Technology,Laptops,Corporate,West,Maharashtra,Mumbai,2,52085.0,104170.0,0.05,98961.5,22895.62
ORD-101102,2025-10-20,2025,Oct,10,CUST-0469,Saanvi Iyer,P013,Office Chair,Furniture,Chairs,Corporate,South,Telangana,Hyderabad,2,12078.76,24157.52,0.1,21741.77,5226.19
ORD-101514,2025-10-20,2025,Oct,10,CUST-0340,Anika Deshmukh,P012,Smartphone Plus,Technology,Phones,Consumer,South,Tamil Nadu,Chennai,2,49166.8,98333.6,0.05,93416.92,21547.92
ORD-101583,2025-10-20,2025,Oct,10,CUST-0358,Nisha Rao,P024,Gel Pen Set,Office Supplies,Writing,Consumer,East,Odisha,Bhubaneswar,3,335.11,1005.33,0.1,904.8,312.7
ORD-102718,2025-10-20,2025,Oct,10,CUST-0197,Sneha Kumar,P038,USB-C Hub,Technology,Accessories,Corporate,West,Maharashtra,Mumbai,2,2686.86,5373.72,0.05,5105.03,1132.74
ORD-102884,2025-10-20,2025,Oct,10,CUST-0441,Aarav Sharma,P007,Wireless Mouse,Technology,Accessories,Consumer,North,Rajasthan,Jaipur,3,1847.71,5543.13,0.0,5543.13,956.76
ORD-100469,2025-10-21,2025,Oct,10,CUST-0432,Ira Kumar,P022,Printer Paper Pack,Office Supplies,Paper,Corporate,West,Maharashtra,Mumbai,2,673.33,1346.66,0.1,1211.99,420.14
ORD-102537,2025-10-21,2025,Oct,10,CUST-0223,Aditya Rao,P032,Air Purifier,Home Appliances,Air Care,Small Business,South,Karnataka,Bengaluru,2,16894.54,33789.08,0.05,32099.63,6711.95
ORD-100008,2025-10-22,2025,Oct,10,CUST-0084,Arjun Iyer,P012,Smartphone Plus,Technology,Phones,Corporate,West,Maharashtra,Pune,2,45624.86,91249.72,0.05,86687.23,21176.36
ORD-101001,2025-10-22,2025,Oct,10,CUST-0474,Meera Iyer,P015,Executive Desk,Furniture,Tables,Small Business,South,Tamil Nadu,Chennai,3,23439.4,70318.2,0.05,66802.29,8600.26
ORD-100011,2025-10-23,2025,Oct,10,CUST-0429,Saanvi Iyer,P030,Mixer Grinder,Home Appliances,Kitchen,Consumer,West,Gujarat,Ahmedabad,3,6868.62,20605.86,0.05,19575.57,2368.21
ORD-100374,2025-10-23,2025,Oct,10,CUST-0262,Vivaan Kumar,P002,Business Laptop 15,Technology,Laptops,Corporate,West,Maharashtra,Pune,2,53599.78,107199.56,0.05,101839.58,13383.16
ORD-100947,2025-10-23,2025,Oct,10,CUST-0339,Pooja Iyer,P006,Mechanical Keyboard,Technology,Accessories,Corporate,West,Gujarat,Ahmedabad,1,5151.34,5151.34,0.15,4378.64,940.62
ORD-101024,2025-10-23,2025,Oct,10,CUST-0132,Ira Kumar,P011,Smartphone Pro,Technology,Phones,Consumer,South,Tamil Nadu,Chennai,3,74858.81,224576.43,0.1,202118.79,33484.7
ORD-101405,2025-10-23,2025,Oct,10,CUST-0285,Ishaan Deshmukh,P020,Printer,Office Supplies,Machines,Consumer,North,Rajasthan,Jaipur,4,16851.45,67405.8,0.1,60665.22,15517.87
ORD-102352,2025-10-23,2025,Oct,10,CUST-0482,Vivaan Kumar,P027,Whiteboard,Office Supplies,Presentation,Consumer,West,Maharashtra,Mumbai,5,4849.63,24248.15,0.05,23035.74,6256.1
ORD-102582,2025-10-23,2025,Oct,10,CUST-0040,Anika Deshmukh,P017,Bookshelf,Furniture,Storage,Corporate,East,Odisha,Bhubaneswar,6,10114.48,60686.88,0.1,54618.19,11317.08
ORD-102629,2025-10-23,2025,Oct,10,CUST-0016,Kavya Sharma,P029,Air Fryer,Home Appliances,Kitchen,Small Business,South,Telangana,Hyderabad,2,9357.1,18714.2,0.0,18714.2,2676.22
ORD-100564,2025-10-24,2025,Oct,10,CUST-0256,Kavya Sharma,P026,Stapler Heavy Duty,Office Supplies,Accessories,Corporate,East,West Bengal,Kolkata,2,747.26,1494.52,0.15,1270.34,401.74
ORD-101196,2025-10-24,2025,Oct,10,CUST-0248,Karthik Rao,P001,Laptop Pro 14,Technology,Laptops,Corporate,South,Telangana,Hyderabad,1,62355.69,62355.69,0.15,53002.34,5556.51
ORD-101824,2025-10-24,2025,Oct,10,CUST-0258,Nisha Rao,P025,Desk Organizer,Office Supplies,Accessories,Consumer,West,Maharashtra,Pune,3,824.77,2474.31,0.05,2350.59,460.62
ORD-102246,2025-10-24,2025,Oct,10,CUST-0469,Saanvi Iyer,P024,Gel Pen Set,Office Supplies,Writing,Consumer,West,Maharashtra,Mumbai,1,324.53,324.53,0.0,324.53,89.55
ORD-100528,2025-10-25,2025,Oct,10,CUST-0421,Aarav Sharma,P009,UltraWide Monitor 34,Technology,Monitors,Consumer,West,Maharashtra,Mumbai,1,41764.09,41764.09,0.05,39675.89,5040.94
ORD-102000,2025-10-25,2025,Oct,10,CUST-0499,Pooja Iyer,P033,Robot Vacuum,Home Appliances,Cleaning,Consumer,South,Tamil Nadu,Chennai,5,26980.11,134900.55,0.05,128155.52,27428.22
ORD-102224,2025-10-25,2025,Oct,10,CUST-0300,Anika Deshmukh,P004,Wireless Headphones,Technology,Accessories,Consumer,North,Delhi,Delhi,3,4378.73,13136.19,0.05,12479.38,1945.69
ORD-102299,2025-10-25,2025,Oct,10,CUST-0311,Diya Sharma,P038,USB-C Hub,Technology,Accessories,Consumer,West,Gujarat,Ahmedabad,1,2461.91,2461.91,0.1,2215.72,545.79
ORD-100856,2025-10-26,2025,Oct,10,CUST-0220,Anika Deshmukh,P025,Desk Organizer,Office Supplies,Accessories,Corporate,West,Maharashtra,Mumbai,2,872.83,1745.66,0.1,1571.09,484.39
ORD-100777,2025-10-27,2025,Oct,10,CUST-0301,Aarav Sharma,P001,Laptop Pro 14,Technology,Laptops,Corporate,West,Maharashtra,Mumbai,3,60750.95,182252.85,0.15,154914.92,32118.76
ORD-101187,2025-10-27,2025,Oct,10,CUST-0480,Anika Deshmukh,P008,4K Monitor 27,Technology,Monitors,Consumer,East,Odisha,Bhubaneswar,6,27263.07,163578.42,0.0,163578.42,18049.72
ORD-102154,2025-10-27,2025,Oct,10,CUST-0376,Kavya Sharma,P007,Wireless Mouse,Technology,Accessories,Consumer,East,Assam,Guwahati,1,1905.63,1905.63,0.1,1715.07,295.18
ORD-102257,2025-10-27,2025,Oct,10,CUST-0458,Nisha Rao,P026,Stapler Heavy Duty,Office Supplies,Accessories,Small Business,North,Uttar Pradesh,Lucknow,3,740.14,2220.42,0.05,2109.4,529.12
ORD-102538,2025-10-27,2025,Oct,10,CUST-0412,Ira Kumar,P020,Printer,Office Supplies,Machines,Corporate,East,Odisha,Bhubaneswar,6,17358.65,104151.9,0.2,83321.52,17344.68
ORD-100091,2025-10-28,2025,Oct,10,CUST-0093,Aadhya Rao,P022,Printer Paper Pack,Office Supplies,Paper,Corporate,West,Maharashtra,Mumbai,6,650.99,3905.94,0.1,3515.35,655.44
ORD-101308,2025-10-28,2025,Oct,10,CUST-0498,Nisha Rao,P008,4K Monitor 27,Technology,Monitors,Corporate,North,Rajasthan,Jaipur,5,28123.18,140615.9,0.1,126554.31,13341.49
ORD-101530,2025-10-28,2025,Oct,10,CUST-0448,Karthik Rao,P012,Smartphone Plus,Technology,Phones,Consumer,East,Odisha,Bhubaneswar,10,48486.1,484861.0,0.0,484861.0,67797.51
ORD-102255,2025-10-28,2025,Oct,10,CUST-0423,Aditya Rao,P036,Bluetooth Speaker,Technology,Audio,Consumer,West,Maharashtra,Mumbai,1,5851.17,5851.17,0.1,5266.05,1301.46
ORD-102264,2025-10-28,2025,Oct,10,CUST-0023,Aditya Rao,P032,Air Purifier,Home Appliances,Air Care,Consumer,North,Rajasthan,Jaipur,4,16470.21,65880.84,0.05,62586.8,9799.01
ORD-102413,2025-10-28,2025,Oct,10,CUST-0282,Vivaan Kumar,P001,Laptop Pro 14,Technology,Laptops,Consumer,South,Tamil Nadu,Chennai,8,59583.8,476670.4,0.05,452836.88,112540.63
ORD-102614,2025-10-28,2025,Oct,10,CUST-0102,Vivaan Kumar,P027,Whiteboard,Office Supplies,Presentation,Consumer,West,Maharashtra,Pune,2,4651.68,9303.36,0.0,9303.36,1734.81
ORD-101185,2025-10-30,2025,Oct,10,CUST-0206,Rohan Sharma,P030,Mixer Grinder,Home Appliances,Kitchen,Consumer,West,Maharashtra,Mumbai,2,6775.36,13550.72,0.1,12195.65,2867.99
ORD-102758,2025-10-30,2025,Oct,10,CUST-0448,Karthik Rao,P001,Laptop Pro 14,Technology,Laptops,Consumer,East,Assam,Guwahati,2,59938.69,119877.38,0.0,119877.38,21689.59
ORD-100160,2025-10-31,2025,Oct,10,CUST-0151,Diya Sharma,P008,4K Monitor 27,Technology,Monitors,Consumer,North,Uttar Pradesh,Lucknow,1,28235.75,28235.75,0.0,28235.75,3394.04
ORD-100371,2025-10-31,2025,Oct,10,CUST-0280,Anika Deshmukh,P011,Smartphone Pro,Technology,Phones,Consumer,East,West Bengal,Kolkata,6,70166.67,421000.02,0.05,399950.02,43237.86
ORD-100411,2025-10-31,2025,Oct,10,CUST-0317,Sneha Kumar,P006,Mechanical Keyboard,Technology,Accessories,Consumer,East,West Bengal,Kolkata,1,4989.2,4989.2,0.05,4739.74,709.48
ORD-100475,2025-10-31,2025,Oct,10,CUST-0499,Pooja Iyer,P034,Smart Watch,Technology,Wearables,Small Business,North,Uttar Pradesh,Lucknow,2,12180.25,24360.5,0.0,24360.5,4267.51
ORD-100562,2025-10-31,2025,Oct,10,CUST-0489,Saanvi Iyer,P032,Air Purifier,Home Appliances,Air Care,Consumer,South,Tamil Nadu,Chennai,1,15879.77,15879.77,0.05,15085.78,3318.93
ORD-100709,2025-10-31,2025,Oct,10,CUST-0457,Sneha Kumar,P030,Mixer Grinder,Home Appliances,Kitchen,Corporate,North,Delhi,Delhi,5,7149.5,35747.5,0.1,32172.75,5281.7
ORD-101234,2025-10-31,2025,Oct,10,CUST-0481,Aarav Sharma,P003,Gaming Laptop X,Technology,Laptops,Consumer,West,Maharashtra,Pune,5,90147.97,450739.85,0.0,450739.85,55885.47
ORD-100541,2025-11-01,2025,Nov,11,CUST-0051,Diya Sharma,P030,Mixer Grinder,Home Appliances,Kitchen,Consumer,North,Delhi,Delhi,1,6655.74,6655.74,0.05,6322.95,1206.63
ORD-100976,2025-11-01,2025,Nov,11,CUST-0349,Saanvi Iyer,P019,Conference Table,Furniture,Tables,Consumer,North,Delhi,Delhi,3,40191.95,120575.85,0.0,120575.85,27122.85
ORD-101427,2025-11-01,2025,Nov,11,CUST-0232,Ira Kumar,P014,Ergonomic Chair Pro,Furniture,Chairs,Corporate,East,Odisha,Bhubaneswar,2,19479.21,38958.42,0.15,33114.66,4120.24
ORD-101600,2025-11-01,2025,Nov,11,CUST-0069,Saanvi Iyer,P012,Smartphone Plus,Technology,Phones,Small Business,South,Karnataka,Bengaluru,2,48183.38,96366.76,0.1,86730.08,16191.11
ORD-102568,2025-11-01,2025,Nov,11,CUST-0125,Ishaan Deshmukh,P006,Mechanical Keyboard,Technology,Accessories,Consumer,South,Telangana,Hyderabad,1,5230.2,5230.2,0.05,4968.69,1154.39
ORD-100200,2025-11-02,2025,Nov,11,CUST-0415,Priya Deshmukh,P003,Gaming Laptop X,Technology,Laptops,Corporate,North,Uttar Pradesh,Lucknow,4,90618.78,362475.12,0.15,308103.85,51526.08
ORD-100281,2025-11-02,2025,Nov,11,CUST-0448,Karthik Rao,P017,Bookshelf,Furniture,Storage,Corporate,South,Karnataka,Bengaluru,2,10304.79,20609.58,0.05,19579.1,5464.2
ORD-100636,2025-11-02,2025,Nov,11,CUST-0159,Pooja Iyer,P032,Air Purifier,Home Appliances,Air Care,Corporate,West,Gujarat,Ahmedabad,2,16687.51,33375.02,0.1,30037.52,5565.11
ORD-101508,2025-11-02,2025,Nov,11,CUST-0128,Karthik Rao,P027,Whiteboard,Office Supplies,Presentation,Corporate,South,Tamil Nadu,Chennai,4,4544.97,18179.88,0.1,16361.89,5792.97
ORD-102056,2025-11-02,2025,Nov,11,CUST-0127,Rahul Kumar,P008,4K Monitor 27,Technology,Monitors,Small Business,South,Karnataka,Bengaluru,4,27973.56,111894.24,0.05,106299.53,18116.64
ORD-102688,2025-11-02,2025,Nov,11,CUST-0008,Karthik Rao,P021,Laser Printer Pro,Office Supplies,Machines,Corporate,North,Delhi,Delhi,2,27025.19,54050.38,0.1,48645.34,15090.85
ORD-100069,2025-11-03,2025,Nov,11,CUST-0235,Priya Deshmukh,P006,Mechanical Keyboard,Technology,Accessories,Small Business,West,Maharashtra,Mumbai,1,5033.3,5033.3,0.05,4781.64,829.76
ORD-100444,2025-11-03,2025,Nov,11,CUST-0432,Ira Kumar,P012,Smartphone Plus,Technology,Phones,Consumer,North,Rajasthan,Jaipur,3,48849.09,146547.27,0.0,146547.27,24349.75
ORD-101210,2025-11-03,2025,Nov,11,CUST-0157,Sneha Kumar,P015,Executive Desk,Furniture,Tables,Small Business,East,West Bengal,Kolkata,2,23993.28,47986.56,0.05,45587.23,8633.59
ORD-102618,2025-11-03,2025,Nov,11,CUST-0336,Kavya Sharma,P002,Business Laptop 15,Technology,Laptops,Consumer,North,Uttar Pradesh,Lucknow,2,56601.21,113202.42,0.0,113202.42,23660.63
ORD-102736,2025-11-03,2025,Nov,11,CUST-0109,Saanvi Iyer,P007,Wireless Mouse,Technology,Accessories,Corporate,North,Delhi,Delhi,1,1852.08,1852.08,0.1,1666.87,249.3
ORD-100240,2025-11-04,2025,Nov,11,CUST-0295,Priya Deshmukh,P008,4K Monitor 27,Technology,Monitors,Consumer,South,Tamil Nadu,Chennai,1,28267.25,28267.25,0.1,25440.53,5343.02
ORD-101713,2025-11-04,2025,Nov,11,CUST-0053,Aadhya Rao,P026,Stapler Heavy Duty,Office Supplies,Accessories,Small Business,West,Maharashtra,Mumbai,6,750.16,4500.96,0.05,4275.91,951.75
ORD-102151,2025-11-04,2025,Nov,11,CUST-0037,Sneha Kumar,P023,Premium Notebook,Office Supplies,Paper,Consumer,North,Uttar Pradesh,Lucknow,6,465.76,2794.56,0.0,2794.56,707.9
ORD-102182,2025-11-04,2025,Nov,11,CUST-0427,Rahul Kumar,P022,Printer Paper Pack,Office Supplies,Paper,Small Business,North,Delhi,Delhi,1,674.71,674.71,0.05,640.97,171.96
ORD-102552,2025-11-04,2025,Nov,11,CUST-0344,Arjun Iyer,P035,Fitness Band,Technology,Wearables,Consumer,West,Maharashtra,Mumbai,3,4021.14,12063.42,0.1,10857.08,1449.35
ORD-102559,2025-11-04,2025,Nov,11,CUST-0290,Ananya Deshmukh,P002,Business Laptop 15,Technology,Laptops,Corporate,West,Gujarat,Ahmedabad,1,55392.15,55392.15,0.15,47083.33,8725.21
ORD-100472,2025-11-05,2025,Nov,11,CUST-0445,Ishaan Deshmukh,P013,Office Chair,Furniture,Chairs,Consumer,West,Gujarat,Ahmedabad,4,12135.01,48540.04,0.1,43686.04,5757.55
ORD-102031,2025-11-05,2025,Nov,11,CUST-0010,Ananya Deshmukh,P014,Ergonomic Chair Pro,Furniture,Chairs,Consumer,West,Maharashtra,Pune,1,18097.12,18097.12,0.1,16287.41,2129.05
ORD-102309,2025-11-05,2025,Nov,11,CUST-0136,Kavya Sharma,P021,Laser Printer Pro,Office Supplies,Machines,Consumer,West,Maharashtra,Pune,3,30206.32,90618.96,0.05,86088.01,23672.04
ORD-102689,2025-11-06,2025,Nov,11,CUST-0150,Ananya Deshmukh,P006,Mechanical Keyboard,Technology,Accessories,Small Business,South,Telangana,Hyderabad,3,5378.84,16136.52,0.15,13716.04,2542.8
ORD-100537,2025-11-07,2025,Nov,11,CUST-0484,Arjun Iyer,P027,Whiteboard,Office Supplies,Presentation,Corporate,East,West Bengal,Kolkata,1,4966.55,4966.55,0.05,4718.22,1439.71
ORD-100658,2025-11-07,2025,Nov,11,CUST-0291,Diya Sharma,P024,Gel Pen Set,Office Supplies,Writing,Corporate,South,Telangana,Hyderabad,1,312.97,312.97,0.15,266.02,75.76
ORD-101621,2025-11-07,2025,Nov,11,CUST-0328,Karthik Rao,P006,Mechanical Keyboard,Technology,Accessories,Consumer,North,Delhi,Delhi,1,4979.02,4979.02,0.0,4979.02,689.25
ORD-101662,2025-11-08,2025,Nov,11,CUST-0489,Saanvi Iyer,P008,4K Monitor 27,Technology,Monitors,Corporate,South,Tamil Nadu,Chennai,1,27620.08,27620.08,0.15,23477.07,4379.37
ORD-101930,2025-11-08,2025,Nov,11,CUST-0320,Anika Deshmukh,P037,Power Bank,Technology,Accessories,Small Business,North,Rajasthan,Jaipur,8,2136.75,17094.0,0.1,15384.6,2813.38
ORD-100039,2025-11-09,2025,Nov,11,CUST-0327,Rahul Kumar,P032,Air Purifier,Home Appliances,Air Care,Corporate,North,Delhi,Delhi,2,16965.09,33930.18,0.05,32233.67,6457.17
ORD-100140,2025-11-09,2025,Nov,11,CUST-0159,Pooja Iyer,P040,Travel Backpack Pro,Office Supplies,Bags,Corporate,East,Odisha,Bhubaneswar,4,4951.25,19805.0,0.1,17824.5,4672.9
ORD-100906,2025-11-09,2025,Nov,11,CUST-0364,Arjun Iyer,P030,Mixer Grinder,Home Appliances,Kitchen,Corporate,North,Rajasthan,Jaipur,3,6602.1,19806.3,0.2,15845.04,2568.38
ORD-101980,2025-11-09,2025,Nov,11,CUST-0058,Nisha Rao,P031,Microwave Oven,Home Appliances,Kitchen,Corporate,South,Karnataka,Bengaluru,3,15057.82,45173.46,0.15,38397.44,6507.47
ORD-102203,2025-11-09,2025,Nov,11,CUST-0044,Arjun Iyer,P008,4K Monitor 27,Technology,Monitors,Consumer,South,Karnataka,Bengaluru,1,29371.39,29371.39,0.05,27902.82,3066.94
ORD-100205,2025-11-10,2025,Nov,11,CUST-0204,Arjun Iyer,P022,Printer Paper Pack,Office Supplies,Paper,Small Business,East,West Bengal,Kolkata,1,628.56,628.56,0.1,565.7,188.16
ORD-101068,2025-11-10,2025,Nov,11,CUST-0442,Vivaan Kumar,P038,USB-C Hub,Technology,Accessories,Consumer,West,Gujarat,Ahmedabad,4,2749.14,10996.56,0.05,10446.73,2129.33
ORD-101151,2025-11-10,2025,Nov,11,CUST-0329,Saanvi Iyer,P018,Filing Cabinet,Furniture,Storage,Corporate,West,Gujarat,Ahmedabad,5,10902.44,54512.2,0.1,49060.98,13623.21
ORD-101479,2025-11-10,2025,Nov,11,CUST-0158,Nisha Rao,P014,Ergonomic Chair Pro,Furniture,Chairs,Consumer,South,Telangana,Hyderabad,4,17923.89,71695.56,0.0,71695.56,10688.9
ORD-101496,2025-11-10,2025,Nov,11,CUST-0392,Ira Kumar,P019,Conference Table,Furniture,Tables,Consumer,South,Tamil Nadu,Chennai,1,41262.67,41262.67,0.05,39199.54,6393.83
ORD-101569,2025-11-10,2025,Nov,11,CUST-0382,Vivaan Kumar,P016,Standing Desk,Furniture,Tables,Corporate,East,West Bengal,Kolkata,3,31645.56,94936.68,0.1,85443.01,17340.45
ORD-102171,2025-11-10,2025,Nov,11,CUST-0499,Pooja Iyer,P027,Whiteboard,Office Supplies,Presentation,Consumer,North,Rajasthan,Jaipur,2,4975.23,9950.46,0.05,9452.94,2043.03
ORD-102739,2025-11-10,2025,Nov,11,CUST-0014,Meera Iyer,P012,Smartphone Plus,Technology,Phones,Consumer,West,Gujarat,Ahmedabad,2,45886.83,91773.66,0.05,87184.98,10569.18
ORD-100764,2025-11-11,2025,Nov,11,CUST-0172,Ira Kumar,P019,Conference Table,Furniture,Tables,Consumer,East,Assam,Guwahati,2,42586.19,85172.38,0.05,80913.76,19371.05
ORD-101661,2025-11-11,2025,Nov,11,CUST-0001,Aarav Sharma,P010,Tablet Air 11,Technology,Tablets,Small Business,North,Rajasthan,Jaipur,3,37810.35,113431.05,0.05,107759.5,17093.06
ORD-101742,2025-11-11,2025,Nov,11,CUST-0266,Rohan Sharma,P015,Executive Desk,Furniture,Tables,Consumer,East,West Bengal,Kolkata,1,23745.4,23745.4,0.1,21370.86,3807.38
ORD-101758,2025-11-11,2025,Nov,11,CUST-0181,Aarav Sharma,P020,Printer,Office Supplies,Machines,Corporate,North,Rajasthan,Jaipur,3,16806.97,50420.91,0.05,47899.86,13643.76
ORD-101879,2025-11-11,2025,Nov,11,CUST-0471,Diya Sharma,P013,Office Chair,Furniture,Chairs,Small Business,South,Telangana,Hyderabad,2,13047.57,26095.14,0.15,22180.87,5669.41
ORD-102067,2025-11-11,2025,Nov,11,CUST-0054,Meera Iyer,P020,Printer,Office Supplies,Machines,Corporate,North,Uttar Pradesh,Lucknow,6,16239.06,97434.36,0.1,87690.92,19376.26
ORD-100276,2025-11-12,2025,Nov,11,CUST-0454,Meera Iyer,P023,Premium Notebook,Office Supplies,Paper,Corporate,East,Assam,Guwahati,4,476.61,1906.44,0.1,1715.8,359.14
ORD-100596,2025-11-12,2025,Nov,11,CUST-0394,Meera Iyer,P006,Mechanical Keyboard,Technology,Accessories,Consumer,West,Gujarat,Ahmedabad,2,5005.13,10010.26,0.1,9009.23,1335.26
ORD-100705,2025-11-12,2025,Nov,11,CUST-0044,Arjun Iyer,P024,Gel Pen Set,Office Supplies,Writing,Consumer,East,Odisha,Bhubaneswar,1,306.42,306.42,0.05,291.1,100.67
ORD-101013,2025-11-13,2025,Nov,11,CUST-0255,Priya Deshmukh,P027,Whiteboard,Office Supplies,Presentation,Corporate,East,Assam,Guwahati,1,4513.49,4513.49,0.1,4062.14,1425.25
ORD-101220,2025-11-13,2025,Nov,11,CUST-0370,Ananya Deshmukh,P030,Mixer Grinder,Home Appliances,Kitchen,Small Business,East,Assam,Guwahati,4,6888.22,27552.88,0.1,24797.59,4852.44
ORD-101546,2025-11-13,2025,Nov,11,CUST-0078,Nisha Rao,P025,Desk Organizer,Office Supplies,Accessories,Corporate,West,Maharashtra,Mumbai,2,822.3,1644.6,0.05,1562.37,418.19
ORD-101702,2025-11-13,2025,Nov,11,CUST-0240,Anika Deshmukh,P024,Gel Pen Set,Office Supplies,Writing,Small Business,North,Delhi,Delhi,3,304.76,914.28,0.0,914.28,269.2
ORD-101878,2025-11-13,2025,Nov,11,CUST-0421,Aarav Sharma,P011,Smartphone Pro,Technology,Phones,Consumer,North,Uttar Pradesh,Lucknow,2,71136.61,142273.22,0.05,135159.56,26509.39
ORD-100204,2025-11-14,2025,Nov,11,CUST-0417,Sneha Kumar,P031,Microwave Oven,Home Appliances,Kitchen,Consumer,East,Odisha,Bhubaneswar,1,13657.5,13657.5,0.05,12974.62,2260.97
ORD-100436,2025-11-14,2025,Nov,11,CUST-0436,Kavya Sharma,P028,Coffee Maker,Home Appliances,Kitchen,Consumer,East,Assam,Guwahati,1,8016.01,8016.01,0.05,7615.21,908.52
ORD-102828,2025-11-14,2025,Nov,11,CUST-0205,Ishaan Deshmukh,P021,Laser Printer Pro,Office Supplies,Machines,Corporate,West,Maharashtra,Pune,8,28478.19,227825.52,0.05,216434.24,69796.48
ORD-102904,2025-11-14,2025,Nov,11,CUST-0079,Pooja Iyer,P020,Printer,Office Supplies,Machines,Small Business,North,Rajasthan,Jaipur,1,17095.53,17095.53,0.05,16240.75,5818.74
ORD-100877,2025-11-15,2025,Nov,11,CUST-0358,Nisha Rao,P010,Tablet Air 11,Technology,Tablets,Consumer,West,Gujarat,Ahmedabad,10,34381.66,343816.6,0.05,326625.77,74388.18
ORD-101851,2025-11-15,2025,Nov,11,CUST-0315,Priya Deshmukh,P003,Gaming Laptop X,Technology,Laptops,Consumer,West,Maharashtra,Mumbai,6,90697.77,544186.62,0.05,516977.29,85025.5
ORD-102057,2025-11-15,2025,Nov,11,CUST-0337,Sneha Kumar,P022,Printer Paper Pack,Office Supplies,Paper,Consumer,East,West Bengal,Kolkata,4,615.53,2462.12,0.1,2215.91,416.12
ORD-100605,2025-11-16,2025,Nov,11,CUST-0152,Ira Kumar,P035,Fitness Band,Technology,Wearables,Consumer,East,West Bengal,Kolkata,5,4044.08,20220.4,0.1,18198.36,2035.68
ORD-100286,2025-11-17,2025,Nov,11,CUST-0483,Aditya Rao,P039,Backpack,Office Supplies,Bags,Corporate,West,Maharashtra,Mumbai,8,2289.27,18314.16,0.05,17398.45,4780.45
ORD-100872,2025-11-17,2025,Nov,11,CUST-0134,Meera Iyer,P017,Bookshelf,Furniture,Storage,Corporate,North,Rajasthan,Jaipur,2,10102.95,20205.9,0.2,16164.72,4422.32
ORD-100996,2025-11-17,2025,Nov,11,CUST-0184,Arjun Iyer,P021,Laser Printer Pro,Office Supplies,Machines,Corporate,West,Gujarat,Ahmedabad,8,29691.1,237528.8,0.1,213775.92,60937.96
ORD-101123,2025-11-17,2025,Nov,11,CUST-0040,Anika Deshmukh,P038,USB-C Hub,Technology,Accessories,Corporate,West,Maharashtra,Mumbai,3,2730.8,8192.4,0.1,7373.16,1465.49
ORD-101488,2025-11-17,2025,Nov,11,CUST-0155,Priya Deshmukh,P025,Desk Organizer,Office Supplies,Accessories,Corporate,North,Rajasthan,Jaipur,1,816.8,816.8,0.05,775.96,153.35
ORD-101647,2025-11-17,2025,Nov,11,CUST-0191,Diya Sharma,P007,Wireless Mouse,Technology,Accessories,Corporate,West,Maharashtra,Mumbai,4,1768.96,7075.84,0.1,6368.26,1366.42
ORD-101743,2025-11-17,2025,Nov,11,CUST-0373,Aadhya Rao,P034,Smart Watch,Technology,Wearables,Corporate,West,Gujarat,Ahmedabad,1,12372.93,12372.93,0.05,11754.28,1268.04
ORD-102447,2025-11-17,2025,Nov,11,CUST-0136,Kavya Sharma,P038,USB-C Hub,Technology,Accessories,Corporate,West,Maharashtra,Mumbai,5,2474.71,12373.55,0.05,11754.87,1554.92
ORD-102569,2025-11-17,2025,Nov,11,CUST-0360,Anika Deshmukh,P036,Bluetooth Speaker,Technology,Audio,Small Business,West,Gujarat,Ahmedabad,8,5473.46,43787.68,0.05,41598.3,5190.34
ORD-102981,2025-11-17,2025,Nov,11,CUST-0138,Nisha Rao,P034,Smart Watch,Technology,Wearables,Consumer,West,Maharashtra,Mumbai,4,11985.84,47943.36,0.1,43149.02,9545.85
ORD-101097,2025-11-18,2025,Nov,11,CUST-0184,Arjun Iyer,P003,Gaming Laptop X,Technology,Laptops,Small Business,East,West Bengal,Kolkata,3,92905.56,278716.68,0.15,236909.18,30606.6
ORD-101391,2025-11-18,2025,Nov,11,CUST-0432,Ira Kumar,P015,Executive Desk,Furniture,Tables,Consumer,East,Assam,Guwahati,1,23239.17,23239.17,0.05,22077.21,5359.8
ORD-102125,2025-11-18,2025,Nov,11,CUST-0149,Saanvi Iyer,P027,Whiteboard,Office Supplies,Presentation,Consumer,South,Karnataka,Bengaluru,3,4872.89,14618.67,0.05,13887.74,4693.04
ORD-101034,2025-11-19,2025,Nov,11,CUST-0341,Aarav Sharma,P009,UltraWide Monitor 34,Technology,Monitors,Corporate,North,Delhi,Delhi,2,40371.32,80742.64,0.1,72668.38,14186.76
ORD-100189,2025-11-20,2025,Nov,11,CUST-0401,Aarav Sharma,P024,Gel Pen Set,Office Supplies,Writing,Small Business,North,Rajasthan,Jaipur,2,304.28,608.56,0.05,578.13,149.63
ORD-100565,2025-11-20,2025,Nov,11,CUST-0500,Anika Deshmukh,P019,Conference Table,Furniture,Tables,Small Business,South,Karnataka,Bengaluru,1,39692.01,39692.01,0.05,37707.41,9693.74
ORD-100638,2025-11-20,2025,Nov,11,CUST-0500,Anika Deshmukh,P022,Printer Paper Pack,Office Supplies,Paper,Corporate,North,Delhi,Delhi,1,662.86,662.86,0.15,563.43,143.13
ORD-100867,2025-11-20,2025,Nov,11,CUST-0086,Rohan Sharma,P005,Noise Cancelling Headphones,Technology,Accessories,Corporate,East,Assam,Guwahati,4,7538.95,30155.8,0.05,28648.01,6831.08
ORD-101297,2025-11-20,2025,Nov,11,CUST-0442,Vivaan Kumar,P002,Business Laptop 15,Technology,Laptops,Consumer,South,Telangana,Hyderabad,2,54200.92,108401.84,0.0,108401.84,21441.24
ORD-101664,2025-11-20,2025,Nov,11,CUST-0073,Aadhya Rao,P020,Printer,Office Supplies,Machines,Corporate,North,Uttar Pradesh,Lucknow,2,16158.22,32316.44,0.05,30700.62,6645.82
ORD-101911,2025-11-20,2025,Nov,11,CUST-0389,Saanvi Iyer,P034,Smart Watch,Technology,Wearables,Small Business,South,Tamil Nadu,Chennai,5,12708.4,63542.0,0.05,60364.9,14417.26
ORD-100134,2025-11-21,2025,Nov,11,CUST-0233,Aadhya Rao,P005,Noise Cancelling Headphones,Technology,Accessories,Consumer,West,Gujarat,Ahmedabad,3,7334.37,22003.11,0.05,20902.95,2152.27
ORD-101372,2025-11-21,2025,Nov,11,CUST-0405,Ishaan Deshmukh,P008,4K Monitor 27,Technology,Monitors,Consumer,North,Delhi,Delhi,1,27450.55,27450.55,0.05,26078.02,6083.73
ORD-101579,2025-11-21,2025,Nov,11,CUST-0189,Saanvi Iyer,P031,Microwave Oven,Home Appliances,Kitchen,Consumer,South,Tamil Nadu,Chennai,3,14659.45,43978.35,0.1,39580.51,7401.35
ORD-100878,2025-11-22,2025,Nov,11,CUST-0471,Diya Sharma,P011,Smartphone Pro,Technology,Phones,Corporate,South,Tamil Nadu,Chennai,1,67704.81,67704.81,0.1,60934.33,6208.01
ORD-100886,2025-11-22,2025,Nov,11,CUST-0325,Ishaan Deshmukh,P018,Filing Cabinet,Furniture,Storage,Corporate,South,Telangana,Hyderabad,5,11629.42,58147.1,0.15,49425.03,7692.05
ORD-102078,2025-11-22,2025,Nov,11,CUST-0082,Vivaan Kumar,P012,Smartphone Plus,Technology,Phones,Small Business,South,Tamil Nadu,Chennai,2,46858.33,93716.66,0.1,84344.99,8915.14
ORD-101506,2025-11-23,2025,Nov,11,CUST-0201,Aarav Sharma,P039,Backpack,Office Supplies,Bags,Corporate,East,West Bengal,Kolkata,6,2177.05,13062.3,0.1,11756.07,2340.93
ORD-101937,2025-11-23,2025,Nov,11,CUST-0259,Pooja Iyer,P037,Power Bank,Technology,Accessories,Corporate,North,Uttar Pradesh,Lucknow,4,2106.98,8427.92,0.1,7585.13,922.83
ORD-101963,2025-11-23,2025,Nov,11,CUST-0402,Vivaan Kumar,P011,Smartphone Pro,Technology,Phones,Consumer,East,Assam,Guwahati,2,70942.71,141885.42,0.05,134791.15,24814.52
ORD-102168,2025-11-23,2025,Nov,11,CUST-0494,Meera Iyer,P017,Bookshelf,Furniture,Storage,Consumer,North,Rajasthan,Jaipur,1,10343.15,10343.15,0.0,10343.15,1913.25
ORD-100183,2025-11-24,2025,Nov,11,CUST-0144,Arjun Iyer,P039,Backpack,Office Supplies,Bags,Small Business,South,Tamil Nadu,Chennai,3,2287.13,6861.39,0.15,5832.18,1933.88
ORD-101010,2025-11-24,2025,Nov,11,CUST-0199,Pooja Iyer,P035,Fitness Band,Technology,Wearables,Corporate,West,Maharashtra,Mumbai,4,4284.63,17138.52,0.1,15424.67,2475.45
ORD-101576,2025-11-24,2025,Nov,11,CUST-0360,Anika Deshmukh,P009,UltraWide Monitor 34,Technology,Monitors,Consumer,East,Odisha,Bhubaneswar,1,42230.54,42230.54,0.05,40119.01,7214.17
ORD-102663,2025-11-24,2025,Nov,11,CUST-0208,Karthik Rao,P024,Gel Pen Set,Office Supplies,Writing,Corporate,South,Telangana,Hyderabad,1,317.72,317.72,0.15,270.06,66.24
ORD-102754,2025-11-25,2025,Nov,11,CUST-0072,Ira Kumar,P020,Printer,Office Supplies,Machines,Small Business,North,Rajasthan,Jaipur,1,16102.79,16102.79,0.1,14492.51,4346.54
ORD-102803,2025-11-25,2025,Nov,11,CUST-0179,Pooja Iyer,P034,Smart Watch,Technology,Wearables,Corporate,East,West Bengal,Kolkata,1,13145.8,13145.8,0.1,11831.22,2055.5
ORD-102821,2025-11-25,2025,Nov,11,CUST-0459,Pooja Iyer,P027,Whiteboard,Office Supplies,Presentation,Consumer,West,Maharashtra,Pune,1,4776.04,4776.04,0.0,4776.04,1553.67
ORD-100188,2025-11-26,2025,Nov,11,CUST-0467,Rahul Kumar,P007,Wireless Mouse,Technology,Accessories,Corporate,South,Telangana,Hyderabad,6,1808.04,10848.24,0.1,9763.42,1271.98
ORD-102106,2025-11-26,2025,Nov,11,CUST-0190,Ananya Deshmukh,P004,Wireless Headphones,Technology,Accessories,Corporate,North,Uttar Pradesh,Lucknow,2,4735.21,9470.42,0.1,8523.38,887.6
ORD-102343,2025-11-26,2025,Nov,11,CUST-0255,Priya Deshmukh,P033,Robot Vacuum,Home Appliances,Cleaning,Corporate,North,Delhi,Delhi,2,26910.47,53820.94,0.1,48438.85,6915.18
ORD-102564,2025-11-26,2025,Nov,11,CUST-0286,Rohan Sharma,P004,Wireless Headphones,Technology,Accessories,Small Business,West,Maharashtra,Mumbai,6,4466.64,26799.84,0.1,24119.86,2517.0
ORD-102891,2025-11-26,2025,Nov,11,CUST-0240,Anika Deshmukh,P008,4K Monitor 27,Technology,Monitors,Consumer,South,Tamil Nadu,Chennai,2,29859.67,59719.34,0.05,56733.37,8097.08
ORD-100124,2025-11-27,2025,Nov,11,CUST-0180,Anika Deshmukh,P038,USB-C Hub,Technology,Accessories,Corporate,South,Karnataka,Bengaluru,6,2495.04,14970.24,0.1,13473.22,1767.12
ORD-100782,2025-11-27,2025,Nov,11,CUST-0224,Arjun Iyer,P003,Gaming Laptop X,Technology,Laptops,Small Business,North,Delhi,Delhi,1,84181.19,84181.19,0.1,75763.07,12859.32
ORD-102508,2025-11-27,2025,Nov,11,CUST-0039,Pooja Iyer,P012,Smartphone Plus,Technology,Phones,Consumer,South,Karnataka,Bengaluru,5,50292.36,251461.8,0.15,213742.53,24588.85
ORD-100283,2025-11-28,2025,Nov,11,CUST-0429,Saanvi Iyer,P004,Wireless Headphones,Technology,Accessories,Consumer,East,West Bengal,Kolkata,1,4472.04,4472.04,0.0,4472.04,710.65
ORD-100582,2025-11-28,2025,Nov,11,CUST-0167,Rahul Kumar,P031,Microwave Oven,Home Appliances,Kitchen,Corporate,South,Karnataka,Bengaluru,4,13663.8,54655.2,0.05,51922.44,8872.71
ORD-100734,2025-11-28,2025,Nov,11,CUST-0240,Anika Deshmukh,P001,Laptop Pro 14,Technology,Laptops,Small Business,West,Maharashtra,Pune,3,62732.34,188197.02,0.1,169377.32,30927.66
ORD-101222,2025-11-28,2025,Nov,11,CUST-0135,Priya Deshmukh,P020,Printer,Office Supplies,Machines,Consumer,West,Maharashtra,Mumbai,8,16394.95,131159.6,0.05,124601.62,23083.12
ORD-102374,2025-11-28,2025,Nov,11,CUST-0224,Arjun Iyer,P028,Coffee Maker,Home Appliances,Kitchen,Consumer,West,Gujarat,Ahmedabad,2,8791.19,17582.38,0.05,16703.26,3465.59
ORD-100016,2025-11-29,2025,Nov,11,CUST-0152,Ira Kumar,P004,Wireless Headphones,Technology,Accessories,Corporate,North,Delhi,Delhi,2,4586.09,9172.18,0.15,7796.35,1678.53
ORD-100526,2025-11-29,2025,Nov,11,CUST-0344,Arjun Iyer,P025,Desk Organizer,Office Supplies,Accessories,Consumer,West,Gujarat,Ahmedabad,2,858.29,1716.58,0.0,1716.58,423.95
ORD-101401,2025-11-29,2025,Nov,11,CUST-0463,Aditya Rao,P019,Conference Table,Furniture,Tables,Corporate,East,West Bengal,Kolkata,1,43727.82,43727.82,0.1,39355.04,7204.13
ORD-102276,2025-11-29,2025,Nov,11,CUST-0386,Rohan Sharma,P003,Gaming Laptop X,Technology,Laptops,Corporate,East,Assam,Guwahati,5,82753.35,413766.75,0.1,372390.08,69871.48
ORD-102869,2025-11-29,2025,Nov,11,CUST-0057,Sneha Kumar,P027,Whiteboard,Office Supplies,Presentation,Consumer,South,Tamil Nadu,Chennai,1,4874.11,4874.11,0.0,4874.11,987.93
ORD-100450,2025-11-30,2025,Nov,11,CUST-0438,Nisha Rao,P004,Wireless Headphones,Technology,Accessories,Corporate,North,Delhi,Delhi,1,4506.03,4506.03,0.0,4506.03,653.04
ORD-100535,2025-11-30,2025,Nov,11,CUST-0130,Ananya Deshmukh,P009,UltraWide Monitor 34,Technology,Monitors,Consumer,West,Maharashtra,Pune,4,44266.0,177064.0,0.05,168210.8,30626.97
ORD-101555,2025-11-30,2025,Nov,11,CUST-0423,Aditya Rao,P029,Air Fryer,Home Appliances,Kitchen,Corporate,East,Odisha,Bhubaneswar,4,9078.38,36313.52,0.15,30866.49,4222.89
ORD-101575,2025-11-30,2025,Nov,11,CUST-0242,Vivaan Kumar,P031,Microwave Oven,Home Appliances,Kitchen,Consumer,West,Maharashtra,Pune,1,13849.56,13849.56,0.0,13849.56,2185.54
ORD-100083,2025-12-01,2025,Dec,12,CUST-0175,Priya Deshmukh,P033,Robot Vacuum,Home Appliances,Cleaning,Corporate,East,Odisha,Bhubaneswar,2,27729.9,55459.8,0.15,47140.83,6335.12
ORD-101515,2025-12-01,2025,Dec,12,CUST-0340,Anika Deshmukh,P033,Robot Vacuum,Home Appliances,Cleaning,Consumer,West,Maharashtra,Mumbai,8,29480.13,235841.04,0.05,224048.99,29457.97
ORD-101533,2025-12-01,2025,Dec,12,CUST-0289,Saanvi Iyer,P002,Business Laptop 15,Technology,Laptops,Corporate,South,Tamil Nadu,Chennai,1,52327.15,52327.15,0.1,47094.44,5869.12
ORD-101629,2025-12-01,2025,Dec,12,CUST-0043,Aditya Rao,P005,Noise Cancelling Headphones,Technology,Accessories,Consumer,East,Odisha,Bhubaneswar,1,7549.61,7549.61,0.1,6794.65,683.76
ORD-100896,2025-12-02,2025,Dec,12,CUST-0300,Anika Deshmukh,P017,Bookshelf,Furniture,Storage,Consumer,East,Odisha,Bhubaneswar,4,10252.96,41011.84,0.05,38961.25,6192.38
ORD-101250,2025-12-02,2025,Dec,12,CUST-0194,Meera Iyer,P025,Desk Organizer,Office Supplies,Accessories,Consumer,North,Uttar Pradesh,Lucknow,2,824.17,1648.34,0.15,1401.09,469.14
ORD-101256,2025-12-02,2025,Dec,12,CUST-0233,Aadhya Rao,P021,Laser Printer Pro,Office Supplies,Machines,Consumer,North,Uttar Pradesh,Lucknow,1,27402.1,27402.1,0.05,26031.99,9246.8
ORD-101381,2025-12-02,2025,Dec,12,CUST-0342,Vivaan Kumar,P038,USB-C Hub,Technology,Accessories,Corporate,North,Rajasthan,Jaipur,3,2581.46,7744.38,0.0,7744.38,1235.04
ORD-101440,2025-12-02,2025,Dec,12,CUST-0096,Kavya Sharma,P013,Office Chair,Furniture,Chairs,Consumer,North,Uttar Pradesh,Lucknow,2,12817.24,25634.48,0.0,25634.48,6048.23
ORD-102072,2025-12-02,2025,Dec,12,CUST-0326,Rohan Sharma,P020,Printer,Office Supplies,Machines,Consumer,East,West Bengal,Kolkata,10,15603.01,156030.1,0.05,148228.6,38994.98
ORD-100465,2025-12-03,2025,Dec,12,CUST-0261,Aarav Sharma,P034,Smart Watch,Technology,Wearables,Consumer,East,Odisha,Bhubaneswar,2,12398.49,24796.98,0.0,24796.98,3050.75
ORD-100841,2025-12-03,2025,Dec,12,CUST-0437,Sneha Kumar,P036,Bluetooth Speaker,Technology,Audio,Consumer,South,Karnataka,Bengaluru,2,5692.68,11385.36,0.15,9677.56,2023.17
ORD-101135,2025-12-03,2025,Dec,12,CUST-0253,Aadhya Rao,P030,Mixer Grinder,Home Appliances,Kitchen,Corporate,East,Odisha,Bhubaneswar,3,6888.59,20665.77,0.1,18599.19,3978.21
ORD-101387,2025-12-03,2025,Dec,12,CUST-0499,Pooja Iyer,P009,UltraWide Monitor 34,Technology,Monitors,Small Business,South,Tamil Nadu,Chennai,2,41012.18,82024.36,0.05,77923.14,19356.18
ORD-101987,2025-12-03,2025,Dec,12,CUST-0014,Meera Iyer,P021,Laser Printer Pro,Office Supplies,Machines,Corporate,East,Odisha,Bhubaneswar,1,28725.46,28725.46,0.15,24416.64,7248.49
ORD-102163,2025-12-03,2025,Dec,12,CUST-0071,Diya Sharma,P024,Gel Pen Set,Office Supplies,Writing,Small Business,West,Maharashtra,Pune,4,303.87,1215.48,0.1,1093.93,385.77
ORD-100509,2025-12-04,2025,Dec,12,CUST-0213,Aadhya Rao,P011,Smartphone Pro,Technology,Phones,Consumer,East,Assam,Guwahati,3,69579.85,208739.55,0.1,187865.6,31116.26
ORD-100653,2025-12-04,2025,Dec,12,CUST-0379,Pooja Iyer,P024,Gel Pen Set,Office Supplies,Writing,Consumer,North,Rajasthan,Jaipur,3,306.7,920.1,0.05,874.1,271.31
ORD-100899,2025-12-04,2025,Dec,12,CUST-0193,Aadhya Rao,P015,Executive Desk,Furniture,Tables,Consumer,South,Telangana,Hyderabad,4,23656.31,94625.24,0.05,89893.98,19661.23
ORD-100993,2025-12-04,2025,Dec,12,CUST-0252,Ira Kumar,P037,Power Bank,Technology,Accessories,Corporate,South,Telangana,Hyderabad,2,2173.18,4346.36,0.05,4129.04,425.01
ORD-101076,2025-12-04,2025,Dec,12,CUST-0019,Pooja Iyer,P027,Whiteboard,Office Supplies,Presentation,Consumer,North,Uttar Pradesh,Lucknow,1,4995.78,4995.78,0.05,4745.99,1368.72
ORD-102282,2025-12-04,2025,Dec,12,CUST-0149,Saanvi Iyer,P005,Noise Cancelling Headphones,Technology,Accessories,Small Business,South,Tamil Nadu,Chennai,1,7311.31,7311.31,0.05,6945.74,1732.04
ORD-100688,2025-12-05,2025,Dec,12,CUST-0083,Aditya Rao,P035,Fitness Band,Technology,Wearables,Small Business,North,Uttar Pradesh,Lucknow,2,4121.63,8243.26,0.1,7418.93,1346.02
ORD-101027,2025-12-05,2025,Dec,12,CUST-0199,Pooja Iyer,P029,Air Fryer,Home Appliances,Kitchen,Consumer,South,Telangana,Hyderabad,2,9208.49,18416.98,0.05,17496.13,3781.11
ORD-101556,2025-12-05,2025,Dec,12,CUST-0482,Vivaan Kumar,P005,Noise Cancelling Headphones,Technology,Accessories,Consumer,North,Delhi,Delhi,2,6837.05,13674.1,0.05,12990.4,2568.86
ORD-101671,2025-12-05,2025,Dec,12,CUST-0098,Nisha Rao,P016,Standing Desk,Furniture,Tables,Small Business,East,West Bengal,Kolkata,2,31666.93,63333.86,0.15,53833.78,11878.42
ORD-102544,2025-12-05,2025,Dec,12,CUST-0275,Priya Deshmukh,P004,Wireless Headphones,Technology,Accessories,Consumer,West,Gujarat,Ahmedabad,3,4390.36,13171.08,0.05,12512.53,1804.77
ORD-102647,2025-12-05,2025,Dec,12,CUST-0049,Saanvi Iyer,P012,Smartphone Plus,Technology,Phones,Consumer,East,West Bengal,Kolkata,1,48258.03,48258.03,0.1,43432.23,9751.46
ORD-102850,2025-12-05,2025,Dec,12,CUST-0417,Sneha Kumar,P019,Conference Table,Furniture,Tables,Small Business,West,Maharashtra,Pune,4,43361.35,173445.4,0.05,164773.13,43445.08
ORD-100040,2025-12-06,2025,Dec,12,CUST-0252,Ira Kumar,P006,Mechanical Keyboard,Technology,Accessories,Corporate,East,Odisha,Bhubaneswar,1,5340.85,5340.85,0.05,5073.81,1219.7
ORD-101235,2025-12-06,2025,Dec,12,CUST-0197,Sneha Kumar,P004,Wireless Headphones,Technology,Accessories,Corporate,North,Uttar Pradesh,Lucknow,1,4655.55,4655.55,0.1,4189.99,572.9
ORD-101389,2025-12-06,2025,Dec,12,CUST-0238,Nisha Rao,P035,Fitness Band,Technology,Wearables,Consumer,West,Maharashtra,Mumbai,2,4341.24,8682.48,0.05,8248.36,1040.73
ORD-101944,2025-12-06,2025,Dec,12,CUST-0490,Ananya Deshmukh,P032,Air Purifier,Home Appliances,Air Care,Consumer,West,Maharashtra,Mumbai,2,16919.14,33838.28,0.05,32146.37,4138.15
ORD-102204,2025-12-06,2025,Dec,12,CUST-0490,Ananya Deshmukh,P040,Travel Backpack Pro,Office Supplies,Bags,Corporate,North,Delhi,Delhi,1,4808.23,4808.23,0.15,4087.0,775.56
ORD-102250,2025-12-06,2025,Dec,12,CUST-0457,Sneha Kumar,P028,Coffee Maker,Home Appliances,Kitchen,Consumer,West,Gujarat,Ahmedabad,2,8439.73,16879.46,0.1,15191.51,3160.94
ORD-102890,2025-12-06,2025,Dec,12,CUST-0011,Diya Sharma,P032,Air Purifier,Home Appliances,Air Care,Corporate,South,Tamil Nadu,Chennai,4,16661.85,66647.4,0.1,59982.66,12610.32
ORD-100019,2025-12-07,2025,Dec,12,CUST-0023,Aditya Rao,P017,Bookshelf,Furniture,Storage,Small Business,East,Assam,Guwahati,4,10259.57,41038.28,0.1,36934.45,7498.33
ORD-100085,2025-12-07,2025,Dec,12,CUST-0069,Saanvi Iyer,P023,Premium Notebook,Office Supplies,Paper,Corporate,South,Tamil Nadu,Chennai,3,444.19,1332.57,0.15,1132.68,305.19
ORD-100785,2025-12-07,2025,Dec,12,CUST-0233,Aadhya Rao,P001,Laptop Pro 14,Technology,Laptops,Consumer,South,Karnataka,Bengaluru,3,59539.59,178618.77,0.1,160756.89,35783.01
ORD-101306,2025-12-07,2025,Dec,12,CUST-0421,Aarav Sharma,P020,Printer,Office Supplies,Machines,Corporate,West,Gujarat,Ahmedabad,1,16915.6,16915.6,0.15,14378.26,4786.8
ORD-101333,2025-12-07,2025,Dec,12,CUST-0289,Saanvi Iyer,P030,Mixer Grinder,Home Appliances,Kitchen,Consumer,East,Odisha,Bhubaneswar,10,7160.58,71605.8,0.1,64445.22,12302.44
ORD-102785,2025-12-07,2025,Dec,12,CUST-0299,Pooja Iyer,P001,Laptop Pro 14,Technology,Laptops,Consumer,East,Assam,Guwahati,3,65027.89,195083.67,0.05,185329.49,33949.92
ORD-100809,2025-12-08,2025,Dec,12,CUST-0277,Sneha Kumar,P008,4K Monitor 27,Technology,Monitors,Small Business,North,Delhi,Delhi,2,30096.26,60192.52,0.15,51163.64,6108.31
ORD-101599,2025-12-08,2025,Dec,12,CUST-0307,Rahul Kumar,P036,Bluetooth Speaker,Technology,Audio,Consumer,South,Tamil Nadu,Chennai,2,5394.84,10789.68,0.05,10250.2,2208.97
ORD-102310,2025-12-08,2025,Dec,12,CUST-0119,Pooja Iyer,P035,Fitness Band,Technology,Wearables,Small Business,North,Rajasthan,Jaipur,1,4051.32,4051.32,0.0,4051.32,874.49
ORD-102801,2025-12-08,2025,Dec,12,CUST-0272,Ira Kumar,P016,Standing Desk,Furniture,Tables,Consumer,East,West Bengal,Kolkata,4,32034.5,128138.0,0.05,121731.1,25115.13
ORD-100033,2025-12-09,2025,Dec,12,CUST-0022,Vivaan Kumar,P007,Wireless Mouse,Technology,Accessories,Consumer,East,Odisha,Bhubaneswar,3,1781.91,5345.73,0.0,5345.73,834.16
ORD-100174,2025-12-09,2025,Dec,12,CUST-0482,Vivaan Kumar,P014,Ergonomic Chair Pro,Furniture,Chairs,Consumer,East,Odisha,Bhubaneswar,4,18459.52,73838.08,0.05,70146.18,19440.53
ORD-100989,2025-12-09,2025,Dec,12,CUST-0120,Anika Deshmukh,P012,Smartphone Plus,Technology,Phones,Corporate,West,Maharashtra,Mumbai,6,48221.67,289330.02,0.15,245930.52,54362.98
ORD-102696,2025-12-09,2025,Dec,12,CUST-0135,Priya Deshmukh,P001,Laptop Pro 14,Technology,Laptops,Consumer,South,Tamil Nadu,Chennai,4,61590.22,246360.88,0.0,246360.88,59115.32
ORD-100152,2025-12-10,2025,Dec,12,CUST-0164,Arjun Iyer,P020,Printer,Office Supplies,Machines,Corporate,East,West Bengal,Kolkata,2,16238.45,32476.9,0.05,30853.06,6710.8
ORD-100333,2025-12-10,2025,Dec,12,CUST-0311,Diya Sharma,P024,Gel Pen Set,Office Supplies,Writing,Consumer,North,Delhi,Delhi,6,323.29,1939.74,0.1,1745.77,432.8
ORD-100368,2025-12-10,2025,Dec,12,CUST-0112,Ira Kumar,P033,Robot Vacuum,Home Appliances,Cleaning,Corporate,East,Assam,Guwahati,3,27998.25,83994.75,0.1,75595.28,15886.45
ORD-100506,2025-12-10,2025,Dec,12,CUST-0402,Vivaan Kumar,P024,Gel Pen Set,Office Supplies,Writing,Consumer,East,Assam,Guwahati,3,316.69,950.07,0.05,902.57,209.63
ORD-100581,2025-12-10,2025,Dec,12,CUST-0101,Aarav Sharma,P030,Mixer Grinder,Home Appliances,Kitchen,Corporate,West,Maharashtra,Mumbai,2,6750.3,13500.6,0.05,12825.57,2672.17
ORD-101667,2025-12-10,2025,Dec,12,CUST-0477,Sneha Kumar,P012,Smartphone Plus,Technology,Phones,Small Business,South,Karnataka,Bengaluru,3,46979.2,140937.6,0.05,133890.72,15055.83
ORD-101903,2025-12-10,2025,Dec,12,CUST-0236,Kavya Sharma,P011,Smartphone Pro,Technology,Phones,Consumer,South,Tamil Nadu,Chennai,2,67982.07,135964.14,0.0,135964.14,30099.57
ORD-100203,2025-12-11,2025,Dec,12,CUST-0382,Vivaan Kumar,P037,Power Bank,Technology,Accessories,Corporate,West,Maharashtra,Pune,5,2225.71,11128.55,0.1,10015.69,2338.33
ORD-100317,2025-12-11,2025,Dec,12,CUST-0341,Aarav Sharma,P040,Travel Backpack Pro,Office Supplies,Bags,Corporate,West,Gujarat,Ahmedabad,2,4573.8,9147.6,0.05,8690.22,2389.59
ORD-100407,2025-12-11,2025,Dec,12,CUST-0159,Pooja Iyer,P008,4K Monitor 27,Technology,Monitors,Corporate,West,Gujarat,Ahmedabad,6,29781.9,178691.4,0.15,151887.69,34560.43
ORD-101677,2025-12-11,2025,Dec,12,CUST-0342,Vivaan Kumar,P007,Wireless Mouse,Technology,Accessories,Corporate,East,Assam,Guwahati,1,1863.58,1863.58,0.1,1677.22,287.69
ORD-102738,2025-12-11,2025,Dec,12,CUST-0309,Saanvi Iyer,P038,USB-C Hub,Technology,Accessories,Corporate,North,Rajasthan,Jaipur,1,2593.55,2593.55,0.15,2204.52,339.04
ORD-102878,2025-12-11,2025,Dec,12,CUST-0084,Arjun Iyer,P013,Office Chair,Furniture,Chairs,Corporate,North,Rajasthan,Jaipur,1,11886.94,11886.94,0.2,9509.55,2543.47
ORD-100607,2025-12-12,2025,Dec,12,CUST-0385,Ishaan Deshmukh,P020,Printer,Office Supplies,Machines,Corporate,West,Gujarat,Ahmedabad,5,15976.19,79880.95,0.1,71892.85,22385.09
ORD-101668,2025-12-12,2025,Dec,12,CUST-0251,Diya Sharma,P017,Bookshelf,Furniture,Storage,Corporate,North,Delhi,Delhi,5,9446.75,47233.75,0.05,44872.06,8188.66
ORD-100253,2025-12-13,2025,Dec,12,CUST-0323,Aditya Rao,P024,Gel Pen Set,Office Supplies,Writing,Corporate,North,Rajasthan,Jaipur,4,304.75,1219.0,0.1,1097.1,316.64
ORD-100757,2025-12-13,2025,Dec,12,CUST-0387,Rahul Kumar,P021,Laser Printer Pro,Office Supplies,Machines,Corporate,West,Maharashtra,Mumbai,1,27468.18,27468.18,0.15,23347.95,8391.63
ORD-101498,2025-12-13,2025,Dec,12,CUST-0113,Aadhya Rao,P007,Wireless Mouse,Technology,Accessories,Consumer,South,Telangana,Hyderabad,2,1899.02,3798.04,0.0,3798.04,415.42
ORD-101923,2025-12-13,2025,Dec,12,CUST-0109,Saanvi Iyer,P010,Tablet Air 11,Technology,Tablets,Corporate,South,Karnataka,Bengaluru,2,36717.53,73435.06,0.1,66091.55,13123.59
ORD-102454,2025-12-13,2025,Dec,12,CUST-0019,Pooja Iyer,P006,Mechanical Keyboard,Technology,Accessories,Small Business,South,Tamil Nadu,Chennai,1,4950.46,4950.46,0.1,4455.41,998.36
ORD-100493,2025-12-14,2025,Dec,12,CUST-0469,Saanvi Iyer,P036,Bluetooth Speaker,Technology,Audio,Corporate,West,Gujarat,Ahmedabad,1,5919.17,5919.17,0.05,5623.21,1173.62
ORD-101445,2025-12-14,2025,Dec,12,CUST-0228,Karthik Rao,P006,Mechanical Keyboard,Technology,Accessories,Consumer,North,Rajasthan,Jaipur,10,5239.48,52394.8,0.0,52394.8,9137.69
ORD-101947,2025-12-14,2025,Dec,12,CUST-0323,Aditya Rao,P029,Air Fryer,Home Appliances,Kitchen,Consumer,North,Rajasthan,Jaipur,5,9357.25,46786.25,0.1,42107.62,8201.51
ORD-102177,2025-12-14,2025,Dec,12,CUST-0101,Aarav Sharma,P012,Smartphone Plus,Technology,Phones,Consumer,West,Maharashtra,Pune,2,45334.84,90669.68,0.05,86136.2,15081.6
ORD-102389,2025-12-14,2025,Dec,12,CUST-0483,Aditya Rao,P030,Mixer Grinder,Home Appliances,Kitchen,Consumer,East,Assam,Guwahati,10,6579.18,65791.8,0.05,62502.21,14501.34
ORD-102430,2025-12-14,2025,Dec,12,CUST-0482,Vivaan Kumar,P029,Air Fryer,Home Appliances,Kitchen,Corporate,West,Maharashtra,Mumbai,4,9316.94,37267.76,0.1,33540.98,5646.93
ORD-102742,2025-12-14,2025,Dec,12,CUST-0284,Arjun Iyer,P021,Laser Printer Pro,Office Supplies,Machines,Corporate,East,West Bengal,Kolkata,6,26792.41,160754.46,0.15,136641.29,36836.38
ORD-100438,2025-12-15,2025,Dec,12,CUST-0049,Saanvi Iyer,P012,Smartphone Plus,Technology,Phones,Consumer,South,Karnataka,Bengaluru,2,49196.24,98392.48,0.1,88553.23,16882.33
ORD-101887,2025-12-15,2025,Dec,12,CUST-0078,Nisha Rao,P013,Office Chair,Furniture,Chairs,Corporate,South,Tamil Nadu,Chennai,5,11837.84,59189.2,0.15,50310.82,11837.36
ORD-102042,2025-12-15,2025,Dec,12,CUST-0134,Meera Iyer,P011,Smartphone Pro,Technology,Phones,Consumer,West,Gujarat,Ahmedabad,3,75405.89,226217.67,0.1,203595.9,23297.09
ORD-102229,2025-12-15,2025,Dec,12,CUST-0099,Pooja Iyer,P020,Printer,Office Supplies,Machines,Corporate,West,Maharashtra,Mumbai,3,16498.63,49495.89,0.05,47021.1,12913.58
ORD-102831,2025-12-15,2025,Dec,12,CUST-0220,Anika Deshmukh,P031,Microwave Oven,Home Appliances,Kitchen,Small Business,North,Uttar Pradesh,Lucknow,2,14206.46,28412.92,0.15,24150.98,5295.41
ORD-100900,2025-12-16,2025,Dec,12,CUST-0147,Rahul Kumar,P025,Desk Organizer,Office Supplies,Accessories,Corporate,South,Telangana,Hyderabad,2,872.36,1744.72,0.15,1483.01,492.84
ORD-100922,2025-12-16,2025,Dec,12,CUST-0489,Saanvi Iyer,P035,Fitness Band,Technology,Wearables,Corporate,North,Uttar Pradesh,Lucknow,8,4008.07,32064.56,0.1,28858.1,5989.18
ORD-101285,2025-12-16,2025,Dec,12,CUST-0140,Anika Deshmukh,P039,Backpack,Office Supplies,Bags,Corporate,North,Delhi,Delhi,2,2096.85,4193.7,0.1,3774.33,1155.32
ORD-101461,2025-12-16,2025,Dec,12,CUST-0305,Ishaan Deshmukh,P028,Coffee Maker,Home Appliances,Kitchen,Consumer,North,Rajasthan,Jaipur,5,8834.53,44172.65,0.05,41964.02,8783.09
ORD-101760,2025-12-16,2025,Dec,12,CUST-0228,Karthik Rao,P030,Mixer Grinder,Home Appliances,Kitchen,Consumer,North,Rajasthan,Jaipur,1,6938.05,6938.05,0.0,6938.05,866.55
ORD-102359,2025-12-16,2025,Dec,12,CUST-0347,Rahul Kumar,P008,4K Monitor 27,Technology,Monitors,Small Business,South,Tamil Nadu,Chennai,2,28162.85,56325.7,0.0,56325.7,12207.63
ORD-100612,2025-12-17,2025,Dec,12,CUST-0461,Aarav Sharma,P004,Wireless Headphones,Technology,Accessories,Corporate,East,Odisha,Bhubaneswar,5,4408.7,22043.5,0.05,20941.33,2926.62
ORD-100924,2025-12-17,2025,Dec,12,CUST-0219,Pooja Iyer,P004,Wireless Headphones,Technology,Accessories,Corporate,West,Maharashtra,Pune,3,4323.53,12970.59,0.1,11673.53,2160.82
ORD-100994,2025-12-17,2025,Dec,12,CUST-0235,Priya Deshmukh,P001,Laptop Pro 14,Technology,Laptops,Small Business,South,Karnataka,Bengaluru,10,63950.99,639509.9,0.0,639509.9,150183.67
ORD-102285,2025-12-17,2025,Dec,12,CUST-0346,Rohan Sharma,P028,Coffee Maker,Home Appliances,Kitchen,Consumer,North,Delhi,Delhi,2,8356.38,16712.76,0.05,15877.12,3281.81
ORD-102725,2025-12-17,2025,Dec,12,CUST-0368,Karthik Rao,P039,Backpack,Office Supplies,Bags,Small Business,East,West Bengal,Kolkata,4,2264.44,9057.76,0.15,7699.1,2292.26
ORD-100611,2025-12-18,2025,Dec,12,CUST-0144,Arjun Iyer,P006,Mechanical Keyboard,Technology,Accessories,Consumer,West,Gujarat,Ahmedabad,2,5022.38,10044.76,0.1,9040.28,1769.98
ORD-100633,2025-12-18,2025,Dec,12,CUST-0155,Priya Deshmukh,P040,Travel Backpack Pro,Office Supplies,Bags,Corporate,East,Assam,Guwahati,8,5011.98,40095.84,0.05,38091.05,11995.91
ORD-101136,2025-12-18,2025,Dec,12,CUST-0286,Rohan Sharma,P031,Microwave Oven,Home Appliances,Kitchen,Consumer,North,Uttar Pradesh,Lucknow,3,14912.42,44737.26,0.0,44737.26,10007.5
ORD-101424,2025-12-18,2025,Dec,12,CUST-0409,Saanvi Iyer,P024,Gel Pen Set,Office Supplies,Writing,Consumer,South,Tamil Nadu,Chennai,2,330.24,660.48,0.0,660.48,185.93
ORD-102392,2025-12-18,2025,Dec,12,CUST-0230,Ananya Deshmukh,P037,Power Bank,Technology,Accessories,Small Business,East,Odisha,Bhubaneswar,3,2220.1,6660.3,0.1,5994.27,693.17
ORD-100206,2025-12-19,2025,Dec,12,CUST-0386,Rohan Sharma,P034,Smart Watch,Technology,Wearables,Small Business,East,Assam,Guwahati,2,12352.49,24704.98,0.05,23469.73,4481.43
ORD-101741,2025-12-19,2025,Dec,12,CUST-0176,Kavya Sharma,P027,Whiteboard,Office Supplies,Presentation,Corporate,East,Odisha,Bhubaneswar,2,4820.53,9641.06,0.0,9641.06,2038.93
ORD-102077,2025-12-19,2025,Dec,12,CUST-0075,Priya Deshmukh,P016,Standing Desk,Furniture,Tables,Consumer,South,Karnataka,Bengaluru,3,31931.17,95793.51,0.15,81424.48,12417.25
ORD-102764,2025-12-19,2025,Dec,12,CUST-0361,Aarav Sharma,P005,Noise Cancelling Headphones,Technology,Accessories,Small Business,East,Odisha,Bhubaneswar,5,6868.42,34342.1,0.0,34342.1,7572.97
ORD-102974,2025-12-19,2025,Dec,12,CUST-0357,Sneha Kumar,P017,Bookshelf,Furniture,Storage,Consumer,South,Tamil Nadu,Chennai,5,9293.95,46469.75,0.1,41822.78,6633.08
ORD-102982,2025-12-19,2025,Dec,12,CUST-0110,Ananya Deshmukh,P011,Smartphone Pro,Technology,Phones,Consumer,North,Delhi,Delhi,2,73432.35,146864.7,0.05,139521.46,22332.31
ORD-100422,2025-12-20,2025,Dec,12,CUST-0283,Aditya Rao,P038,USB-C Hub,Technology,Accessories,Corporate,South,Karnataka,Bengaluru,6,2730.0,16380.0,0.1,14742.0,3526.81
ORD-100511,2025-12-20,2025,Dec,12,CUST-0163,Aditya Rao,P022,Printer Paper Pack,Office Supplies,Paper,Corporate,South,Telangana,Hyderabad,2,639.91,1279.82,0.05,1215.83,243.26
ORD-100655,2025-12-20,2025,Dec,12,CUST-0401,Aarav Sharma,P023,Premium Notebook,Office Supplies,Paper,Corporate,West,Gujarat,Ahmedabad,3,435.3,1305.9,0.15,1110.02,247.34
ORD-102800,2025-12-20,2025,Dec,12,CUST-0001,Aarav Sharma,P025,Desk Organizer,Office Supplies,Accessories,Consumer,East,West Bengal,Kolkata,3,875.58,2626.74,0.0,2626.74,678.45
ORD-100131,2025-12-21,2025,Dec,12,CUST-0089,Saanvi Iyer,P026,Stapler Heavy Duty,Office Supplies,Accessories,Consumer,East,Assam,Guwahati,2,753.91,1507.82,0.1,1357.04,486.53
ORD-101374,2025-12-21,2025,Dec,12,CUST-0020,Anika Deshmukh,P028,Coffee Maker,Home Appliances,Kitchen,Corporate,West,Maharashtra,Mumbai,8,8008.54,64068.32,0.2,51254.66,8247.22
ORD-102440,2025-12-21,2025,Dec,12,CUST-0128,Karthik Rao,P010,Tablet Air 11,Technology,Tablets,Consumer,East,Assam,Guwahati,2,36837.76,73675.52,0.1,66307.97,11474.7
ORD-100208,2025-12-22,2025,Dec,12,CUST-0383,Aditya Rao,P032,Air Purifier,Home Appliances,Air Care,Corporate,West,Maharashtra,Pune,1,15857.42,15857.42,0.15,13478.81,1946.51
ORD-101077,2025-12-22,2025,Dec,12,CUST-0148,Karthik Rao,P010,Tablet Air 11,Technology,Tablets,Corporate,East,Odisha,Bhubaneswar,1,37890.89,37890.89,0.1,34101.8,5115.42
ORD-101862,2025-12-22,2025,Dec,12,CUST-0021,Aarav Sharma,P019,Conference Table,Furniture,Tables,Corporate,South,Tamil Nadu,Chennai,4,42892.81,171571.24,0.05,162992.68,20581.14
ORD-101948,2025-12-22,2025,Dec,12,CUST-0217,Sneha Kumar,P006,Mechanical Keyboard,Technology,Accessories,Small Business,North,Uttar Pradesh,Lucknow,2,5410.01,10820.02,0.1,9738.02,1925.05
ORD-100287,2025-12-23,2025,Dec,12,CUST-0085,Ishaan Deshmukh,P032,Air Purifier,Home Appliances,Air Care,Consumer,West,Maharashtra,Mumbai,6,15738.07,94428.42,0.05,89707.0,18276.48
ORD-100670,2025-12-23,2025,Dec,12,CUST-0490,Ananya Deshmukh,P003,Gaming Laptop X,Technology,Laptops,Consumer,North,Rajasthan,Jaipur,1,85909.66,85909.66,0.0,85909.66,20471.26
ORD-101233,2025-12-23,2025,Dec,12,CUST-0475,Priya Deshmukh,P040,Travel Backpack Pro,Office Supplies,Bags,Consumer,West,Gujarat,Ahmedabad,2,4570.93,9141.86,0.1,8227.67,2311.13
ORD-101177,2025-12-24,2025,Dec,12,CUST-0107,Rahul Kumar,P015,Executive Desk,Furniture,Tables,Corporate,East,Assam,Guwahati,1,23922.18,23922.18,0.05,22726.07,4204.19
ORD-101462,2025-12-24,2025,Dec,12,CUST-0001,Aarav Sharma,P036,Bluetooth Speaker,Technology,Audio,Corporate,North,Delhi,Delhi,1,5854.87,5854.87,0.2,4683.9,989.82
ORD-102713,2025-12-24,2025,Dec,12,CUST-0310,Ananya Deshmukh,P029,Air Fryer,Home Appliances,Kitchen,Small Business,East,Odisha,Bhubaneswar,2,9680.62,19361.24,0.15,16457.05,1875.99
ORD-100158,2025-12-25,2025,Dec,12,CUST-0320,Anika Deshmukh,P003,Gaming Laptop X,Technology,Laptops,Consumer,North,Uttar Pradesh,Lucknow,1,92166.04,92166.04,0.05,87557.74,11014.24
ORD-100447,2025-12-25,2025,Dec,12,CUST-0343,Aditya Rao,P021,Laser Printer Pro,Office Supplies,Machines,Consumer,East,Assam,Guwahati,1,27262.94,27262.94,0.05,25899.79,9203.22
ORD-101852,2025-12-25,2025,Dec,12,CUST-0336,Kavya Sharma,P025,Desk Organizer,Office Supplies,Accessories,Corporate,East,Assam,Guwahati,2,832.11,1664.22,0.15,1414.59,404.32
ORD-102757,2025-12-25,2025,Dec,12,CUST-0435,Priya Deshmukh,P017,Bookshelf,Furniture,Storage,Corporate,South,Telangana,Hyderabad,4,9304.27,37217.08,0.1,33495.37,8145.3
ORD-100351,2025-12-26,2025,Dec,12,CUST-0403,Aditya Rao,P035,Fitness Band,Technology,Wearables,Corporate,North,Rajasthan,Jaipur,2,4257.6,8515.2,0.1,7663.68,1224.63
ORD-101550,2025-12-26,2025,Dec,12,CUST-0332,Ira Kumar,P040,Travel Backpack Pro,Office Supplies,Bags,Corporate,South,Karnataka,Bengaluru,2,4685.58,9371.16,0.1,8434.04,2613.01
ORD-102145,2025-12-26,2025,Dec,12,CUST-0148,Karthik Rao,P038,USB-C Hub,Technology,Accessories,Consumer,West,Gujarat,Ahmedabad,3,2691.42,8074.26,0.1,7266.83,1054.24
ORD-100826,2025-12-27,2025,Dec,12,CUST-0114,Meera Iyer,P017,Bookshelf,Furniture,Storage,Small Business,West,Gujarat,Ahmedabad,2,10174.55,20349.1,0.05,19331.64,3408.81
ORD-101376,2025-12-27,2025,Dec,12,CUST-0431,Diya Sharma,P019,Conference Table,Furniture,Tables,Corporate,North,Uttar Pradesh,Lucknow,2,42802.98,85605.96,0.1,77045.36,17990.91
ORD-102341,2025-12-27,2025,Dec,12,CUST-0358,Nisha Rao,P019,Conference Table,Furniture,Tables,Corporate,South,Telangana,Hyderabad,6,41199.62,247197.72,0.0,247197.72,67048.21
ORD-102402,2025-12-27,2025,Dec,12,CUST-0107,Rahul Kumar,P020,Printer,Office Supplies,Machines,Small Business,North,Rajasthan,Jaipur,1,17470.67,17470.67,0.0,17470.67,3517.48
ORD-100559,2025-12-28,2025,Dec,12,CUST-0437,Sneha Kumar,P023,Premium Notebook,Office Supplies,Paper,Corporate,East,Odisha,Bhubaneswar,1,475.71,475.71,0.0,475.71,148.33
ORD-102194,2025-12-28,2025,Dec,12,CUST-0276,Kavya Sharma,P014,Ergonomic Chair Pro,Furniture,Chairs,Consumer,North,Delhi,Delhi,1,18609.05,18609.05,0.05,17678.6,2431.22
ORD-102680,2025-12-28,2025,Dec,12,CUST-0091,Diya Sharma,P030,Mixer Grinder,Home Appliances,Kitchen,Consumer,West,Maharashtra,Mumbai,1,6436.4,6436.4,0.05,6114.58,1067.78
ORD-102947,2025-12-28,2025,Dec,12,CUST-0052,Ira Kumar,P040,Travel Backpack Pro,Office Supplies,Bags,Corporate,West,Gujarat,Ahmedabad,2,4821.4,9642.8,0.15,8196.38,2856.52
ORD-100004,2025-12-29,2025,Dec,12,CUST-0040,Anika Deshmukh,P024,Gel Pen Set,Office Supplies,Writing,Corporate,East,West Bengal,Kolkata,3,312.47,937.41,0.0,937.41,242.42
ORD-100255,2025-12-29,2025,Dec,12,CUST-0463,Aditya Rao,P008,4K Monitor 27,Technology,Monitors,Consumer,North,Rajasthan,Jaipur,6,30045.6,180273.6,0.0,180273.6,38660.2
ORD-100944,2025-12-29,2025,Dec,12,CUST-0032,Ira Kumar,P032,Air Purifier,Home Appliances,Air Care,Small Business,North,Delhi,Delhi,2,16876.25,33752.5,0.05,32064.88,6244.35
ORD-101212,2025-12-29,2025,Dec,12,CUST-0492,Ira Kumar,P034,Smart Watch,Technology,Wearables,Small Business,West,Maharashtra,Pune,1,12665.31,12665.31,0.05,12032.04,2375.55
ORD-101507,2025-12-29,2025,Dec,12,CUST-0018,Nisha Rao,P010,Tablet Air 11,Technology,Tablets,Corporate,North,Delhi,Delhi,1,36487.32,36487.32,0.05,34662.95,5162.41
ORD-101660,2025-12-29,2025,Dec,12,CUST-0380,Anika Deshmukh,P023,Premium Notebook,Office Supplies,Paper,Corporate,East,West Bengal,Kolkata,1,446.62,446.62,0.15,379.63,83.05
ORD-102153,2025-12-29,2025,Dec,12,CUST-0462,Vivaan Kumar,P029,Air Fryer,Home Appliances,Kitchen,Consumer,West,Gujarat,Ahmedabad,1,8800.5,8800.5,0.05,8360.48,1787.08
ORD-102460,2025-12-29,2025,Dec,12,CUST-0242,Vivaan Kumar,P031,Microwave Oven,Home Appliances,Kitchen,Consumer,North,Uttar Pradesh,Lucknow,5,14011.04,70055.2,0.05,66552.44,8629.49
ORD-102682,2025-12-29,2025,Dec,12,CUST-0334,Meera Iyer,P037,Power Bank,Technology,Accessories,Consumer,South,Telangana,Hyderabad,2,2191.09,4382.18,0.1,3943.96,824.64
ORD-100632,2025-12-30,2025,Dec,12,CUST-0009,Saanvi Iyer,P001,Laptop Pro 14,Technology,Laptops,Consumer,West,Gujarat,Ahmedabad,2,58889.48,117778.96,0.0,117778.96,23358.36
ORD-100804,2025-12-30,2025,Dec,12,CUST-0463,Aditya Rao,P013,Office Chair,Furniture,Chairs,Small Business,West,Maharashtra,Pune,2,12089.29,24178.58,0.05,22969.65,3257.91
ORD-100212,2025-12-31,2025,Dec,12,CUST-0384,Arjun Iyer,P015,Executive Desk,Furniture,Tables,Corporate,South,Karnataka,Bengaluru,2,23103.85,46207.7,0.05,43897.31,8147.68
ORD-100258,2025-12-31,2025,Dec,12,CUST-0262,Vivaan Kumar,P020,Printer,Office Supplies,Machines,Consumer,West,Gujarat,Ahmedabad,8,16961.59,135692.72,0.05,128908.08,27259.59
ORD-100615,2025-12-31,2025,Dec,12,CUST-0498,Nisha Rao,P037,Power Bank,Technology,Accessories,Consumer,South,Tamil Nadu,Chennai,2,2186.79,4373.58,0.1,3936.22,468.16
ORD-101873,2025-12-31,2025,Dec,12,CUST-0250,Ananya Deshmukh,P004,Wireless Headphones,Technology,Accessories,Consumer,North,Uttar Pradesh,Lucknow,3,4409.76,13229.28,0.0,13229.28,1490.28
ORD-101889,2025-12-31,2025,Dec,12,CUST-0270,Ananya Deshmukh,P036,Bluetooth Speaker,Technology,Audio,Corporate,East,Assam,Guwahati,5,5340.5,26702.5,0.15,22697.12,5557.3
ORD-100494,2026-01-01,2026,Jan,1,CUST-0480,Anika Deshmukh,P017,Bookshelf,Furniture,Storage,Consumer,East,West Bengal,Kolkata,1,10219.24,10219.24,0.05,9708.28,1305.01
ORD-100977,2026-01-01,2026,Jan,1,CUST-0240,Anika Deshmukh,P031,Microwave Oven,Home Appliances,Kitchen,Small Business,North,Uttar Pradesh,Lucknow,1,13789.16,13789.16,0.0,13789.16,2921.36
ORD-101910,2026-01-01,2026,Jan,1,CUST-0059,Pooja Iyer,P018,Filing Cabinet,Furniture,Storage,Consumer,South,Karnataka,Bengaluru,1,12145.57,12145.57,0.05,11538.29,1863.06
ORD-102427,2026-01-01,2026,Jan,1,CUST-0348,Karthik Rao,P025,Desk Organizer,Office Supplies,Accessories,Consumer,North,Rajasthan,Jaipur,1,844.07,844.07,0.0,844.07,223.17
ORD-100490,2026-01-02,2026,Jan,1,CUST-0408,Karthik Rao,P029,Air Fryer,Home Appliances,Kitchen,Small Business,West,Gujarat,Ahmedabad,4,9743.44,38973.76,0.1,35076.38,7744.28
ORD-100540,2026-01-02,2026,Jan,1,CUST-0054,Meera Iyer,P021,Laser Printer Pro,Office Supplies,Machines,Small Business,West,Maharashtra,Mumbai,3,28900.22,86700.66,0.0,86700.66,18386.1
ORD-101092,2026-01-02,2026,Jan,1,CUST-0054,Meera Iyer,P011,Smartphone Pro,Technology,Phones,Consumer,East,Assam,Guwahati,3,69087.0,207261.0,0.1,186534.9,36996.08
ORD-102025,2026-01-02,2026,Jan,1,CUST-0093,Aadhya Rao,P025,Desk Organizer,Office Supplies,Accessories,Corporate,North,Uttar Pradesh,Lucknow,3,831.14,2493.42,0.05,2368.75,744.07
ORD-102315,2026-01-02,2026,Jan,1,CUST-0452,Ira Kumar,P001,Laptop Pro 14,Technology,Laptops,Corporate,West,Gujarat,Ahmedabad,1,64580.42,64580.42,0.15,54893.36,9532.61
ORD-102786,2026-01-02,2026,Jan,1,CUST-0423,Aditya Rao,P005,Noise Cancelling Headphones,Technology,Accessories,Corporate,West,Gujarat,Ahmedabad,5,7469.11,37345.55,0.2,29876.44,5085.1
ORD-100957,2026-01-03,2026,Jan,1,CUST-0258,Nisha Rao,P031,Microwave Oven,Home Appliances,Kitchen,Corporate,East,Assam,Guwahati,4,13748.78,54995.12,0.15,46745.85,9490.66
ORD-100984,2026-01-03,2026,Jan,1,CUST-0081,Aarav Sharma,P025,Desk Organizer,Office Supplies,Accessories,Small Business,North,Rajasthan,Jaipur,1,888.52,888.52,0.05,844.09,166.6
ORD-101382,2026-01-03,2026,Jan,1,CUST-0305,Ishaan Deshmukh,P032,Air Purifier,Home Appliances,Air Care,Small Business,East,Odisha,Bhubaneswar,1,16511.8,16511.8,0.1,14860.62,2040.22
ORD-102439,2026-01-03,2026,Jan,1,CUST-0328,Karthik Rao,P016,Standing Desk,Furniture,Tables,Consumer,West,Maharashtra,Mumbai,2,29445.75,58891.5,0.1,53002.35,9318.67
ORD-100691,2026-01-04,2026,Jan,1,CUST-0225,Ishaan Deshmukh,P014,Ergonomic Chair Pro,Furniture,Chairs,Consumer,North,Rajasthan,Jaipur,1,17617.26,17617.26,0.05,16736.4,2272.84
ORD-100735,2026-01-04,2026,Jan,1,CUST-0146,Rohan Sharma,P039,Backpack,Office Supplies,Bags,Corporate,North,Uttar Pradesh,Lucknow,2,2144.0,4288.0,0.0,4288.0,1042.16
ORD-101465,2026-01-04,2026,Jan,1,CUST-0216,Kavya Sharma,P038,USB-C Hub,Technology,Accessories,Corporate,North,Uttar Pradesh,Lucknow,1,2667.39,2667.39,0.0,2667.39,597.39
ORD-101549,2026-01-04,2026,Jan,1,CUST-0211,Diya Sharma,P021,Laser Printer Pro,Office Supplies,Machines,Corporate,East,Assam,Guwahati,1,28840.13,28840.13,0.1,25956.12,7732.42
ORD-102324,2026-01-04,2026,Jan,1,CUST-0211,Diya Sharma,P024,Gel Pen Set,Office Supplies,Writing,Corporate,South,Tamil Nadu,Chennai,1,314.74,314.74,0.15,267.53,58.39
ORD-100840,2026-01-05,2026,Jan,1,CUST-0233,Aadhya Rao,P030,Mixer Grinder,Home Appliances,Kitchen,Consumer,West,Gujarat,Ahmedabad,2,6666.95,13333.9,0.0,13333.9,2704.05
ORD-101403,2026-01-05,2026,Jan,1,CUST-0460,Anika Deshmukh,P015,Executive Desk,Furniture,Tables,Corporate,North,Delhi,Delhi,5,23528.42,117642.1,0.1,105877.89,26418.13
ORD-102128,2026-01-05,2026,Jan,1,CUST-0197,Sneha Kumar,P019,Conference Table,Furniture,Tables,Corporate,North,Rajasthan,Jaipur,6,41200.06,247200.36,0.15,210120.31,40257.92
ORD-102507,2026-01-05,2026,Jan,1,CUST-0363,Aditya Rao,P003,Gaming Laptop X,Technology,Laptops,Consumer,South,Telangana,Hyderabad,2,89963.34,179926.68,0.05,170930.35,27782.25
ORD-100014,2026-01-06,2026,Jan,1,CUST-0234,Meera Iyer,P003,Gaming Laptop X,Technology,Laptops,Corporate,East,West Bengal,Kolkata,2,92623.45,185246.9,0.1,166722.21,28513.4
ORD-101574,2026-01-06,2026,Jan,1,CUST-0045,Ishaan Deshmukh,P001,Laptop Pro 14,Technology,Laptops,Small Business,North,Rajasthan,Jaipur,5,63006.42,315032.1,0.05,299280.49,50260.84
ORD-101615,2026-01-06,2026,Jan,1,CUST-0029,Saanvi Iyer,P016,Standing Desk,Furniture,Tables,Consumer,North,Uttar Pradesh,Lucknow,3,29276.1,87828.3,0.1,79045.47,19856.28
ORD-100073,2026-01-07,2026,Jan,1,CUST-0250,Ananya Deshmukh,P021,Laser Printer Pro,Office Supplies,Machines,Consumer,North,Delhi,Delhi,6,28947.45,173684.7,0.0,173684.7,41856.97
ORD-100679,2026-01-07,2026,Jan,1,CUST-0021,Aarav Sharma,P017,Bookshelf,Furniture,Storage,Small Business,South,Karnataka,Bengaluru,8,9564.38,76515.04,0.0,76515.04,11869.06
ORD-100880,2026-01-07,2026,Jan,1,CUST-0325,Ishaan Deshmukh,P031,Microwave Oven,Home Appliances,Kitchen,Consumer,North,Delhi,Delhi,1,14852.26,14852.26,0.1,13367.03,2141.19
ORD-101155,2026-01-07,2026,Jan,1,CUST-0245,Ishaan Deshmukh,P006,Mechanical Keyboard,Technology,Accessories,Consumer,West,Gujarat,Ahmedabad,1,5060.42,5060.42,0.05,4807.4,632.18
ORD-101854,2026-01-07,2026,Jan,1,CUST-0299,Pooja Iyer,P035,Fitness Band,Technology,Wearables,Corporate,North,Uttar Pradesh,Lucknow,2,4303.99,8607.98,0.05,8177.58,889.11
ORD-101934,2026-01-07,2026,Jan,1,CUST-0292,Ira Kumar,P031,Microwave Oven,Home Appliances,Kitchen,Corporate,East,Assam,Guwahati,8,14674.79,117398.32,0.15,99788.57,11817.72
ORD-102222,2026-01-07,2026,Jan,1,CUST-0398,Nisha Rao,P038,USB-C Hub,Technology,Accessories,Consumer,East,West Bengal,Kolkata,1,2475.46,2475.46,0.05,2351.69,365.95
ORD-100115,2026-01-08,2026,Jan,1,CUST-0441,Aarav Sharma,P011,Smartphone Pro,Technology,Phones,Consumer,West,Gujarat,Ahmedabad,2,71727.12,143454.24,0.0,143454.24,15317.47
ORD-100288,2026-01-08,2026,Jan,1,CUST-0131,Diya Sharma,P023,Premium Notebook,Office Supplies,Paper,Corporate,South,Telangana,Hyderabad,1,450.66,450.66,0.05,428.13,128.15
ORD-100742,2026-01-08,2026,Jan,1,CUST-0091,Diya Sharma,P019,Conference Table,Furniture,Tables,Corporate,North,Delhi,Delhi,1,44002.31,44002.31,0.15,37401.96,7768.0
ORD-100971,2026-01-08,2026,Jan,1,CUST-0087,Rahul Kumar,P034,Smart Watch,Technology,Wearables,Consumer,South,Telangana,Hyderabad,2,11821.22,23642.44,0.0,23642.44,3757.55
ORD-103000,2026-01-08,2026,Jan,1,CUST-0384,Arjun Iyer,P032,Air Purifier,Home Appliances,Air Care,Consumer,South,Telangana,Hyderabad,3,16048.72,48146.16,0.1,43331.54,10299.76
ORD-100973,2026-01-09,2026,Jan,1,CUST-0106,Rohan Sharma,P035,Fitness Band,Technology,Wearables,Corporate,West,Gujarat,Ahmedabad,2,4402.47,8804.94,0.1,7924.45,1372.81
ORD-101254,2026-01-09,2026,Jan,1,CUST-0137,Sneha Kumar,P007,Wireless Mouse,Technology,Accessories,Corporate,North,Delhi,Delhi,6,1844.39,11066.34,0.05,10513.02,2172.32
ORD-101648,2026-01-09,2026,Jan,1,CUST-0093,Aadhya Rao,P003,Gaming Laptop X,Technology,Laptops,Consumer,South,Telangana,Hyderabad,1,86676.26,86676.26,0.0,86676.26,16364.58
ORD-101716,2026-01-09,2026,Jan,1,CUST-0283,Aditya Rao,P006,Mechanical Keyboard,Technology,Accessories,Small Business,East,Assam,Guwahati,4,5325.99,21303.96,0.05,20238.76,2091.25
ORD-101880,2026-01-09,2026,Jan,1,CUST-0273,Aadhya Rao,P028,Coffee Maker,Home Appliances,Kitchen,Corporate,North,Delhi,Delhi,3,8983.96,26951.88,0.05,25604.29,5454.51
ORD-101953,2026-01-09,2026,Jan,1,CUST-0433,Aadhya Rao,P031,Microwave Oven,Home Appliances,Kitchen,Corporate,North,Delhi,Delhi,2,15231.59,30463.18,0.05,28940.02,5379.41
ORD-102237,2026-01-09,2026,Jan,1,CUST-0465,Ishaan Deshmukh,P038,USB-C Hub,Technology,Accessories,Corporate,East,West Bengal,Kolkata,6,2646.74,15880.44,0.15,13498.37,1673.91
ORD-102882,2026-01-09,2026,Jan,1,CUST-0409,Saanvi Iyer,P034,Smart Watch,Technology,Wearables,Corporate,West,Gujarat,Ahmedabad,2,12007.02,24014.04,0.15,20411.93,2510.06
ORD-100868,2026-01-10,2026,Jan,1,CUST-0359,Pooja Iyer,P010,Tablet Air 11,Technology,Tablets,Small Business,North,Delhi,Delhi,1,36257.08,36257.08,0.1,32631.37,4633.55
ORD-102620,2026-01-10,2026,Jan,1,CUST-0146,Rohan Sharma,P016,Standing Desk,Furniture,Tables,Consumer,South,Tamil Nadu,Chennai,2,30716.87,61433.74,0.0,61433.74,11739.96
ORD-102664,2026-01-10,2026,Jan,1,CUST-0364,Arjun Iyer,P001,Laptop Pro 14,Technology,Laptops,Consumer,North,Delhi,Delhi,2,61248.32,122496.64,0.1,110246.98,21143.39
ORD-102823,2026-01-11,2026,Jan,1,CUST-0269,Saanvi Iyer,P008,4K Monitor 27,Technology,Monitors,Corporate,North,Uttar Pradesh,Lucknow,1,29162.29,29162.29,0.05,27704.18,3828.11
ORD-100061,2026-01-12,2026,Jan,1,CUST-0352,Ira Kumar,P025,Desk Organizer,Office Supplies,Accessories,Consumer,North,Rajasthan,Jaipur,4,855.01,3420.04,0.05,3249.04,950.94
ORD-100684,2026-01-12,2026,Jan,1,CUST-0434,Meera Iyer,P025,Desk Organizer,Office Supplies,Accessories,Corporate,West,Maharashtra,Pune,2,875.12,1750.24,0.05,1662.73,398.6
ORD-100750,2026-01-12,2026,Jan,1,CUST-0080,Anika Deshmukh,P030,Mixer Grinder,Home Appliances,Kitchen,Consumer,South,Karnataka,Bengaluru,1,6823.15,6823.15,0.0,6823.15,936.76
ORD-100468,2026-01-13,2026,Jan,1,CUST-0224,Arjun Iyer,P013,Office Chair,Furniture,Chairs,Consumer,South,Tamil Nadu,Chennai,2,13246.47,26492.94,0.0,26492.94,6790.52
ORD-101086,2026-01-13,2026,Jan,1,CUST-0375,Priya Deshmukh,P015,Executive Desk,Furniture,Tables,Consumer,North,Delhi,Delhi,4,24027.55,96110.2,0.0,96110.2,17670.35
ORD-101176,2026-01-13,2026,Jan,1,CUST-0367,Rahul Kumar,P021,Laser Printer Pro,Office Supplies,Machines,Consumer,North,Rajasthan,Jaipur,5,30062.08,150310.4,0.0,150310.4,32653.27
ORD-101353,2026-01-13,2026,Jan,1,CUST-0437,Sneha Kumar,P024,Gel Pen Set,Office Supplies,Writing,Consumer,East,Odisha,Bhubaneswar,1,304.21,304.21,0.05,289.0,70.13
ORD-101738,2026-01-13,2026,Jan,1,CUST-0070,Ananya Deshmukh,P024,Gel Pen Set,Office Supplies,Writing,Corporate,South,Telangana,Hyderabad,1,322.02,322.02,0.05,305.92,55.97
ORD-101835,2026-01-13,2026,Jan,1,CUST-0319,Pooja Iyer,P002,Business Laptop 15,Technology,Laptops,Consumer,East,West Bengal,Kolkata,3,52812.4,158437.2,0.1,142593.48,16710.41
ORD-102049,2026-01-13,2026,Jan,1,CUST-0147,Rahul Kumar,P015,Executive Desk,Furniture,Tables,Corporate,South,Telangana,Hyderabad,3,25136.05,75408.15,0.05,71637.74,10547.72
ORD-102087,2026-01-13,2026,Jan,1,CUST-0141,Aarav Sharma,P038,USB-C Hub,Technology,Accessories,Consumer,East,West Bengal,Kolkata,8,2470.81,19766.48,0.0,19766.48,3276.25
ORD-100194,2026-01-14,2026,Jan,1,CUST-0248,Karthik Rao,P019,Conference Table,Furniture,Tables,Consumer,East,Odisha,Bhubaneswar,4,42746.85,170987.4,0.1,153888.66,29009.12
ORD-101747,2026-01-14,2026,Jan,1,CUST-0466,Rohan Sharma,P004,Wireless Headphones,Technology,Accessories,Consumer,West,Maharashtra,Pune,4,4608.35,18433.4,0.0,18433.4,2350.89
ORD-101853,2026-01-14,2026,Jan,1,CUST-0425,Ishaan Deshmukh,P022,Printer Paper Pack,Office Supplies,Paper,Consumer,South,Telangana,Hyderabad,4,643.37,2573.48,0.1,2316.13,553.25
ORD-102172,2026-01-14,2026,Jan,1,CUST-0480,Anika Deshmukh,P006,Mechanical Keyboard,Technology,Accessories,Corporate,North,Rajasthan,Jaipur,3,5284.67,15854.01,0.05,15061.31,1722.11
ORD-102138,2026-01-15,2026,Jan,1,CUST-0166,Rohan Sharma,P001,Laptop Pro 14,Technology,Laptops,Consumer,West,Maharashtra,Mumbai,2,61661.19,123322.38,0.05,117156.26,23468.38
ORD-102396,2026-01-15,2026,Jan,1,CUST-0388,Karthik Rao,P034,Smart Watch,Technology,Wearables,Corporate,West,Maharashtra,Pune,6,12386.56,74319.36,0.05,70603.39,8313.79
ORD-100372,2026-01-16,2026,Jan,1,CUST-0440,Anika Deshmukh,P040,Travel Backpack Pro,Office Supplies,Bags,Corporate,East,Assam,Guwahati,2,4638.72,9277.44,0.15,7885.82,2464.66
ORD-100665,2026-01-16,2026,Jan,1,CUST-0460,Anika Deshmukh,P033,Robot Vacuum,Home Appliances,Cleaning,Corporate,North,Delhi,Delhi,3,28873.46,86620.38,0.1,77958.34,11839.83
ORD-102685,2026-01-16,2026,Jan,1,CUST-0341,Aarav Sharma,P039,Backpack,Office Supplies,Bags,Consumer,South,Telangana,Hyderabad,3,2308.99,6926.97,0.05,6580.62,2135.89
ORD-102924,2026-01-16,2026,Jan,1,CUST-0292,Ira Kumar,P022,Printer Paper Pack,Office Supplies,Paper,Consumer,South,Telangana,Hyderabad,3,628.88,1886.64,0.05,1792.31,380.53
ORD-100031,2026-01-17,2026,Jan,1,CUST-0083,Aditya Rao,P011,Smartphone Pro,Technology,Phones,Consumer,North,Delhi,Delhi,1,68158.62,68158.62,0.0,68158.62,7361.63
ORD-100744,2026-01-17,2026,Jan,1,CUST-0463,Aditya Rao,P024,Gel Pen Set,Office Supplies,Writing,Consumer,North,Rajasthan,Jaipur,2,332.89,665.78,0.05,632.49,121.67
ORD-100930,2026-01-17,2026,Jan,1,CUST-0127,Rahul Kumar,P021,Laser Printer Pro,Office Supplies,Machines,Consumer,South,Telangana,Hyderabad,8,26808.81,214470.48,0.1,193023.43,43200.43
ORD-101133,2026-01-17,2026,Jan,1,CUST-0322,Vivaan Kumar,P002,Business Laptop 15,Technology,Laptops,Small Business,East,Odisha,Bhubaneswar,4,52254.76,209019.04,0.0,209019.04,50653.24
ORD-101902,2026-01-17,2026,Jan,1,CUST-0391,Diya Sharma,P022,Printer Paper Pack,Office Supplies,Paper,Small Business,South,Karnataka,Bengaluru,3,659.83,1979.49,0.05,1880.52,653.67
ORD-101582,2026-01-18,2026,Jan,1,CUST-0448,Karthik Rao,P038,USB-C Hub,Technology,Accessories,Consumer,West,Maharashtra,Pune,2,2586.61,5173.22,0.0,5173.22,733.44
ORD-102070,2026-01-18,2026,Jan,1,CUST-0101,Aarav Sharma,P039,Backpack,Office Supplies,Bags,Consumer,South,Telangana,Hyderabad,5,2229.64,11148.2,0.1,10033.38,2826.32
ORD-102438,2026-01-18,2026,Jan,1,CUST-0387,Rahul Kumar,P001,Laptop Pro 14,Technology,Laptops,Small Business,West,Maharashtra,Pune,3,64361.4,193084.2,0.05,183429.99,28088.14
ORD-102483,2026-01-18,2026,Jan,1,CUST-0305,Ishaan Deshmukh,P032,Air Purifier,Home Appliances,Air Care,Consumer,South,Tamil Nadu,Chennai,2,16652.37,33304.74,0.0,33304.74,5995.7
ORD-102961,2026-01-18,2026,Jan,1,CUST-0223,Aditya Rao,P024,Gel Pen Set,Office Supplies,Writing,Consumer,North,Rajasthan,Jaipur,4,310.62,1242.48,0.0,1242.48,297.6
ORD-101785,2026-01-19,2026,Jan,1,CUST-0193,Aadhya Rao,P031,Microwave Oven,Home Appliances,Kitchen,Corporate,South,Karnataka,Bengaluru,2,14226.88,28453.76,0.2,22763.01,3934.06
ORD-102355,2026-01-19,2026,Jan,1,CUST-0459,Pooja Iyer,P014,Ergonomic Chair Pro,Furniture,Chairs,Corporate,South,Karnataka,Bengaluru,2,19109.68,38219.36,0.2,30575.49,4650.45
ORD-102715,2026-01-19,2026,Jan,1,CUST-0499,Pooja Iyer,P001,Laptop Pro 14,Technology,Laptops,Consumer,South,Tamil Nadu,Chennai,3,60112.99,180338.97,0.05,171322.02,18083.72
ORD-101261,2026-01-20,2026,Jan,1,CUST-0199,Pooja Iyer,P038,USB-C Hub,Technology,Accessories,Corporate,South,Karnataka,Bengaluru,1,2494.17,2494.17,0.0,2494.17,289.82
ORD-102667,2026-01-20,2026,Jan,1,CUST-0231,Diya Sharma,P015,Executive Desk,Furniture,Tables,Consumer,East,Odisha,Bhubaneswar,2,25092.24,50184.48,0.0,50184.48,13716.82
ORD-102856,2026-01-20,2026,Jan,1,CUST-0389,Saanvi Iyer,P037,Power Bank,Technology,Accessories,Small Business,West,Gujarat,Ahmedabad,4,2221.56,8886.24,0.1,7997.62,910.56
ORD-100771,2026-01-21,2026,Jan,1,CUST-0397,Sneha Kumar,P012,Smartphone Plus,Technology,Phones,Consumer,West,Gujarat,Ahmedabad,2,49128.58,98257.16,0.1,88431.44,18405.92
ORD-101073,2026-01-21,2026,Jan,1,CUST-0106,Rohan Sharma,P024,Gel Pen Set,Office Supplies,Writing,Corporate,West,Maharashtra,Mumbai,1,332.24,332.24,0.2,265.79,56.12
ORD-101366,2026-01-21,2026,Jan,1,CUST-0215,Priya Deshmukh,P040,Travel Backpack Pro,Office Supplies,Bags,Corporate,South,Telangana,Hyderabad,5,4764.4,23822.0,0.2,19057.6,4114.81
ORD-101674,2026-01-21,2026,Jan,1,CUST-0202,Vivaan Kumar,P031,Microwave Oven,Home Appliances,Kitchen,Corporate,North,Delhi,Delhi,5,14992.39,74961.95,0.1,67465.76,12966.16
ORD-102431,2026-01-21,2026,Jan,1,CUST-0359,Pooja Iyer,P014,Ergonomic Chair Pro,Furniture,Chairs,Consumer,North,Uttar Pradesh,Lucknow,3,17560.77,52682.31,0.15,44779.96,6403.45
ORD-102520,2026-01-21,2026,Jan,1,CUST-0384,Arjun Iyer,P031,Microwave Oven,Home Appliances,Kitchen,Corporate,East,West Bengal,Kolkata,1,15138.1,15138.1,0.05,14381.19,3444.37
ORD-102849,2026-01-21,2026,Jan,1,CUST-0284,Arjun Iyer,P022,Printer Paper Pack,Office Supplies,Paper,Corporate,East,Assam,Guwahati,1,614.7,614.7,0.1,553.23,196.01
ORD-101656,2026-01-22,2026,Jan,1,CUST-0210,Ananya Deshmukh,P021,Laser Printer Pro,Office Supplies,Machines,Small Business,North,Uttar Pradesh,Lucknow,1,28163.79,28163.79,0.1,25347.41,5169.17
ORD-102373,2026-01-22,2026,Jan,1,CUST-0343,Aditya Rao,P006,Mechanical Keyboard,Technology,Accessories,Consumer,West,Maharashtra,Mumbai,3,5406.07,16218.21,0.0,16218.21,2733.42
ORD-102776,2026-01-22,2026,Jan,1,CUST-0276,Kavya Sharma,P025,Desk Organizer,Office Supplies,Accessories,Corporate,North,Rajasthan,Jaipur,1,819.51,819.51,0.05,778.53,149.1
ORD-102940,2026-01-22,2026,Jan,1,CUST-0409,Saanvi Iyer,P016,Standing Desk,Furniture,Tables,Consumer,West,Maharashtra,Mumbai,2,29543.39,59086.78,0.0,59086.78,14686.29
ORD-101722,2026-01-23,2026,Jan,1,CUST-0108,Karthik Rao,P033,Robot Vacuum,Home Appliances,Cleaning,Consumer,West,Maharashtra,Mumbai,1,27610.69,27610.69,0.05,26230.16,6009.79
ORD-101777,2026-01-23,2026,Jan,1,CUST-0085,Ishaan Deshmukh,P001,Laptop Pro 14,Technology,Laptops,Small Business,South,Telangana,Hyderabad,2,60072.24,120144.48,0.05,114137.26,16572.82
ORD-101784,2026-01-23,2026,Jan,1,CUST-0460,Anika Deshmukh,P009,UltraWide Monitor 34,Technology,Monitors,Consumer,West,Maharashtra,Mumbai,5,41481.71,207408.55,0.0,207408.55,37436.4
ORD-101039,2026-01-24,2026,Jan,1,CUST-0104,Arjun Iyer,P031,Microwave Oven,Home Appliances,Kitchen,Corporate,West,Gujarat,Ahmedabad,1,15312.85,15312.85,0.15,13015.92,1584.24
ORD-101417,2026-01-24,2026,Jan,1,CUST-0067,Rahul Kumar,P027,Whiteboard,Office Supplies,Presentation,Corporate,North,Delhi,Delhi,1,4870.92,4870.92,0.05,4627.37,858.06
ORD-102186,2026-01-24,2026,Jan,1,CUST-0109,Saanvi Iyer,P001,Laptop Pro 14,Technology,Laptops,Corporate,South,Karnataka,Bengaluru,1,64470.14,64470.14,0.15,54799.62,6865.57
ORD-102556,2026-01-24,2026,Jan,1,CUST-0150,Ananya Deshmukh,P015,Executive Desk,Furniture,Tables,Corporate,North,Rajasthan,Jaipur,1,24916.35,24916.35,0.05,23670.53,6474.84
ORD-100060,2026-01-25,2026,Jan,1,CUST-0301,Aarav Sharma,P002,Business Laptop 15,Technology,Laptops,Consumer,West,Maharashtra,Mumbai,2,52221.84,104443.68,0.05,99221.5,18342.66
ORD-100302,2026-01-25,2026,Jan,1,CUST-0450,Ananya Deshmukh,P029,Air Fryer,Home Appliances,Kitchen,Small Business,South,Telangana,Hyderabad,4,9168.69,36674.76,0.05,34841.02,5807.92
ORD-101370,2026-01-25,2026,Jan,1,CUST-0106,Rohan Sharma,P006,Mechanical Keyboard,Technology,Accessories,Consumer,North,Uttar Pradesh,Lucknow,2,5245.21,10490.42,0.15,8916.86,1844.44
ORD-101736,2026-01-25,2026,Jan,1,CUST-0016,Kavya Sharma,P011,Smartphone Pro,Technology,Phones,Consumer,West,Maharashtra,Pune,1,72572.41,72572.41,0.05,68943.79,12598.69
ORD-102065,2026-01-25,2026,Jan,1,CUST-0045,Ishaan Deshmukh,P024,Gel Pen Set,Office Supplies,Writing,Consumer,North,Uttar Pradesh,Lucknow,3,326.65,979.95,0.05,930.95,301.29
ORD-102578,2026-01-25,2026,Jan,1,CUST-0413,Aadhya Rao,P024,Gel Pen Set,Office Supplies,Writing,Corporate,East,Odisha,Bhubaneswar,6,329.83,1978.98,0.15,1682.13,434.72
ORD-100056,2026-01-26,2026,Jan,1,CUST-0206,Rohan Sharma,P004,Wireless Headphones,Technology,Accessories,Consumer,South,Tamil Nadu,Chennai,8,4477.62,35820.96,0.1,32238.86,6301.45
ORD-100963,2026-01-26,2026,Jan,1,CUST-0025,Ishaan Deshmukh,P018,Filing Cabinet,Furniture,Storage,Corporate,West,Maharashtra,Pune,1,12029.91,12029.91,0.15,10225.42,2121.46
ORD-102746,2026-01-26,2026,Jan,1,CUST-0359,Pooja Iyer,P038,USB-C Hub,Technology,Accessories,Consumer,North,Uttar Pradesh,Lucknow,3,2544.45,7633.35,0.1,6870.02,983.51
ORD-102797,2026-01-26,2026,Jan,1,CUST-0300,Anika Deshmukh,P037,Power Bank,Technology,Accessories,Consumer,South,Telangana,Hyderabad,5,2049.61,10248.05,0.05,9735.65,2216.66
ORD-100586,2026-01-27,2026,Jan,1,CUST-0072,Ira Kumar,P001,Laptop Pro 14,Technology,Laptops,Consumer,South,Tamil Nadu,Chennai,5,64465.33,322326.65,0.05,306210.32,57069.96
ORD-101221,2026-01-27,2026,Jan,1,CUST-0233,Aadhya Rao,P012,Smartphone Plus,Technology,Phones,Consumer,East,Assam,Guwahati,2,45961.74,91923.48,0.05,87327.31,11945.73
ORD-102227,2026-01-27,2026,Jan,1,CUST-0472,Ira Kumar,P027,Whiteboard,Office Supplies,Presentation,Small Business,West,Maharashtra,Mumbai,4,4929.96,19719.84,0.1,17747.86,6027.8
ORD-102619,2026-01-27,2026,Jan,1,CUST-0084,Arjun Iyer,P024,Gel Pen Set,Office Supplies,Writing,Corporate,West,Gujarat,Ahmedabad,2,307.02,614.04,0.15,521.93,147.45
ORD-100478,2026-01-28,2026,Jan,1,CUST-0421,Aarav Sharma,P039,Backpack,Office Supplies,Bags,Corporate,West,Maharashtra,Mumbai,1,2187.04,2187.04,0.15,1858.98,558.29
ORD-100723,2026-01-28,2026,Jan,1,CUST-0266,Rohan Sharma,P007,Wireless Mouse,Technology,Accessories,Consumer,South,Telangana,Hyderabad,1,1840.03,1840.03,0.0,1840.03,213.32
ORD-101157,2026-01-28,2026,Jan,1,CUST-0360,Anika Deshmukh,P006,Mechanical Keyboard,Technology,Accessories,Corporate,West,Maharashtra,Pune,1,4904.69,4904.69,0.05,4659.46,505.17
ORD-102588,2026-01-28,2026,Jan,1,CUST-0461,Aarav Sharma,P006,Mechanical Keyboard,Technology,Accessories,Corporate,North,Delhi,Delhi,1,5046.47,5046.47,0.2,4037.18,1004.66
ORD-102711,2026-01-28,2026,Jan,1,CUST-0414,Meera Iyer,P005,Noise Cancelling Headphones,Technology,Accessories,Small Business,South,Telangana,Hyderabad,2,7336.4,14672.8,0.0,14672.8,1951.87
ORD-100451,2026-01-29,2026,Jan,1,CUST-0117,Sneha Kumar,P024,Gel Pen Set,Office Supplies,Writing,Consumer,South,Telangana,Hyderabad,5,333.85,1669.25,0.05,1585.79,473.55
ORD-100715,2026-01-29,2026,Jan,1,CUST-0206,Rohan Sharma,P012,Smartphone Plus,Technology,Phones,Corporate,West,Maharashtra,Mumbai,1,49047.26,49047.26,0.05,46594.9,7344.81
ORD-101452,2026-01-29,2026,Jan,1,CUST-0235,Priya Deshmukh,P012,Smartphone Plus,Technology,Phones,Consumer,West,Maharashtra,Pune,3,50415.19,151245.57,0.1,136121.01,20961.94
ORD-101886,2026-01-29,2026,Jan,1,CUST-0447,Rahul Kumar,P003,Gaming Laptop X,Technology,Laptops,Corporate,West,Gujarat,Ahmedabad,5,88752.46,443762.3,0.05,421574.18,100396.05
ORD-100178,2026-01-30,2026,Jan,1,CUST-0288,Karthik Rao,P013,Office Chair,Furniture,Chairs,Consumer,South,Tamil Nadu,Chennai,6,12357.49,74144.94,0.1,66730.45,18411.38
ORD-100382,2026-01-30,2026,Jan,1,CUST-0435,Priya Deshmukh,P016,Standing Desk,Furniture,Tables,Consumer,North,Rajasthan,Jaipur,6,29695.13,178170.78,0.15,151445.16,27360.08
ORD-101301,2026-01-30,2026,Jan,1,CUST-0119,Pooja Iyer,P005,Noise Cancelling Headphones,Technology,Accessories,Consumer,West,Maharashtra,Mumbai,1,7293.49,7293.49,0.0,7293.49,1043.05
ORD-101321,2026-01-30,2026,Jan,1,CUST-0452,Ira Kumar,P009,UltraWide Monitor 34,Technology,Monitors,Corporate,North,Rajasthan,Jaipur,2,39658.69,79317.38,0.15,67419.77,9179.92
ORD-102297,2026-01-30,2026,Jan,1,CUST-0311,Diya Sharma,P012,Smartphone Plus,Technology,Phones,Corporate,West,Maharashtra,Mumbai,4,48337.66,193350.64,0.0,193350.64,27522.95
ORD-102653,2026-01-30,2026,Jan,1,CUST-0498,Nisha Rao,P021,Laser Printer Pro,Office Supplies,Machines,Consumer,South,Telangana,Hyderabad,4,30148.32,120593.28,0.05,114563.62,22643.15
ORD-101323,2026-01-31,2026,Jan,1,CUST-0239,Pooja Iyer,P030,Mixer Grinder,Home Appliances,Kitchen,Consumer,South,Tamil Nadu,Chennai,2,6767.08,13534.16,0.05,12857.45,1653.5
ORD-101867,2026-01-31,2026,Jan,1,CUST-0344,Arjun Iyer,P036,Bluetooth Speaker,Technology,Audio,Small Business,East,West Bengal,Kolkata,2,5634.88,11269.76,0.1,10142.78,2114.49
ORD-101977,2026-01-31,2026,Jan,1,CUST-0119,Pooja Iyer,P026,Stapler Heavy Duty,Office Supplies,Accessories,Consumer,South,Tamil Nadu,Chennai,1,687.79,687.79,0.05,653.4,117.97
ORD-100736,2026-02-01,2026,Feb,2,CUST-0309,Saanvi Iyer,P025,Desk Organizer,Office Supplies,Accessories,Small Business,South,Tamil Nadu,Chennai,2,832.95,1665.9,0.1,1499.31,310.16
ORD-101413,2026-02-01,2026,Feb,2,CUST-0083,Aditya Rao,P012,Smartphone Plus,Technology,Phones,Corporate,East,West Bengal,Kolkata,3,45535.66,136606.98,0.2,109285.58,25563.8
ORD-102322,2026-02-01,2026,Feb,2,CUST-0156,Kavya Sharma,P013,Office Chair,Furniture,Chairs,Consumer,North,Delhi,Delhi,1,13172.47,13172.47,0.0,13172.47,2151.58
ORD-100784,2026-02-02,2026,Feb,2,CUST-0277,Sneha Kumar,P010,Tablet Air 11,Technology,Tablets,Corporate,West,Maharashtra,Mumbai,4,37197.42,148789.68,0.15,126471.23,18203.69
ORD-101875,2026-02-02,2026,Feb,2,CUST-0191,Diya Sharma,P031,Microwave Oven,Home Appliances,Kitchen,Small Business,South,Telangana,Hyderabad,2,13790.86,27581.72,0.05,26202.63,5969.45
ORD-102028,2026-02-02,2026,Feb,2,CUST-0178,Nisha Rao,P035,Fitness Band,Technology,Wearables,Small Business,East,Assam,Guwahati,4,4096.33,16385.32,0.1,14746.79,1740.48
ORD-102080,2026-02-03,2026,Feb,2,CUST-0214,Meera Iyer,P030,Mixer Grinder,Home Appliances,Kitchen,Small Business,East,Odisha,Bhubaneswar,4,6591.76,26367.04,0.05,25048.69,4015.13
ORD-102703,2026-02-03,2026,Feb,2,CUST-0297,Sneha Kumar,P008,4K Monitor 27,Technology,Monitors,Small Business,East,Assam,Guwahati,1,26900.49,26900.49,0.05,25555.47,4397.67
ORD-100177,2026-02-04,2026,Feb,2,CUST-0335,Priya Deshmukh,P014,Ergonomic Chair Pro,Furniture,Chairs,Consumer,East,West Bengal,Kolkata,2,18549.4,37098.8,0.0,37098.8,5280.64
ORD-100198,2026-02-04,2026,Feb,2,CUST-0402,Vivaan Kumar,P008,4K Monitor 27,Technology,Monitors,Consumer,South,Karnataka,Bengaluru,2,29809.26,59618.52,0.1,53656.67,11065.27
ORD-100296,2026-02-04,2026,Feb,2,CUST-0145,Ishaan Deshmukh,P039,Backpack,Office Supplies,Bags,Corporate,North,Rajasthan,Jaipur,5,2277.53,11387.65,0.0,11387.65,2929.33
ORD-101761,2026-02-04,2026,Feb,2,CUST-0066,Rohan Sharma,P012,Smartphone Plus,Technology,Phones,Consumer,East,Assam,Guwahati,2,50423.43,100846.86,0.15,85719.83,11514.45
ORD-102205,2026-02-04,2026,Feb,2,CUST-0319,Pooja Iyer,P028,Coffee Maker,Home Appliances,Kitchen,Consumer,North,Delhi,Delhi,5,8318.72,41593.6,0.0,41593.6,5025.29
ORD-102326,2026-02-04,2026,Feb,2,CUST-0488,Karthik Rao,P023,Premium Notebook,Office Supplies,Paper,Consumer,North,Delhi,Delhi,1,431.62,431.62,0.05,410.04,142.24
ORD-102502,2026-02-05,2026,Feb,2,CUST-0111,Diya Sharma,P014,Ergonomic Chair Pro,Furniture,Chairs,Consumer,East,Assam,Guwahati,1,17720.69,17720.69,0.05,16834.66,3154.77
ORD-100207,2026-02-06,2026,Feb,2,CUST-0470,Ananya Deshmukh,P013,Office Chair,Furniture,Chairs,Consumer,East,Assam,Guwahati,1,12042.78,12042.78,0.0,12042.78,3274.27
ORD-100504,2026-02-06,2026,Feb,2,CUST-0111,Diya Sharma,P017,Bookshelf,Furniture,Storage,Consumer,South,Telangana,Hyderabad,2,9541.08,19082.16,0.05,18128.05,4614.52
ORD-100525,2026-02-06,2026,Feb,2,CUST-0477,Sneha Kumar,P006,Mechanical Keyboard,Technology,Accessories,Consumer,East,Assam,Guwahati,1,5014.24,5014.24,0.0,5014.24,606.27
ORD-101270,2026-02-06,2026,Feb,2,CUST-0086,Rohan Sharma,P026,Stapler Heavy Duty,Office Supplies,Accessories,Corporate,North,Delhi,Delhi,1,681.75,681.75,0.1,613.58,182.59
ORD-101670,2026-02-06,2026,Feb,2,CUST-0349,Saanvi Iyer,P010,Tablet Air 11,Technology,Tablets,Consumer,North,Rajasthan,Jaipur,2,37063.33,74126.66,0.1,66713.99,10177.65
ORD-100196,2026-02-07,2026,Feb,2,CUST-0300,Anika Deshmukh,P032,Air Purifier,Home Appliances,Air Care,Corporate,West,Gujarat,Ahmedabad,4,16420.22,65680.88,0.05,62396.84,12908.44
ORD-100644,2026-02-07,2026,Feb,2,CUST-0469,Saanvi Iyer,P025,Desk Organizer,Office Supplies,Accessories,Consumer,East,West Bengal,Kolkata,2,823.26,1646.52,0.05,1564.19,460.44
ORD-102308,2026-02-07,2026,Feb,2,CUST-0095,Priya Deshmukh,P001,Laptop Pro 14,Technology,Laptops,Consumer,North,Delhi,Delhi,3,61665.5,184996.5,0.0,184996.5,18536.23
ORD-102638,2026-02-07,2026,Feb,2,CUST-0224,Arjun Iyer,P038,USB-C Hub,Technology,Accessories,Small Business,East,West Bengal,Kolkata,1,2462.85,2462.85,0.1,2216.57,317.49
ORD-102864,2026-02-07,2026,Feb,2,CUST-0352,Ira Kumar,P022,Printer Paper Pack,Office Supplies,Paper,Corporate,West,Maharashtra,Mumbai,4,671.3,2685.2,0.05,2550.94,865.93
ORD-100505,2026-02-08,2026,Feb,2,CUST-0385,Ishaan Deshmukh,P024,Gel Pen Set,Office Supplies,Writing,Consumer,South,Karnataka,Bengaluru,4,321.73,1286.92,0.0,1286.92,307.59
ORD-100745,2026-02-08,2026,Feb,2,CUST-0222,Vivaan Kumar,P012,Smartphone Plus,Technology,Phones,Corporate,North,Delhi,Delhi,1,48620.33,48620.33,0.15,41327.28,8898.16
ORD-101278,2026-02-08,2026,Feb,2,CUST-0071,Diya Sharma,P028,Coffee Maker,Home Appliances,Kitchen,Consumer,North,Rajasthan,Jaipur,4,8958.72,35834.88,0.1,32251.39,6837.71
ORD-102005,2026-02-08,2026,Feb,2,CUST-0011,Diya Sharma,P035,Fitness Band,Technology,Wearables,Corporate,East,Assam,Guwahati,3,4263.27,12789.81,0.1,11510.83,2386.64
ORD-102086,2026-02-08,2026,Feb,2,CUST-0215,Priya Deshmukh,P029,Air Fryer,Home Appliances,Kitchen,Corporate,North,Uttar Pradesh,Lucknow,2,8679.27,17358.54,0.15,14754.76,1864.14
ORD-100076,2026-02-09,2026,Feb,2,CUST-0258,Nisha Rao,P039,Backpack,Office Supplies,Bags,Corporate,North,Uttar Pradesh,Lucknow,5,2098.12,10490.6,0.15,8917.01,2311.43
ORD-101707,2026-02-09,2026,Feb,2,CUST-0064,Arjun Iyer,P038,USB-C Hub,Technology,Accessories,Corporate,North,Rajasthan,Jaipur,10,2620.79,26207.9,0.1,23587.11,5648.38
ORD-100433,2026-02-10,2026,Feb,2,CUST-0333,Aadhya Rao,P002,Business Laptop 15,Technology,Laptops,Consumer,South,Telangana,Hyderabad,1,54898.98,54898.98,0.05,52154.03,8509.36
ORD-100561,2026-02-10,2026,Feb,2,CUST-0392,Ira Kumar,P032,Air Purifier,Home Appliances,Air Care,Corporate,South,Karnataka,Bengaluru,4,16031.42,64125.68,0.15,54506.83,6143.04
ORD-100908,2026-02-10,2026,Feb,2,CUST-0071,Diya Sharma,P023,Premium Notebook,Office Supplies,Paper,Consumer,West,Maharashtra,Pune,1,445.55,445.55,0.0,445.55,156.67
ORD-101795,2026-02-10,2026,Feb,2,CUST-0217,Sneha Kumar,P010,Tablet Air 11,Technology,Tablets,Consumer,North,Delhi,Delhi,3,37422.11,112266.33,0.05,106653.01,19727.77
ORD-102593,2026-02-10,2026,Feb,2,CUST-0395,Priya Deshmukh,P003,Gaming Laptop X,Technology,Laptops,Small Business,North,Delhi,Delhi,2,91913.29,183826.58,0.1,165443.92,33081.04
ORD-101118,2026-02-11,2026,Feb,2,CUST-0090,Ananya Deshmukh,P004,Wireless Headphones,Technology,Accessories,Consumer,West,Maharashtra,Pune,5,4584.14,22920.7,0.15,19482.6,2949.71
ORD-101825,2026-02-11,2026,Feb,2,CUST-0263,Aditya Rao,P009,UltraWide Monitor 34,Technology,Monitors,Corporate,South,Tamil Nadu,Chennai,5,44481.67,222408.35,0.1,200167.52,40151.44
ORD-101194,2026-02-12,2026,Feb,2,CUST-0036,Kavya Sharma,P015,Executive Desk,Furniture,Tables,Small Business,South,Telangana,Hyderabad,1,22967.05,22967.05,0.05,21818.7,4113.07
ORD-102079,2026-02-12,2026,Feb,2,CUST-0275,Priya Deshmukh,P018,Filing Cabinet,Furniture,Storage,Corporate,East,West Bengal,Kolkata,2,11688.26,23376.52,0.1,21038.87,2975.63
ORD-100534,2026-02-13,2026,Feb,2,CUST-0267,Rahul Kumar,P032,Air Purifier,Home Appliances,Air Care,Consumer,West,Maharashtra,Pune,4,15777.86,63111.44,0.1,56800.3,9796.51
ORD-100685,2026-02-13,2026,Feb,2,CUST-0359,Pooja Iyer,P024,Gel Pen Set,Office Supplies,Writing,Consumer,North,Uttar Pradesh,Lucknow,1,302.66,302.66,0.0,302.66,54.71
ORD-100214,2026-02-14,2026,Feb,2,CUST-0036,Kavya Sharma,P029,Air Fryer,Home Appliances,Kitchen,Corporate,South,Tamil Nadu,Chennai,1,9164.93,9164.93,0.05,8706.68,1167.56
ORD-100746,2026-02-14,2026,Feb,2,CUST-0041,Aarav Sharma,P012,Smartphone Plus,Technology,Phones,Consumer,South,Telangana,Hyderabad,1,47543.43,47543.43,0.0,47543.43,5561.75
ORD-102095,2026-02-14,2026,Feb,2,CUST-0090,Ananya Deshmukh,P021,Laser Printer Pro,Office Supplies,Machines,Corporate,South,Telangana,Hyderabad,2,26964.88,53929.76,0.15,45840.3,12353.73
ORD-102165,2026-02-14,2026,Feb,2,CUST-0490,Ananya Deshmukh,P040,Travel Backpack Pro,Office Supplies,Bags,Corporate,South,Telangana,Hyderabad,1,4584.33,4584.33,0.05,4355.11,1518.01
ORD-102259,2026-02-14,2026,Feb,2,CUST-0075,Priya Deshmukh,P002,Business Laptop 15,Technology,Laptops,Small Business,West,Maharashtra,Pune,6,56105.85,336635.1,0.05,319803.34,39367.93
ORD-102428,2026-02-14,2026,Feb,2,CUST-0408,Karthik Rao,P007,Wireless Mouse,Technology,Accessories,Corporate,West,Gujarat,Ahmedabad,3,1812.86,5438.58,0.15,4622.79,661.42
ORD-102510,2026-02-14,2026,Feb,2,CUST-0406,Rohan Sharma,P032,Air Purifier,Home Appliances,Air Care,Corporate,South,Tamil Nadu,Chennai,1,17344.45,17344.45,0.15,14742.78,3115.67
ORD-102994,2026-02-14,2026,Feb,2,CUST-0291,Diya Sharma,P030,Mixer Grinder,Home Appliances,Kitchen,Corporate,North,Uttar Pradesh,Lucknow,1,7023.45,7023.45,0.1,6321.1,1507.35
ORD-100676,2026-02-15,2026,Feb,2,CUST-0439,Pooja Iyer,P032,Air Purifier,Home Appliances,Air Care,Consumer,North,Rajasthan,Jaipur,1,16080.4,16080.4,0.05,15276.38,3341.99
ORD-101882,2026-02-15,2026,Feb,2,CUST-0391,Diya Sharma,P032,Air Purifier,Home Appliances,Air Care,Consumer,North,Rajasthan,Jaipur,2,17311.04,34622.08,0.0,34622.08,5626.7
ORD-100481,2026-02-16,2026,Feb,2,CUST-0139,Pooja Iyer,P001,Laptop Pro 14,Technology,Laptops,Consumer,South,Karnataka,Bengaluru,1,63903.73,63903.73,0.05,60708.54,9616.24
ORD-100836,2026-02-16,2026,Feb,2,CUST-0302,Vivaan Kumar,P028,Coffee Maker,Home Appliances,Kitchen,Consumer,South,Karnataka,Bengaluru,3,8855.59,26566.77,0.05,25238.43,5103.83
ORD-101143,2026-02-16,2026,Feb,2,CUST-0210,Ananya Deshmukh,P008,4K Monitor 27,Technology,Monitors,Consumer,South,Telangana,Hyderabad,1,27318.44,27318.44,0.1,24586.6,4829.34
ORD-101505,2026-02-16,2026,Feb,2,CUST-0176,Kavya Sharma,P013,Office Chair,Furniture,Chairs,Small Business,East,Odisha,Bhubaneswar,1,12261.09,12261.09,0.1,11034.98,1402.29
ORD-101649,2026-02-16,2026,Feb,2,CUST-0336,Kavya Sharma,P031,Microwave Oven,Home Appliances,Kitchen,Consumer,West,Maharashtra,Mumbai,6,14893.82,89362.92,0.05,84894.77,11621.29
ORD-101681,2026-02-16,2026,Feb,2,CUST-0285,Ishaan Deshmukh,P020,Printer,Office Supplies,Machines,Consumer,North,Delhi,Delhi,2,17281.92,34563.84,0.0,34563.84,8242.01
ORD-101951,2026-02-16,2026,Feb,2,CUST-0242,Vivaan Kumar,P003,Gaming Laptop X,Technology,Laptops,Consumer,East,Assam,Guwahati,1,87577.23,87577.23,0.0,87577.23,15841.23
ORD-102671,2026-02-16,2026,Feb,2,CUST-0312,Ira Kumar,P019,Conference Table,Furniture,Tables,Consumer,North,Delhi,Delhi,1,40619.88,40619.88,0.15,34526.9,6053.88
ORD-100529,2026-02-17,2026,Feb,2,CUST-0359,Pooja Iyer,P014,Ergonomic Chair Pro,Furniture,Chairs,Consumer,East,Assam,Guwahati,3,17798.79,53396.37,0.05,50726.55,7324.64
ORD-100724,2026-02-17,2026,Feb,2,CUST-0376,Kavya Sharma,P003,Gaming Laptop X,Technology,Laptops,Corporate,North,Uttar Pradesh,Lucknow,4,84213.11,336852.44,0.1,303167.2,34710.77
ORD-100778,2026-02-17,2026,Feb,2,CUST-0063,Aditya Rao,P007,Wireless Mouse,Technology,Accessories,Corporate,South,Karnataka,Bengaluru,2,1717.8,3435.6,0.05,3263.82,407.46
ORD-101277,2026-02-17,2026,Feb,2,CUST-0472,Ira Kumar,P027,Whiteboard,Office Supplies,Presentation,Consumer,East,Odisha,Bhubaneswar,1,4764.16,4764.16,0.0,4764.16,918.44
ORD-101314,2026-02-17,2026,Feb,2,CUST-0385,Ishaan Deshmukh,P036,Bluetooth Speaker,Technology,Audio,Corporate,South,Telangana,Hyderabad,2,5271.11,10542.22,0.15,8960.89,1627.15
ORD-101849,2026-02-17,2026,Feb,2,CUST-0167,Rahul Kumar,P027,Whiteboard,Office Supplies,Presentation,Corporate,North,Delhi,Delhi,1,5051.45,5051.45,0.1,4546.31,1186.14
ORD-102209,2026-02-17,2026,Feb,2,CUST-0166,Rohan Sharma,P009,UltraWide Monitor 34,Technology,Monitors,Consumer,North,Uttar Pradesh,Lucknow,3,40028.44,120085.32,0.15,102072.52,14481.06
ORD-102388,2026-02-17,2026,Feb,2,CUST-0280,Anika Deshmukh,P028,Coffee Maker,Home Appliances,Kitchen,Small Business,South,Tamil Nadu,Chennai,2,8536.64,17073.28,0.05,16219.62,3640.62
ORD-102694,2026-02-17,2026,Feb,2,CUST-0312,Ira Kumar,P021,Laser Printer Pro,Office Supplies,Machines,Corporate,East,Odisha,Bhubaneswar,1,27136.79,27136.79,0.1,24423.11,7591.23
ORD-102937,2026-02-17,2026,Feb,2,CUST-0170,Ananya Deshmukh,P012,Smartphone Plus,Technology,Phones,Consumer,North,Rajasthan,Jaipur,4,47856.25,191425.0,0.1,172282.5,39927.71
ORD-100153,2026-02-18,2026,Feb,2,CUST-0376,Kavya Sharma,P005,Noise Cancelling Headphones,Technology,Accessories,Consumer,East,West Bengal,Kolkata,1,7479.16,7479.16,0.05,7105.2,1766.06
ORD-101002,2026-02-18,2026,Feb,2,CUST-0142,Vivaan Kumar,P001,Laptop Pro 14,Technology,Laptops,Small Business,South,Karnataka,Bengaluru,3,60499.57,181498.71,0.05,172423.77,34909.17
ORD-101205,2026-02-18,2026,Feb,2,CUST-0109,Saanvi Iyer,P013,Office Chair,Furniture,Chairs,Corporate,North,Uttar Pradesh,Lucknow,4,11939.8,47759.2,0.15,40595.32,9341.13
ORD-101244,2026-02-18,2026,Feb,2,CUST-0283,Aditya Rao,P030,Mixer Grinder,Home Appliances,Kitchen,Consumer,North,Delhi,Delhi,3,7058.34,21175.02,0.1,19057.52,4006.08
ORD-101464,2026-02-18,2026,Feb,2,CUST-0392,Ira Kumar,P040,Travel Backpack Pro,Office Supplies,Bags,Corporate,West,Maharashtra,Mumbai,2,4744.42,9488.84,0.05,9014.4,2736.04
ORD-101753,2026-02-18,2026,Feb,2,CUST-0232,Ira Kumar,P037,Power Bank,Technology,Accessories,Consumer,South,Telangana,Hyderabad,3,2042.01,6126.03,0.0,6126.03,699.61
ORD-101850,2026-02-18,2026,Feb,2,CUST-0499,Pooja Iyer,P014,Ergonomic Chair Pro,Furniture,Chairs,Corporate,West,Gujarat,Ahmedabad,1,19329.19,19329.19,0.05,18362.73,5140.72
ORD-102141,2026-02-18,2026,Feb,2,CUST-0126,Rohan Sharma,P040,Travel Backpack Pro,Office Supplies,Bags,Consumer,South,Telangana,Hyderabad,6,4688.26,28129.56,0.05,26723.08,5199.46
ORD-102648,2026-02-18,2026,Feb,2,CUST-0179,Pooja Iyer,P027,Whiteboard,Office Supplies,Presentation,Small Business,West,Gujarat,Ahmedabad,3,4815.71,14447.13,0.0,14447.13,3354.71
ORD-102655,2026-02-18,2026,Feb,2,CUST-0327,Rahul Kumar,P026,Stapler Heavy Duty,Office Supplies,Accessories,Consumer,North,Uttar Pradesh,Lucknow,5,748.24,3741.2,0.05,3554.14,949.78
ORD-100077,2026-02-19,2026,Feb,2,CUST-0277,Sneha Kumar,P025,Desk Organizer,Office Supplies,Accessories,Small Business,West,Gujarat,Ahmedabad,2,873.84,1747.68,0.1,1572.91,381.22
ORD-102379,2026-02-19,2026,Feb,2,CUST-0048,Karthik Rao,P003,Gaming Laptop X,Technology,Laptops,Consumer,North,Rajasthan,Jaipur,2,87293.24,174586.48,0.05,165857.16,29963.69
ORD-100047,2026-02-20,2026,Feb,2,CUST-0494,Meera Iyer,P028,Coffee Maker,Home Appliances,Kitchen,Consumer,East,Odisha,Bhubaneswar,5,8639.82,43199.1,0.0,43199.1,8055.49
ORD-100161,2026-02-20,2026,Feb,2,CUST-0431,Diya Sharma,P012,Smartphone Plus,Technology,Phones,Consumer,West,Maharashtra,Pune,2,46645.29,93290.58,0.05,88626.05,11593.04
ORD-100664,2026-02-20,2026,Feb,2,CUST-0484,Arjun Iyer,P008,4K Monitor 27,Technology,Monitors,Consumer,North,Uttar Pradesh,Lucknow,2,28454.55,56909.1,0.05,54063.64,8953.84
ORD-100881,2026-02-20,2026,Feb,2,CUST-0012,Ira Kumar,P032,Air Purifier,Home Appliances,Air Care,Consumer,North,Rajasthan,Jaipur,3,15707.91,47123.73,0.0,47123.73,5341.07
ORD-101291,2026-02-20,2026,Feb,2,CUST-0244,Arjun Iyer,P010,Tablet Air 11,Technology,Tablets,Small Business,North,Rajasthan,Jaipur,1,36994.31,36994.31,0.15,31445.16,5418.09
ORD-101643,2026-02-20,2026,Feb,2,CUST-0215,Priya Deshmukh,P038,USB-C Hub,Technology,Accessories,Small Business,South,Telangana,Hyderabad,10,2460.2,24602.0,0.05,23371.9,2939.55
ORD-101650,2026-02-20,2026,Feb,2,CUST-0478,Nisha Rao,P023,Premium Notebook,Office Supplies,Paper,Corporate,North,Rajasthan,Jaipur,4,472.41,1889.64,0.2,1511.71,443.59
ORD-101779,2026-02-20,2026,Feb,2,CUST-0454,Meera Iyer,P008,4K Monitor 27,Technology,Monitors,Corporate,East,Assam,Guwahati,5,27677.83,138389.15,0.1,124550.24,16593.29
ORD-102124,2026-02-20,2026,Feb,2,CUST-0314,Meera Iyer,P013,Office Chair,Furniture,Chairs,Corporate,East,Assam,Guwahati,3,12102.89,36308.67,0.0,36308.67,7935.69
ORD-102366,2026-02-20,2026,Feb,2,CUST-0095,Priya Deshmukh,P012,Smartphone Plus,Technology,Phones,Consumer,South,Telangana,Hyderabad,5,46653.09,233265.45,0.15,198275.63,34470.59
ORD-100062,2026-02-21,2026,Feb,2,CUST-0264,Arjun Iyer,P020,Printer,Office Supplies,Machines,Corporate,West,Maharashtra,Pune,5,17333.69,86668.45,0.1,78001.6,21345.1
ORD-100342,2026-02-21,2026,Feb,2,CUST-0469,Saanvi Iyer,P038,USB-C Hub,Technology,Accessories,Consumer,East,Assam,Guwahati,3,2586.5,7759.5,0.1,6983.55,731.44
ORD-100590,2026-02-21,2026,Feb,2,CUST-0155,Priya Deshmukh,P032,Air Purifier,Home Appliances,Air Care,Consumer,South,Telangana,Hyderabad,2,16157.8,32315.6,0.15,27468.26,3646.11
ORD-101400,2026-02-21,2026,Feb,2,CUST-0199,Pooja Iyer,P006,Mechanical Keyboard,Technology,Accessories,Consumer,North,Uttar Pradesh,Lucknow,3,5371.94,16115.82,0.05,15310.03,3728.43
ORD-101585,2026-02-21,2026,Feb,2,CUST-0371,Diya Sharma,P027,Whiteboard,Office Supplies,Presentation,Corporate,East,Assam,Guwahati,1,4713.05,4713.05,0.1,4241.74,1334.62
ORD-102384,2026-02-21,2026,Feb,2,CUST-0031,Diya Sharma,P019,Conference Table,Furniture,Tables,Consumer,East,Assam,Guwahati,2,41466.04,82932.08,0.05,78785.48,13861.51
ORD-102553,2026-02-21,2026,Feb,2,CUST-0298,Nisha Rao,P022,Printer Paper Pack,Office Supplies,Paper,Corporate,South,Telangana,Hyderabad,5,664.08,3320.4,0.2,2656.32,853.26
ORD-100353,2026-02-22,2026,Feb,2,CUST-0401,Aarav Sharma,P033,Robot Vacuum,Home Appliances,Cleaning,Corporate,West,Maharashtra,Mumbai,2,29317.97,58635.94,0.05,55704.14,10989.45
ORD-100663,2026-02-22,2026,Feb,2,CUST-0220,Anika Deshmukh,P031,Microwave Oven,Home Appliances,Kitchen,Corporate,North,Uttar Pradesh,Lucknow,2,14038.81,28077.62,0.1,25269.86,3451.04
ORD-101018,2026-02-22,2026,Feb,2,CUST-0212,Ira Kumar,P020,Printer,Office Supplies,Machines,Small Business,North,Rajasthan,Jaipur,1,17361.99,17361.99,0.05,16493.89,4358.32
ORD-102290,2026-02-22,2026,Feb,2,CUST-0162,Vivaan Kumar,P029,Air Fryer,Home Appliances,Kitchen,Corporate,East,Odisha,Bhubaneswar,4,9207.99,36831.96,0.2,29465.57,4008.69
ORD-100156,2026-02-23,2026,Feb,2,CUST-0186,Rohan Sharma,P001,Laptop Pro 14,Technology,Laptops,Consumer,North,Uttar Pradesh,Lucknow,3,61897.27,185691.81,0.0,185691.81,30230.33
ORD-101047,2026-02-23,2026,Feb,2,CUST-0180,Anika Deshmukh,P012,Smartphone Plus,Technology,Phones,Corporate,West,Maharashtra,Pune,3,48204.45,144613.35,0.15,122921.35,14193.83
ORD-101065,2026-02-23,2026,Feb,2,CUST-0098,Nisha Rao,P010,Tablet Air 11,Technology,Tablets,Consumer,West,Maharashtra,Mumbai,1,35944.31,35944.31,0.05,34147.09,7151.4
ORD-102393,2026-02-23,2026,Feb,2,CUST-0491,Diya Sharma,P021,Laser Printer Pro,Office Supplies,Machines,Corporate,East,Assam,Guwahati,3,27907.22,83721.66,0.0,83721.66,19240.29
ORD-100710,2026-02-24,2026,Feb,2,CUST-0326,Rohan Sharma,P032,Air Purifier,Home Appliances,Air Care,Corporate,West,Maharashtra,Pune,1,15791.53,15791.53,0.15,13422.8,3019.93
ORD-101300,2026-02-24,2026,Feb,2,CUST-0363,Aditya Rao,P020,Printer,Office Supplies,Machines,Corporate,South,Tamil Nadu,Chennai,1,16253.62,16253.62,0.05,15440.94,5288.98
ORD-102771,2026-02-24,2026,Feb,2,CUST-0500,Anika Deshmukh,P032,Air Purifier,Home Appliances,Air Care,Corporate,North,Delhi,Delhi,5,16513.95,82569.75,0.05,78441.26,15864.15
ORD-100578,2026-02-25,2026,Feb,2,CUST-0220,Anika Deshmukh,P017,Bookshelf,Furniture,Storage,Consumer,South,Karnataka,Bengaluru,1,9814.16,9814.16,0.0,9814.16,2105.0
ORD-100592,2026-02-25,2026,Feb,2,CUST-0039,Pooja Iyer,P020,Printer,Office Supplies,Machines,Corporate,South,Telangana,Hyderabad,3,15980.91,47942.73,0.15,40751.32,14451.42
ORD-100958,2026-02-25,2026,Feb,2,CUST-0464,Arjun Iyer,P007,Wireless Mouse,Technology,Accessories,Consumer,West,Maharashtra,Mumbai,1,1805.14,1805.14,0.0,1805.14,359.03
ORD-100979,2026-02-25,2026,Feb,2,CUST-0073,Aadhya Rao,P003,Gaming Laptop X,Technology,Laptops,Consumer,East,Assam,Guwahati,2,86482.56,172965.12,0.05,164316.86,39723.52
ORD-101168,2026-02-25,2026,Feb,2,CUST-0278,Nisha Rao,P022,Printer Paper Pack,Office Supplies,Paper,Corporate,North,Uttar Pradesh,Lucknow,2,657.82,1315.64,0.05,1249.86,316.96
ORD-101341,2026-02-25,2026,Feb,2,CUST-0334,Meera Iyer,P004,Wireless Headphones,Technology,Accessories,Corporate,South,Tamil Nadu,Chennai,5,4586.62,22933.1,0.0,22933.1,5631.57
ORD-101711,2026-02-25,2026,Feb,2,CUST-0442,Vivaan Kumar,P010,Tablet Air 11,Technology,Tablets,Consumer,North,Uttar Pradesh,Lucknow,1,37734.52,37734.52,0.0,37734.52,3911.25
ORD-101840,2026-02-25,2026,Feb,2,CUST-0404,Arjun Iyer,P029,Air Fryer,Home Appliances,Kitchen,Corporate,East,Odisha,Bhubaneswar,4,9058.62,36234.48,0.1,32611.03,5742.76
ORD-102686,2026-02-25,2026,Feb,2,CUST-0117,Sneha Kumar,P030,Mixer Grinder,Home Appliances,Kitchen,Consumer,West,Maharashtra,Mumbai,4,7111.35,28445.4,0.1,25600.86,3204.12
ORD-101437,2026-02-26,2026,Feb,2,CUST-0195,Priya Deshmukh,P023,Premium Notebook,Office Supplies,Paper,Corporate,North,Uttar Pradesh,Lucknow,1,426.87,426.87,0.15,362.84,112.77
ORD-102657,2026-02-26,2026,Feb,2,CUST-0348,Karthik Rao,P007,Wireless Mouse,Technology,Accessories,Small Business,South,Telangana,Hyderabad,1,1831.75,1831.75,0.1,1648.58,165.85
ORD-100026,2026-02-27,2026,Feb,2,CUST-0075,Priya Deshmukh,P004,Wireless Headphones,Technology,Accessories,Consumer,North,Rajasthan,Jaipur,2,4751.77,9503.54,0.05,9028.36,2166.39
ORD-101099,2026-02-27,2026,Feb,2,CUST-0186,Rohan Sharma,P017,Bookshelf,Furniture,Storage,Small Business,East,Odisha,Bhubaneswar,2,9767.66,19535.32,0.1,17581.79,3216.33
ORD-101892,2026-02-27,2026,Feb,2,CUST-0117,Sneha Kumar,P017,Bookshelf,Furniture,Storage,Small Business,East,Assam,Guwahati,1,9595.05,9595.05,0.1,8635.55,1533.81
ORD-102843,2026-02-27,2026,Feb,2,CUST-0014,Meera Iyer,P035,Fitness Band,Technology,Wearables,Consumer,West,Maharashtra,Mumbai,1,4029.58,4029.58,0.1,3626.62,756.02
ORD-101206,2026-02-28,2026,Feb,2,CUST-0375,Priya Deshmukh,P013,Office Chair,Furniture,Chairs,Consumer,South,Telangana,Hyderabad,2,11926.13,23852.26,0.0,23852.26,2956.01
ORD-101767,2026-02-28,2026,Feb,2,CUST-0327,Rahul Kumar,P036,Bluetooth Speaker,Technology,Audio,Corporate,South,Tamil Nadu,Chennai,10,5779.65,57796.5,0.1,52016.85,10311.9
ORD-102595,2026-02-28,2026,Feb,2,CUST-0249,Saanvi Iyer,P003,Gaming Laptop X,Technology,Laptops,Consumer,South,Telangana,Hyderabad,5,92397.61,461988.05,0.0,461988.05,86560.11
ORD-100708,2026-03-01,2026,Mar,3,CUST-0355,Priya Deshmukh,P012,Smartphone Plus,Technology,Phones,Consumer,North,Delhi,Delhi,4,49432.73,197730.92,0.05,187844.37,24526.3
ORD-100893,2026-03-01,2026,Mar,3,CUST-0404,Arjun Iyer,P021,Laser Printer Pro,Office Supplies,Machines,Corporate,East,West Bengal,Kolkata,1,30131.36,30131.36,0.0,30131.36,8660.68
ORD-101113,2026-03-01,2026,Mar,3,CUST-0249,Saanvi Iyer,P022,Printer Paper Pack,Office Supplies,Paper,Consumer,West,Maharashtra,Mumbai,1,641.1,641.1,0.15,544.94,155.25
ORD-101485,2026-03-01,2026,Mar,3,CUST-0036,Kavya Sharma,P027,Whiteboard,Office Supplies,Presentation,Small Business,East,Assam,Guwahati,3,4804.63,14413.89,0.05,13693.2,4193.29
ORD-102262,2026-03-01,2026,Mar,3,CUST-0302,Vivaan Kumar,P022,Printer Paper Pack,Office Supplies,Paper,Corporate,South,Tamil Nadu,Chennai,1,625.95,625.95,0.2,500.76,135.93
ORD-100383,2026-03-02,2026,Mar,3,CUST-0325,Ishaan Deshmukh,P039,Backpack,Office Supplies,Bags,Small Business,North,Rajasthan,Jaipur,3,2253.96,6761.88,0.0,6761.88,1866.34
ORD-100918,2026-03-02,2026,Mar,3,CUST-0046,Rohan Sharma,P023,Premium Notebook,Office Supplies,Paper,Corporate,West,Maharashtra,Mumbai,4,445.69,1782.76,0.1,1604.48,385.22
ORD-101104,2026-03-02,2026,Mar,3,CUST-0085,Ishaan Deshmukh,P008,4K Monitor 27,Technology,Monitors,Corporate,West,Maharashtra,Mumbai,6,29766.55,178599.3,0.05,169669.33,27874.91
ORD-102245,2026-03-02,2026,Mar,3,CUST-0473,Aadhya Rao,P026,Stapler Heavy Duty,Office Supplies,Accessories,Small Business,South,Tamil Nadu,Chennai,3,681.72,2045.16,0.1,1840.64,351.09
ORD-102662,2026-03-02,2026,Mar,3,CUST-0121,Aarav Sharma,P006,Mechanical Keyboard,Technology,Accessories,Corporate,North,Uttar Pradesh,Lucknow,10,4913.57,49135.7,0.05,46678.91,8853.17
ORD-100652,2026-03-03,2026,Mar,3,CUST-0287,Rahul Kumar,P019,Conference Table,Furniture,Tables,Consumer,East,Odisha,Bhubaneswar,1,41924.2,41924.2,0.1,37731.78,6258.6
ORD-100828,2026-03-03,2026,Mar,3,CUST-0084,Arjun Iyer,P007,Wireless Mouse,Technology,Accessories,Consumer,East,West Bengal,Kolkata,6,1900.12,11400.72,0.05,10830.68,1698.2
ORD-101490,2026-03-03,2026,Mar,3,CUST-0379,Pooja Iyer,P005,Noise Cancelling Headphones,Technology,Accessories,Corporate,East,West Bengal,Kolkata,4,7037.92,28151.68,0.0,28151.68,3473.69
ORD-101597,2026-03-03,2026,Mar,3,CUST-0478,Nisha Rao,P002,Business Laptop 15,Technology,Laptops,Consumer,East,West Bengal,Kolkata,2,51109.95,102219.9,0.15,86886.91,20605.96
ORD-102131,2026-03-03,2026,Mar,3,CUST-0106,Rohan Sharma,P001,Laptop Pro 14,Technology,Laptops,Corporate,East,Odisha,Bhubaneswar,10,59626.75,596267.5,0.15,506827.38,122751.11
ORD-100995,2026-03-05,2026,Mar,3,CUST-0372,Ira Kumar,P013,Office Chair,Furniture,Chairs,Corporate,North,Uttar Pradesh,Lucknow,1,12502.31,12502.31,0.15,10626.96,1595.28
ORD-101384,2026-03-05,2026,Mar,3,CUST-0341,Aarav Sharma,P012,Smartphone Plus,Technology,Phones,Small Business,North,Delhi,Delhi,2,45601.33,91202.66,0.0,91202.66,19042.08
ORD-101469,2026-03-05,2026,Mar,3,CUST-0067,Rahul Kumar,P014,Ergonomic Chair Pro,Furniture,Chairs,Consumer,South,Tamil Nadu,Chennai,2,19030.87,38061.74,0.0,38061.74,6128.16
ORD-101476,2026-03-05,2026,Mar,3,CUST-0448,Karthik Rao,P034,Smart Watch,Technology,Wearables,Consumer,North,Rajasthan,Jaipur,4,12425.18,49700.72,0.05,47215.68,7283.85
ORD-101593,2026-03-05,2026,Mar,3,CUST-0259,Pooja Iyer,P009,UltraWide Monitor 34,Technology,Monitors,Consumer,North,Rajasthan,Jaipur,1,40995.31,40995.31,0.0,40995.31,5259.58
ORD-102577,2026-03-05,2026,Mar,3,CUST-0425,Ishaan Deshmukh,P039,Backpack,Office Supplies,Bags,Consumer,South,Karnataka,Bengaluru,1,2296.69,2296.69,0.0,2296.69,782.79
ORD-100412,2026-03-06,2026,Mar,3,CUST-0396,Kavya Sharma,P007,Wireless Mouse,Technology,Accessories,Consumer,West,Gujarat,Ahmedabad,3,1719.84,5159.52,0.05,4901.54,1184.17
ORD-100480,2026-03-06,2026,Mar,3,CUST-0387,Rahul Kumar,P023,Premium Notebook,Office Supplies,Paper,Consumer,West,Maharashtra,Pune,4,434.7,1738.8,0.1,1564.92,432.21
ORD-102903,2026-03-06,2026,Mar,3,CUST-0373,Aadhya Rao,P005,Noise Cancelling Headphones,Technology,Accessories,Corporate,West,Maharashtra,Pune,2,7456.03,14912.06,0.0,14912.06,3230.2
ORD-100067,2026-03-07,2026,Mar,3,CUST-0105,Ishaan Deshmukh,P021,Laser Printer Pro,Office Supplies,Machines,Consumer,West,Gujarat,Ahmedabad,5,30172.83,150864.15,0.05,143320.94,47443.9
ORD-100543,2026-03-07,2026,Mar,3,CUST-0048,Karthik Rao,P027,Whiteboard,Office Supplies,Presentation,Small Business,South,Telangana,Hyderabad,2,4697.25,9394.5,0.1,8455.05,2695.01
ORD-101941,2026-03-07,2026,Mar,3,CUST-0464,Arjun Iyer,P040,Travel Backpack Pro,Office Supplies,Bags,Small Business,North,Rajasthan,Jaipur,1,4888.97,4888.97,0.05,4644.52,1067.56
ORD-102543,2026-03-07,2026,Mar,3,CUST-0060,Anika Deshmukh,P025,Desk Organizer,Office Supplies,Accessories,Small Business,East,Odisha,Bhubaneswar,1,811.27,811.27,0.05,770.71,227.11
ORD-100563,2026-03-08,2026,Mar,3,CUST-0036,Kavya Sharma,P001,Laptop Pro 14,Technology,Laptops,Small Business,North,Delhi,Delhi,1,65416.23,65416.23,0.1,58874.61,8387.88
ORD-100631,2026-03-08,2026,Mar,3,CUST-0137,Sneha Kumar,P025,Desk Organizer,Office Supplies,Accessories,Consumer,South,Karnataka,Bengaluru,3,864.7,2594.1,0.05,2464.39,445.54
ORD-100740,2026-03-08,2026,Mar,3,CUST-0477,Sneha Kumar,P028,Coffee Maker,Home Appliances,Kitchen,Small Business,North,Uttar Pradesh,Lucknow,3,8290.51,24871.53,0.05,23627.95,4484.18
ORD-102996,2026-03-08,2026,Mar,3,CUST-0338,Nisha Rao,P015,Executive Desk,Furniture,Tables,Corporate,North,Uttar Pradesh,Lucknow,2,24892.19,49784.38,0.15,42316.72,10251.69
ORD-100024,2026-03-09,2026,Mar,3,CUST-0433,Aadhya Rao,P028,Coffee Maker,Home Appliances,Kitchen,Corporate,East,West Bengal,Kolkata,1,8116.23,8116.23,0.15,6898.8,1115.43
ORD-100210,2026-03-09,2026,Mar,3,CUST-0003,Aditya Rao,P017,Bookshelf,Furniture,Storage,Consumer,West,Gujarat,Ahmedabad,4,10119.69,40478.76,0.05,38454.82,9752.92
ORD-100619,2026-03-09,2026,Mar,3,CUST-0072,Ira Kumar,P004,Wireless Headphones,Technology,Accessories,Consumer,West,Maharashtra,Pune,5,4739.82,23699.1,0.0,23699.1,5071.86
ORD-101218,2026-03-09,2026,Mar,3,CUST-0454,Meera Iyer,P012,Smartphone Plus,Technology,Phones,Consumer,South,Karnataka,Bengaluru,3,45262.67,135788.01,0.0,135788.01,31963.3
ORD-101412,2026-03-09,2026,Mar,3,CUST-0266,Rohan Sharma,P020,Printer,Office Supplies,Machines,Corporate,North,Delhi,Delhi,1,15636.2,15636.2,0.15,13290.77,3845.11
ORD-102487,2026-03-09,2026,Mar,3,CUST-0117,Sneha Kumar,P003,Gaming Laptop X,Technology,Laptops,Corporate,South,Karnataka,Bengaluru,1,85675.9,85675.9,0.05,81392.1,16293.01
ORD-102615,2026-03-09,2026,Mar,3,CUST-0336,Kavya Sharma,P034,Smart Watch,Technology,Wearables,Consumer,North,Rajasthan,Jaipur,1,12369.28,12369.28,0.0,12369.28,2302.29
ORD-102672,2026-03-09,2026,Mar,3,CUST-0238,Nisha Rao,P006,Mechanical Keyboard,Technology,Accessories,Small Business,West,Maharashtra,Mumbai,1,5291.62,5291.62,0.0,5291.62,581.92
ORD-100043,2026-03-10,2026,Mar,3,CUST-0262,Vivaan Kumar,P030,Mixer Grinder,Home Appliances,Kitchen,Corporate,East,Assam,Guwahati,3,7151.89,21455.67,0.05,20382.89,2552.42
ORD-100274,2026-03-10,2026,Mar,3,CUST-0152,Ira Kumar,P019,Conference Table,Furniture,Tables,Consumer,North,Uttar Pradesh,Lucknow,5,42362.63,211813.15,0.0,211813.15,55921.77
ORD-101166,2026-03-10,2026,Mar,3,CUST-0151,Diya Sharma,P009,UltraWide Monitor 34,Technology,Monitors,Corporate,East,Odisha,Bhubaneswar,1,44309.72,44309.72,0.05,42094.23,8797.49
ORD-101511,2026-03-10,2026,Mar,3,CUST-0462,Vivaan Kumar,P007,Wireless Mouse,Technology,Accessories,Corporate,South,Tamil Nadu,Chennai,4,1728.87,6915.48,0.1,6223.93,742.67
ORD-102674,2026-03-10,2026,Mar,3,CUST-0197,Sneha Kumar,P013,Office Chair,Furniture,Chairs,Corporate,West,Maharashtra,Pune,4,12479.82,49919.28,0.0,49919.28,7389.7
ORD-100600,2026-03-11,2026,Mar,3,CUST-0429,Saanvi Iyer,P020,Printer,Office Supplies,Machines,Consumer,West,Gujarat,Ahmedabad,3,17224.06,51672.18,0.0,51672.18,12706.14
ORD-101348,2026-03-11,2026,Mar,3,CUST-0443,Aditya Rao,P020,Printer,Office Supplies,Machines,Small Business,South,Karnataka,Bengaluru,1,15621.16,15621.16,0.05,14840.1,4476.87
ORD-101430,2026-03-11,2026,Mar,3,CUST-0334,Meera Iyer,P036,Bluetooth Speaker,Technology,Audio,Consumer,East,Assam,Guwahati,3,5408.23,16224.69,0.1,14602.22,2852.67
ORD-101531,2026-03-11,2026,Mar,3,CUST-0177,Sneha Kumar,P040,Travel Backpack Pro,Office Supplies,Bags,Consumer,North,Rajasthan,Jaipur,3,4745.14,14235.42,0.0,14235.42,4768.38
ORD-101712,2026-03-11,2026,Mar,3,CUST-0492,Ira Kumar,P014,Ergonomic Chair Pro,Furniture,Chairs,Consumer,East,West Bengal,Kolkata,4,17789.46,71157.84,0.05,67599.95,11503.11
ORD-101826,2026-03-11,2026,Mar,3,CUST-0387,Rahul Kumar,P036,Bluetooth Speaker,Technology,Audio,Corporate,South,Telangana,Hyderabad,2,5555.86,11111.72,0.15,9444.96,2125.31
ORD-102026,2026-03-11,2026,Mar,3,CUST-0477,Sneha Kumar,P031,Microwave Oven,Home Appliances,Kitchen,Corporate,South,Karnataka,Bengaluru,5,14082.65,70413.25,0.1,63371.93,7292.12
ORD-102035,2026-03-11,2026,Mar,3,CUST-0095,Priya Deshmukh,P004,Wireless Headphones,Technology,Accessories,Consumer,East,West Bengal,Kolkata,8,4296.34,34370.72,0.0,34370.72,7611.49
ORD-101059,2026-03-12,2026,Mar,3,CUST-0450,Ananya Deshmukh,P033,Robot Vacuum,Home Appliances,Cleaning,Small Business,North,Delhi,Delhi,2,28152.35,56304.7,0.1,50674.23,11680.51
ORD-101228,2026-03-12,2026,Mar,3,CUST-0382,Vivaan Kumar,P014,Ergonomic Chair Pro,Furniture,Chairs,Corporate,West,Maharashtra,Mumbai,2,18199.13,36398.26,0.1,32758.43,8274.08
ORD-101356,2026-03-12,2026,Mar,3,CUST-0254,Meera Iyer,P027,Whiteboard,Office Supplies,Presentation,Corporate,West,Gujarat,Ahmedabad,2,4630.4,9260.8,0.05,8797.76,2151.31
ORD-102512,2026-03-12,2026,Mar,3,CUST-0379,Pooja Iyer,P003,Gaming Laptop X,Technology,Laptops,Corporate,North,Delhi,Delhi,1,83466.55,83466.55,0.1,75119.9,13143.99
ORD-102740,2026-03-12,2026,Mar,3,CUST-0361,Aarav Sharma,P027,Whiteboard,Office Supplies,Presentation,Consumer,South,Karnataka,Bengaluru,1,4853.29,4853.29,0.0,4853.29,902.41
ORD-101012,2026-03-13,2026,Mar,3,CUST-0339,Pooja Iyer,P016,Standing Desk,Furniture,Tables,Consumer,South,Karnataka,Bengaluru,6,32495.05,194970.3,0.0,194970.3,49547.78
ORD-102969,2026-03-13,2026,Mar,3,CUST-0419,Pooja Iyer,P004,Wireless Headphones,Technology,Accessories,Consumer,North,Delhi,Delhi,4,4411.43,17645.72,0.0,17645.72,4326.38
ORD-102972,2026-03-13,2026,Mar,3,CUST-0401,Aarav Sharma,P024,Gel Pen Set,Office Supplies,Writing,Small Business,South,Telangana,Hyderabad,5,334.43,1672.15,0.1,1504.94,395.82
ORD-101444,2026-03-14,2026,Mar,3,CUST-0165,Ishaan Deshmukh,P021,Laser Printer Pro,Office Supplies,Machines,Consumer,South,Tamil Nadu,Chennai,1,26966.39,26966.39,0.05,25618.07,9098.67
ORD-102047,2026-03-14,2026,Mar,3,CUST-0291,Diya Sharma,P008,4K Monitor 27,Technology,Monitors,Corporate,West,Maharashtra,Pune,1,28396.64,28396.64,0.05,26976.81,6153.1
ORD-102109,2026-03-14,2026,Mar,3,CUST-0175,Priya Deshmukh,P010,Tablet Air 11,Technology,Tablets,Consumer,South,Tamil Nadu,Chennai,8,37733.26,301866.08,0.1,271679.47,30832.53
ORD-102120,2026-03-14,2026,Mar,3,CUST-0434,Meera Iyer,P012,Smartphone Plus,Technology,Phones,Consumer,East,Assam,Guwahati,5,48443.81,242219.05,0.1,217997.14,26791.83
ORD-102232,2026-03-14,2026,Mar,3,CUST-0269,Saanvi Iyer,P019,Conference Table,Furniture,Tables,Small Business,South,Karnataka,Bengaluru,3,41670.39,125011.17,0.05,118760.61,14984.77
ORD-102452,2026-03-14,2026,Mar,3,CUST-0181,Aarav Sharma,P025,Desk Organizer,Office Supplies,Accessories,Consumer,West,Maharashtra,Pune,6,894.62,5367.72,0.05,5099.33,1385.62
ORD-102872,2026-03-14,2026,Mar,3,CUST-0341,Aarav Sharma,P030,Mixer Grinder,Home Appliances,Kitchen,Consumer,West,Maharashtra,Mumbai,2,6995.18,13990.36,0.05,13290.84,1610.05
ORD-100807,2026-03-15,2026,Mar,3,CUST-0401,Aarav Sharma,P019,Conference Table,Furniture,Tables,Consumer,South,Karnataka,Bengaluru,4,39814.42,159257.68,0.0,159257.68,34814.04
ORD-101773,2026-03-15,2026,Mar,3,CUST-0131,Diya Sharma,P018,Filing Cabinet,Furniture,Storage,Consumer,West,Gujarat,Ahmedabad,2,11334.61,22669.22,0.0,22669.22,5863.99
ORD-102064,2026-03-15,2026,Mar,3,CUST-0436,Kavya Sharma,P006,Mechanical Keyboard,Technology,Accessories,Consumer,West,Maharashtra,Pune,3,5243.03,15729.09,0.0,15729.09,3344.09
ORD-100459,2026-03-16,2026,Mar,3,CUST-0217,Sneha Kumar,P032,Air Purifier,Home Appliances,Air Care,Small Business,West,Gujarat,Ahmedabad,3,16385.45,49156.35,0.1,44240.71,9687.92
ORD-100815,2026-03-16,2026,Mar,3,CUST-0326,Rohan Sharma,P031,Microwave Oven,Home Appliances,Kitchen,Small Business,North,Uttar Pradesh,Lucknow,4,15030.19,60120.76,0.1,54108.68,8473.38
ORD-101152,2026-03-16,2026,Mar,3,CUST-0228,Karthik Rao,P005,Noise Cancelling Headphones,Technology,Accessories,Corporate,South,Tamil Nadu,Chennai,4,7348.84,29395.36,0.15,24986.06,5098.61
ORD-100334,2026-03-17,2026,Mar,3,CUST-0165,Ishaan Deshmukh,P020,Printer,Office Supplies,Machines,Corporate,South,Telangana,Hyderabad,2,16182.64,32365.28,0.05,30747.02,8454.14
ORD-100954,2026-03-17,2026,Mar,3,CUST-0152,Ira Kumar,P025,Desk Organizer,Office Supplies,Accessories,Corporate,South,Karnataka,Bengaluru,1,855.49,855.49,0.1,769.94,248.9
ORD-101058,2026-03-17,2026,Mar,3,CUST-0407,Rahul Kumar,P002,Business Laptop 15,Technology,Laptops,Corporate,South,Karnataka,Bengaluru,1,54161.67,54161.67,0.0,54161.67,11752.51
ORD-101180,2026-03-17,2026,Mar,3,CUST-0060,Anika Deshmukh,P020,Printer,Office Supplies,Machines,Consumer,South,Telangana,Hyderabad,1,16695.05,16695.05,0.1,15025.55,2802.13
ORD-101339,2026-03-17,2026,Mar,3,CUST-0373,Aadhya Rao,P022,Printer Paper Pack,Office Supplies,Paper,Corporate,North,Delhi,Delhi,4,651.2,2604.8,0.05,2474.56,504.35
ORD-102132,2026-03-17,2026,Mar,3,CUST-0125,Ishaan Deshmukh,P039,Backpack,Office Supplies,Bags,Small Business,North,Rajasthan,Jaipur,4,2331.81,9327.24,0.1,8394.52,2262.07
ORD-102375,2026-03-17,2026,Mar,3,CUST-0183,Aditya Rao,P037,Power Bank,Technology,Accessories,Consumer,North,Delhi,Delhi,2,2092.65,4185.3,0.05,3976.03,534.21
ORD-102429,2026-03-17,2026,Mar,3,CUST-0132,Ira Kumar,P007,Wireless Mouse,Technology,Accessories,Consumer,South,Karnataka,Bengaluru,5,1757.73,8788.65,0.05,8349.22,1498.07
ORD-102465,2026-03-17,2026,Mar,3,CUST-0199,Pooja Iyer,P004,Wireless Headphones,Technology,Accessories,Consumer,South,Karnataka,Bengaluru,3,4446.75,13340.25,0.0,13340.25,1920.31
ORD-102819,2026-03-17,2026,Mar,3,CUST-0462,Vivaan Kumar,P006,Mechanical Keyboard,Technology,Accessories,Consumer,West,Maharashtra,Mumbai,4,5252.46,21009.84,0.0,21009.84,4540.89
ORD-100320,2026-03-18,2026,Mar,3,CUST-0235,Priya Deshmukh,P027,Whiteboard,Office Supplies,Presentation,Small Business,West,Maharashtra,Mumbai,3,4894.66,14683.98,0.05,13949.78,4409.55
ORD-101197,2026-03-18,2026,Mar,3,CUST-0225,Ishaan Deshmukh,P026,Stapler Heavy Duty,Office Supplies,Accessories,Consumer,South,Telangana,Hyderabad,8,749.77,5998.16,0.05,5698.25,1427.68
ORD-101560,2026-03-18,2026,Mar,3,CUST-0283,Aditya Rao,P033,Robot Vacuum,Home Appliances,Cleaning,Small Business,South,Karnataka,Bengaluru,4,29556.24,118224.96,0.05,112313.71,22769.88
ORD-101838,2026-03-18,2026,Mar,3,CUST-0437,Sneha Kumar,P032,Air Purifier,Home Appliances,Air Care,Small Business,West,Maharashtra,Mumbai,6,16112.06,96672.36,0.1,87005.12,10647.98
ORD-102547,2026-03-18,2026,Mar,3,CUST-0397,Sneha Kumar,P034,Smart Watch,Technology,Wearables,Consumer,West,Gujarat,Ahmedabad,3,12805.91,38417.73,0.1,34575.96,4824.1
ORD-102833,2026-03-18,2026,Mar,3,CUST-0283,Aditya Rao,P019,Conference Table,Furniture,Tables,Consumer,West,Maharashtra,Mumbai,4,40120.26,160481.04,0.1,144432.94,29882.36
ORD-102985,2026-03-18,2026,Mar,3,CUST-0304,Arjun Iyer,P017,Bookshelf,Furniture,Storage,Corporate,South,Karnataka,Bengaluru,4,10218.44,40873.76,0.15,34742.7,9091.53
ORD-101335,2026-03-19,2026,Mar,3,CUST-0236,Kavya Sharma,P024,Gel Pen Set,Office Supplies,Writing,Small Business,West,Maharashtra,Mumbai,3,300.85,902.55,0.0,902.55,274.6
ORD-102074,2026-03-19,2026,Mar,3,CUST-0258,Nisha Rao,P031,Microwave Oven,Home Appliances,Kitchen,Corporate,South,Karnataka,Bengaluru,1,14574.65,14574.65,0.1,13117.18,2539.49
ORD-102270,2026-03-19,2026,Mar,3,CUST-0334,Meera Iyer,P018,Filing Cabinet,Furniture,Storage,Small Business,West,Maharashtra,Pune,1,11925.89,11925.89,0.1,10733.3,2800.51
ORD-100646,2026-03-20,2026,Mar,3,CUST-0161,Aarav Sharma,P014,Ergonomic Chair Pro,Furniture,Chairs,Consumer,West,Maharashtra,Pune,3,18727.91,56183.73,0.05,53374.54,13748.0
ORD-100648,2026-03-20,2026,Mar,3,CUST-0262,Vivaan Kumar,P027,Whiteboard,Office Supplies,Presentation,Corporate,West,Maharashtra,Mumbai,1,4803.67,4803.67,0.15,4083.12,1317.34
ORD-101127,2026-03-20,2026,Mar,3,CUST-0420,Anika Deshmukh,P038,USB-C Hub,Technology,Accessories,Corporate,East,West Bengal,Kolkata,3,2508.59,7525.77,0.2,6020.62,967.09
ORD-101709,2026-03-20,2026,Mar,3,CUST-0356,Kavya Sharma,P040,Travel Backpack Pro,Office Supplies,Bags,Consumer,East,Assam,Guwahati,6,4875.24,29251.44,0.0,29251.44,5672.5
ORD-102096,2026-03-20,2026,Mar,3,CUST-0071,Diya Sharma,P019,Conference Table,Furniture,Tables,Consumer,North,Delhi,Delhi,1,39800.04,39800.04,0.1,35820.04,5856.56
ORD-102169,2026-03-20,2026,Mar,3,CUST-0096,Kavya Sharma,P027,Whiteboard,Office Supplies,Presentation,Consumer,East,Odisha,Bhubaneswar,5,4949.46,24747.3,0.05,23509.93,6214.76
ORD-102844,2026-03-20,2026,Mar,3,CUST-0103,Aditya Rao,P024,Gel Pen Set,Office Supplies,Writing,Small Business,North,Rajasthan,Jaipur,2,313.17,626.34,0.05,595.02,213.1
ORD-101246,2026-03-21,2026,Mar,3,CUST-0074,Meera Iyer,P007,Wireless Mouse,Technology,Accessories,Consumer,West,Maharashtra,Pune,2,1798.11,3596.22,0.1,3236.6,555.88
ORD-101396,2026-03-21,2026,Mar,3,CUST-0394,Meera Iyer,P031,Microwave Oven,Home Appliances,Kitchen,Corporate,North,Rajasthan,Jaipur,3,13777.48,41332.44,0.0,41332.44,8749.19
ORD-101764,2026-03-21,2026,Mar,3,CUST-0267,Rahul Kumar,P008,4K Monitor 27,Technology,Monitors,Corporate,West,Maharashtra,Pune,3,28272.33,84816.99,0.1,76335.29,16584.22
ORD-102144,2026-03-21,2026,Mar,3,CUST-0202,Vivaan Kumar,P001,Laptop Pro 14,Technology,Laptops,Consumer,East,Assam,Guwahati,1,65695.96,65695.96,0.1,59126.36,13027.19
ORD-102149,2026-03-21,2026,Mar,3,CUST-0115,Priya Deshmukh,P005,Noise Cancelling Headphones,Technology,Accessories,Corporate,East,Assam,Guwahati,2,7484.44,14968.88,0.05,14220.44,3314.27
ORD-102901,2026-03-21,2026,Mar,3,CUST-0272,Ira Kumar,P020,Printer,Office Supplies,Machines,Small Business,East,West Bengal,Kolkata,2,15836.9,31673.8,0.1,28506.42,8776.46
ORD-102984,2026-03-21,2026,Mar,3,CUST-0029,Saanvi Iyer,P009,UltraWide Monitor 34,Technology,Monitors,Corporate,East,Odisha,Bhubaneswar,5,40319.11,201595.55,0.0,201595.55,23350.06
ORD-100054,2026-03-22,2026,Mar,3,CUST-0270,Ananya Deshmukh,P024,Gel Pen Set,Office Supplies,Writing,Small Business,North,Uttar Pradesh,Lucknow,1,329.01,329.01,0.05,312.56,71.49
ORD-100364,2026-03-22,2026,Mar,3,CUST-0294,Meera Iyer,P003,Gaming Laptop X,Technology,Laptops,Small Business,West,Maharashtra,Mumbai,2,89851.64,179703.28,0.1,161732.95,40214.9
ORD-101080,2026-03-22,2026,Mar,3,CUST-0095,Priya Deshmukh,P010,Tablet Air 11,Technology,Tablets,Consumer,East,West Bengal,Kolkata,3,34030.9,102092.7,0.1,91883.43,13646.48
ORD-101690,2026-03-22,2026,Mar,3,CUST-0459,Pooja Iyer,P010,Tablet Air 11,Technology,Tablets,Corporate,West,Maharashtra,Pune,1,36676.04,36676.04,0.1,33008.44,4055.66
ORD-102129,2026-03-22,2026,Mar,3,CUST-0331,Diya Sharma,P014,Ergonomic Chair Pro,Furniture,Chairs,Consumer,East,West Bengal,Kolkata,1,19519.94,19519.94,0.1,17567.95,2796.7
ORD-102824,2026-03-22,2026,Mar,3,CUST-0017,Sneha Kumar,P024,Gel Pen Set,Office Supplies,Writing,Corporate,South,Telangana,Hyderabad,1,331.23,331.23,0.15,281.55,71.45
ORD-102881,2026-03-22,2026,Mar,3,CUST-0387,Rahul Kumar,P011,Smartphone Pro,Technology,Phones,Consumer,West,Maharashtra,Pune,1,71890.85,71890.85,0.1,64701.77,6972.74
ORD-100002,2026-03-23,2026,Mar,3,CUST-0120,Anika Deshmukh,P006,Mechanical Keyboard,Technology,Accessories,Consumer,North,Uttar Pradesh,Lucknow,1,5379.04,5379.04,0.05,5110.09,1051.53
ORD-100141,2026-03-23,2026,Mar,3,CUST-0121,Aarav Sharma,P025,Desk Organizer,Office Supplies,Accessories,Consumer,North,Rajasthan,Jaipur,3,840.82,2522.46,0.0,2522.46,824.57
ORD-100143,2026-03-23,2026,Mar,3,CUST-0388,Karthik Rao,P004,Wireless Headphones,Technology,Accessories,Small Business,South,Karnataka,Bengaluru,1,4313.14,4313.14,0.05,4097.48,790.61
ORD-100554,2026-03-23,2026,Mar,3,CUST-0084,Arjun Iyer,P020,Printer,Office Supplies,Machines,Consumer,South,Telangana,Hyderabad,4,16603.67,66414.68,0.1,59773.21,13769.55
ORD-102367,2026-03-23,2026,Mar,3,CUST-0111,Diya Sharma,P015,Executive Desk,Furniture,Tables,Small Business,North,Uttar Pradesh,Lucknow,1,25075.76,25075.76,0.0,25075.76,4211.15
ORD-100545,2026-03-24,2026,Mar,3,CUST-0476,Kavya Sharma,P031,Microwave Oven,Home Appliances,Kitchen,Consumer,North,Rajasthan,Jaipur,10,13895.46,138954.6,0.05,132006.87,22745.51
ORD-101038,2026-03-24,2026,Mar,3,CUST-0183,Aditya Rao,P018,Filing Cabinet,Furniture,Storage,Corporate,East,Assam,Guwahati,3,11248.23,33744.69,0.05,32057.46,8913.88
ORD-102126,2026-03-24,2026,Mar,3,CUST-0167,Rahul Kumar,P040,Travel Backpack Pro,Office Supplies,Bags,Consumer,South,Telangana,Hyderabad,1,4919.99,4919.99,0.0,4919.99,1117.78
ORD-102137,2026-03-24,2026,Mar,3,CUST-0254,Meera Iyer,P007,Wireless Mouse,Technology,Accessories,Consumer,North,Uttar Pradesh,Lucknow,2,1896.82,3793.64,0.0,3793.64,851.66
ORD-102337,2026-03-24,2026,Mar,3,CUST-0047,Rahul Kumar,P032,Air Purifier,Home Appliances,Air Care,Corporate,South,Karnataka,Bengaluru,3,16245.53,48736.59,0.05,46299.76,8098.07
ORD-100962,2026-03-25,2026,Mar,3,CUST-0424,Arjun Iyer,P023,Premium Notebook,Office Supplies,Paper,Corporate,East,West Bengal,Kolkata,2,469.08,938.16,0.1,844.34,233.7
ORD-101293,2026-03-25,2026,Mar,3,CUST-0150,Ananya Deshmukh,P014,Ergonomic Chair Pro,Furniture,Chairs,Consumer,East,West Bengal,Kolkata,1,18699.26,18699.26,0.0,18699.26,2783.75
ORD-101570,2026-03-25,2026,Mar,3,CUST-0356,Kavya Sharma,P033,Robot Vacuum,Home Appliances,Cleaning,Small Business,South,Tamil Nadu,Chennai,2,29981.68,59963.36,0.15,50968.86,8828.09
ORD-101765,2026-03-25,2026,Mar,3,CUST-0151,Diya Sharma,P024,Gel Pen Set,Office Supplies,Writing,Consumer,North,Rajasthan,Jaipur,3,337.2,1011.6,0.05,961.02,341.97
ORD-102622,2026-03-25,2026,Mar,3,CUST-0285,Ishaan Deshmukh,P024,Gel Pen Set,Office Supplies,Writing,Consumer,South,Telangana,Hyderabad,3,325.25,975.75,0.0,975.75,244.57
ORD-102749,2026-03-25,2026,Mar,3,CUST-0102,Vivaan Kumar,P014,Ergonomic Chair Pro,Furniture,Chairs,Corporate,North,Rajasthan,Jaipur,2,18474.31,36948.62,0.15,31406.33,5395.01
ORD-100662,2026-03-26,2026,Mar,3,CUST-0499,Pooja Iyer,P024,Gel Pen Set,Office Supplies,Writing,Consumer,West,Maharashtra,Pune,3,330.25,990.75,0.0,990.75,186.16
ORD-101067,2026-03-26,2026,Mar,3,CUST-0434,Meera Iyer,P017,Bookshelf,Furniture,Storage,Consumer,South,Telangana,Hyderabad,5,9412.32,47061.6,0.05,44708.52,11375.75
ORD-101230,2026-03-26,2026,Mar,3,CUST-0136,Kavya Sharma,P017,Bookshelf,Furniture,Storage,Small Business,West,Maharashtra,Pune,1,10041.79,10041.79,0.1,9037.61,1302.56
ORD-101739,2026-03-26,2026,Mar,3,CUST-0434,Meera Iyer,P019,Conference Table,Furniture,Tables,Corporate,North,Uttar Pradesh,Lucknow,10,41687.29,416872.9,0.1,375185.61,61935.97
ORD-102157,2026-03-26,2026,Mar,3,CUST-0369,Saanvi Iyer,P020,Printer,Office Supplies,Machines,Consumer,North,Delhi,Delhi,3,16822.15,50466.45,0.05,47943.13,12404.9
ORD-102206,2026-03-26,2026,Mar,3,CUST-0110,Ananya Deshmukh,P002,Business Laptop 15,Technology,Laptops,Corporate,West,Gujarat,Ahmedabad,5,50846.66,254233.3,0.15,216098.3,53415.39
ORD-102280,2026-03-26,2026,Mar,3,CUST-0409,Saanvi Iyer,P011,Smartphone Pro,Technology,Phones,Small Business,South,Karnataka,Bengaluru,3,69317.14,207951.42,0.1,187156.28,23779.83
ORD-102331,2026-03-26,2026,Mar,3,CUST-0134,Meera Iyer,P022,Printer Paper Pack,Office Supplies,Paper,Consumer,North,Delhi,Delhi,4,647.11,2588.44,0.05,2459.02,717.75
ORD-102482,2026-03-26,2026,Mar,3,CUST-0175,Priya Deshmukh,P007,Wireless Mouse,Technology,Accessories,Corporate,South,Karnataka,Bengaluru,4,1871.76,7487.04,0.05,7112.69,1652.4
ORD-100065,2026-03-27,2026,Mar,3,CUST-0429,Saanvi Iyer,P014,Ergonomic Chair Pro,Furniture,Chairs,Corporate,North,Uttar Pradesh,Lucknow,1,18200.12,18200.12,0.2,14560.1,4066.26
ORD-100959,2026-03-27,2026,Mar,3,CUST-0053,Aadhya Rao,P001,Laptop Pro 14,Technology,Laptops,Consumer,South,Tamil Nadu,Chennai,10,60534.29,605342.9,0.0,605342.9,78401.27
ORD-101109,2026-03-27,2026,Mar,3,CUST-0452,Ira Kumar,P035,Fitness Band,Technology,Wearables,Consumer,North,Uttar Pradesh,Lucknow,2,4349.24,8698.48,0.05,8263.56,969.55
ORD-102221,2026-03-27,2026,Mar,3,CUST-0080,Anika Deshmukh,P031,Microwave Oven,Home Appliances,Kitchen,Consumer,East,West Bengal,Kolkata,5,14372.46,71862.3,0.0,71862.3,9730.27
ORD-102562,2026-03-27,2026,Mar,3,CUST-0450,Ananya Deshmukh,P004,Wireless Headphones,Technology,Accessories,Consumer,North,Uttar Pradesh,Lucknow,1,4536.23,4536.23,0.05,4309.42,561.17
ORD-101057,2026-03-28,2026,Mar,3,CUST-0071,Diya Sharma,P010,Tablet Air 11,Technology,Tablets,Corporate,West,Maharashtra,Mumbai,1,37357.05,37357.05,0.1,33621.35,7641.07
ORD-101914,2026-03-28,2026,Mar,3,CUST-0488,Karthik Rao,P002,Business Laptop 15,Technology,Laptops,Corporate,West,Maharashtra,Pune,2,53645.34,107290.68,0.15,91197.08,19209.04
ORD-101965,2026-03-28,2026,Mar,3,CUST-0139,Pooja Iyer,P027,Whiteboard,Office Supplies,Presentation,Consumer,West,Gujarat,Ahmedabad,5,4561.42,22807.1,0.1,20526.39,4612.2
ORD-102600,2026-03-28,2026,Mar,3,CUST-0042,Vivaan Kumar,P038,USB-C Hub,Technology,Accessories,Small Business,North,Uttar Pradesh,Lucknow,4,2534.37,10137.48,0.0,10137.48,1887.57
ORD-102879,2026-03-28,2026,Mar,3,CUST-0204,Arjun Iyer,P016,Standing Desk,Furniture,Tables,Corporate,East,Assam,Guwahati,1,29567.33,29567.33,0.05,28088.96,6879.62
ORD-100241,2026-03-29,2026,Mar,3,CUST-0017,Sneha Kumar,P022,Printer Paper Pack,Office Supplies,Paper,Small Business,East,Assam,Guwahati,1,659.88,659.88,0.05,626.89,185.23
ORD-100910,2026-03-29,2026,Mar,3,CUST-0300,Anika Deshmukh,P004,Wireless Headphones,Technology,Accessories,Consumer,South,Tamil Nadu,Chennai,5,4276.02,21380.1,0.05,20311.09,3641.12
ORD-101548,2026-03-29,2026,Mar,3,CUST-0097,Sneha Kumar,P023,Premium Notebook,Office Supplies,Paper,Consumer,North,Rajasthan,Jaipur,3,441.88,1325.64,0.05,1259.36,415.74
ORD-101626,2026-03-29,2026,Mar,3,CUST-0182,Vivaan Kumar,P024,Gel Pen Set,Office Supplies,Writing,Corporate,East,Odisha,Bhubaneswar,6,307.41,1844.46,0.0,1844.46,636.55
ORD-102091,2026-03-29,2026,Mar,3,CUST-0151,Diya Sharma,P004,Wireless Headphones,Technology,Accessories,Corporate,South,Karnataka,Bengaluru,3,4694.67,14084.01,0.0,14084.01,3223.94
ORD-100577,2026-03-30,2026,Mar,3,CUST-0122,Vivaan Kumar,P021,Laser Printer Pro,Office Supplies,Machines,Small Business,East,Assam,Guwahati,4,27194.01,108776.04,0.05,103337.24,29552.25
ORD-100748,2026-03-30,2026,Mar,3,CUST-0027,Rahul Kumar,P024,Gel Pen Set,Office Supplies,Writing,Consumer,West,Maharashtra,Pune,3,303.92,911.76,0.05,866.17,184.4
ORD-101725,2026-03-30,2026,Mar,3,CUST-0031,Diya Sharma,P015,Executive Desk,Furniture,Tables,Small Business,South,Karnataka,Bengaluru,1,22760.26,22760.26,0.1,20484.23,4096.84
ORD-101866,2026-03-30,2026,Mar,3,CUST-0260,Anika Deshmukh,P030,Mixer Grinder,Home Appliances,Kitchen,Consumer,North,Uttar Pradesh,Lucknow,3,6586.79,19760.37,0.05,18772.35,3487.98
ORD-102551,2026-03-30,2026,Mar,3,CUST-0247,Rahul Kumar,P033,Robot Vacuum,Home Appliances,Cleaning,Small Business,South,Karnataka,Bengaluru,2,29466.83,58933.66,0.1,53040.29,7669.13
ORD-100226,2026-03-31,2026,Mar,3,CUST-0376,Kavya Sharma,P015,Executive Desk,Furniture,Tables,Small Business,South,Telangana,Hyderabad,1,24719.15,24719.15,0.05,23483.19,6074.1
ORD-100416,2026-03-31,2026,Mar,3,CUST-0404,Arjun Iyer,P007,Wireless Mouse,Technology,Accessories,Consumer,South,Karnataka,Bengaluru,1,1704.29,1704.29,0.1,1533.86,225.19
ORD-100514,2026-03-31,2026,Mar,3,CUST-0416,Kavya Sharma,P010,Tablet Air 11,Technology,Tablets,Consumer,East,Assam,Guwahati,3,36068.51,108205.53,0.05,102795.25,24536.49
ORD-100649,2026-03-31,2026,Mar,3,CUST-0250,Ananya Deshmukh,P012,Smartphone Plus,Technology,Phones,Small Business,East,Odisha,Bhubaneswar,4,48415.66,193662.64,0.1,174296.38,20611.16
ORD-100681,2026-04-01,2026,Apr,4,CUST-0311,Diya Sharma,P022,Printer Paper Pack,Office Supplies,Paper,Small Business,North,Delhi,Delhi,2,676.13,1352.26,0.1,1217.03,324.95
ORD-100902,2026-04-01,2026,Apr,4,CUST-0058,Nisha Rao,P006,Mechanical Keyboard,Technology,Accessories,Consumer,North,Delhi,Delhi,3,5195.68,15587.04,0.05,14807.69,3446.42
ORD-101183,2026-04-01,2026,Apr,4,CUST-0120,Anika Deshmukh,P016,Standing Desk,Furniture,Tables,Consumer,South,Telangana,Hyderabad,1,30510.95,30510.95,0.05,28985.4,6356.59
ORD-102193,2026-04-01,2026,Apr,4,CUST-0406,Rohan Sharma,P032,Air Purifier,Home Appliances,Air Care,Consumer,West,Maharashtra,Mumbai,8,17385.02,139080.16,0.05,132126.15,31433.41
ORD-100858,2026-04-02,2026,Apr,4,CUST-0310,Ananya Deshmukh,P034,Smart Watch,Technology,Wearables,Consumer,East,Assam,Guwahati,3,13237.66,39712.98,0.05,37727.33,4423.69
ORD-101121,2026-04-02,2026,Apr,4,CUST-0383,Aditya Rao,P012,Smartphone Plus,Technology,Phones,Consumer,South,Telangana,Hyderabad,5,45247.04,226235.2,0.05,214923.44,43416.07
ORD-102213,2026-04-02,2026,Apr,4,CUST-0008,Karthik Rao,P006,Mechanical Keyboard,Technology,Accessories,Consumer,West,Maharashtra,Mumbai,3,5137.77,15413.31,0.15,13101.31,2899.37
ORD-102381,2026-04-02,2026,Apr,4,CUST-0071,Diya Sharma,P015,Executive Desk,Furniture,Tables,Consumer,East,West Bengal,Kolkata,1,25279.69,25279.69,0.1,22751.72,3273.47
ORD-102534,2026-04-02,2026,Apr,4,CUST-0170,Ananya Deshmukh,P031,Microwave Oven,Home Appliances,Kitchen,Corporate,North,Rajasthan,Jaipur,2,14882.34,29764.68,0.1,26788.21,3944.74
ORD-101365,2026-04-03,2026,Apr,4,CUST-0349,Saanvi Iyer,P033,Robot Vacuum,Home Appliances,Cleaning,Consumer,East,Odisha,Bhubaneswar,1,27249.46,27249.46,0.1,24524.51,4193.38
ORD-101482,2026-04-03,2026,Apr,4,CUST-0117,Sneha Kumar,P027,Whiteboard,Office Supplies,Presentation,Consumer,South,Karnataka,Bengaluru,1,4644.65,4644.65,0.1,4180.18,903.18
ORD-101497,2026-04-03,2026,Apr,4,CUST-0281,Aarav Sharma,P035,Fitness Band,Technology,Wearables,Consumer,West,Gujarat,Ahmedabad,1,4016.88,4016.88,0.05,3816.04,772.96
ORD-101516,2026-04-03,2026,Apr,4,CUST-0150,Ananya Deshmukh,P024,Gel Pen Set,Office Supplies,Writing,Consumer,South,Tamil Nadu,Chennai,3,315.1,945.3,0.05,898.03,192.03
ORD-102637,2026-04-03,2026,Apr,4,CUST-0194,Meera Iyer,P039,Backpack,Office Supplies,Bags,Consumer,East,Odisha,Bhubaneswar,3,2119.25,6357.75,0.0,6357.75,1577.48
ORD-102659,2026-04-03,2026,Apr,4,CUST-0181,Aarav Sharma,P027,Whiteboard,Office Supplies,Presentation,Corporate,East,West Bengal,Kolkata,2,4614.37,9228.74,0.1,8305.87,2521.01
ORD-102960,2026-04-03,2026,Apr,4,CUST-0057,Sneha Kumar,P022,Printer Paper Pack,Office Supplies,Paper,Consumer,North,Rajasthan,Jaipur,3,621.9,1865.7,0.05,1772.41,356.08
ORD-101612,2026-04-04,2026,Apr,4,CUST-0353,Aadhya Rao,P040,Travel Backpack Pro,Office Supplies,Bags,Corporate,East,Assam,Guwahati,2,4894.39,9788.78,0.05,9299.34,3132.3
ORD-102121,2026-04-04,2026,Apr,4,CUST-0203,Aditya Rao,P025,Desk Organizer,Office Supplies,Accessories,Corporate,South,Telangana,Hyderabad,1,820.33,820.33,0.0,820.33,189.29
ORD-102557,2026-04-04,2026,Apr,4,CUST-0380,Anika Deshmukh,P009,UltraWide Monitor 34,Technology,Monitors,Corporate,South,Karnataka,Bengaluru,2,44063.97,88127.94,0.15,74908.75,15321.26
ORD-102695,2026-04-04,2026,Apr,4,CUST-0027,Rahul Kumar,P008,4K Monitor 27,Technology,Monitors,Consumer,South,Telangana,Hyderabad,2,28438.71,56877.42,0.1,51189.68,7542.87
ORD-100012,2026-04-05,2026,Apr,4,CUST-0379,Pooja Iyer,P002,Business Laptop 15,Technology,Laptops,Corporate,West,Maharashtra,Pune,2,51696.52,103393.04,0.05,98223.39,18480.41
ORD-100700,2026-04-05,2026,Apr,4,CUST-0090,Ananya Deshmukh,P008,4K Monitor 27,Technology,Monitors,Consumer,West,Maharashtra,Pune,4,28687.5,114750.0,0.05,109012.5,20850.55
ORD-101842,2026-04-05,2026,Apr,4,CUST-0176,Kavya Sharma,P010,Tablet Air 11,Technology,Tablets,Corporate,East,Odisha,Bhubaneswar,2,35001.43,70002.86,0.1,63002.57,8054.22
ORD-102488,2026-04-05,2026,Apr,4,CUST-0370,Ananya Deshmukh,P019,Conference Table,Furniture,Tables,Corporate,West,Gujarat,Ahmedabad,1,42869.77,42869.77,0.1,38582.79,7212.64
ORD-102848,2026-04-05,2026,Apr,4,CUST-0237,Sneha Kumar,P015,Executive Desk,Furniture,Tables,Consumer,South,Karnataka,Bengaluru,1,23460.79,23460.79,0.1,21114.71,2724.75
ORD-100105,2026-04-06,2026,Apr,4,CUST-0026,Rohan Sharma,P023,Premium Notebook,Office Supplies,Paper,Corporate,South,Karnataka,Bengaluru,5,423.98,2119.9,0.1,1907.91,422.85
ORD-101834,2026-04-06,2026,Apr,4,CUST-0125,Ishaan Deshmukh,P024,Gel Pen Set,Office Supplies,Writing,Consumer,South,Karnataka,Bengaluru,5,310.88,1554.4,0.05,1476.68,331.95
ORD-102071,2026-04-06,2026,Apr,4,CUST-0411,Diya Sharma,P028,Coffee Maker,Home Appliances,Kitchen,Consumer,East,West Bengal,Kolkata,1,8245.92,8245.92,0.15,7009.03,1021.99
ORD-102692,2026-04-06,2026,Apr,4,CUST-0086,Rohan Sharma,P035,Fitness Band,Technology,Wearables,Small Business,East,Odisha,Bhubaneswar,4,4348.32,17393.28,0.05,16523.62,2659.96
ORD-100041,2026-04-07,2026,Apr,4,CUST-0069,Saanvi Iyer,P039,Backpack,Office Supplies,Bags,Corporate,South,Tamil Nadu,Chennai,4,2277.91,9111.64,0.2,7289.31,1644.53
ORD-100326,2026-04-07,2026,Apr,4,CUST-0081,Aarav Sharma,P038,USB-C Hub,Technology,Accessories,Corporate,West,Maharashtra,Pune,1,2476.99,2476.99,0.1,2229.29,495.7
ORD-100604,2026-04-07,2026,Apr,4,CUST-0439,Pooja Iyer,P006,Mechanical Keyboard,Technology,Accessories,Corporate,East,West Bengal,Kolkata,4,4911.19,19644.76,0.1,17680.28,3295.28
ORD-102747,2026-04-07,2026,Apr,4,CUST-0347,Rahul Kumar,P007,Wireless Mouse,Technology,Accessories,Consumer,South,Tamil Nadu,Chennai,2,1874.42,3748.84,0.15,3186.51,616.28
ORD-100252,2026-04-08,2026,Apr,4,CUST-0386,Rohan Sharma,P008,4K Monitor 27,Technology,Monitors,Consumer,West,Maharashtra,Pune,2,29223.02,58446.04,0.0,58446.04,9694.84
ORD-100814,2026-04-08,2026,Apr,4,CUST-0435,Priya Deshmukh,P017,Bookshelf,Furniture,Storage,Consumer,South,Tamil Nadu,Chennai,1,9324.75,9324.75,0.05,8858.51,1930.56
ORD-101454,2026-04-08,2026,Apr,4,CUST-0469,Saanvi Iyer,P037,Power Bank,Technology,Accessories,Corporate,West,Maharashtra,Pune,6,2093.55,12561.3,0.1,11305.17,2719.86
ORD-100325,2026-04-09,2026,Apr,4,CUST-0224,Arjun Iyer,P034,Smart Watch,Technology,Wearables,Corporate,South,Telangana,Hyderabad,2,11825.57,23651.14,0.05,22468.58,2897.41
ORD-100453,2026-04-09,2026,Apr,4,CUST-0282,Vivaan Kumar,P022,Printer Paper Pack,Office Supplies,Paper,Consumer,East,Odisha,Bhubaneswar,1,654.83,654.83,0.05,622.09,148.07
ORD-100622,2026-04-09,2026,Apr,4,CUST-0119,Pooja Iyer,P031,Microwave Oven,Home Appliances,Kitchen,Small Business,North,Delhi,Delhi,2,14225.63,28451.26,0.05,27028.7,3443.61
ORD-100975,2026-04-09,2026,Apr,4,CUST-0269,Saanvi Iyer,P013,Office Chair,Furniture,Chairs,Consumer,North,Uttar Pradesh,Lucknow,1,11805.28,11805.28,0.0,11805.28,3216.6
ORD-101334,2026-04-09,2026,Apr,4,CUST-0353,Aadhya Rao,P021,Laser Printer Pro,Office Supplies,Machines,Consumer,North,Delhi,Delhi,2,28923.29,57846.58,0.05,54954.25,13177.21
ORD-102167,2026-04-09,2026,Apr,4,CUST-0339,Pooja Iyer,P019,Conference Table,Furniture,Tables,Consumer,West,Maharashtra,Mumbai,2,41194.84,82389.68,0.0,82389.68,13441.02
ORD-102574,2026-04-09,2026,Apr,4,CUST-0068,Karthik Rao,P029,Air Fryer,Home Appliances,Kitchen,Corporate,East,Odisha,Bhubaneswar,2,9084.33,18168.66,0.15,15443.36,2998.63
ORD-100544,2026-04-10,2026,Apr,4,CUST-0305,Ishaan Deshmukh,P030,Mixer Grinder,Home Appliances,Kitchen,Consumer,North,Delhi,Delhi,3,7097.99,21293.97,0.05,20229.27,3496.86
ORD-101781,2026-04-10,2026,Apr,4,CUST-0397,Sneha Kumar,P034,Smart Watch,Technology,Wearables,Consumer,North,Delhi,Delhi,1,13122.62,13122.62,0.0,13122.62,2082.35
ORD-102590,2026-04-10,2026,Apr,4,CUST-0434,Meera Iyer,P012,Smartphone Plus,Technology,Phones,Consumer,North,Uttar Pradesh,Lucknow,4,47758.42,191033.68,0.0,191033.68,22058.34
ORD-100175,2026-04-11,2026,Apr,4,CUST-0304,Arjun Iyer,P017,Bookshelf,Furniture,Storage,Consumer,East,Assam,Guwahati,1,10146.63,10146.63,0.1,9131.97,1511.37
ORD-100733,2026-04-11,2026,Apr,4,CUST-0172,Ira Kumar,P033,Robot Vacuum,Home Appliances,Cleaning,Consumer,East,West Bengal,Kolkata,5,29362.4,146812.0,0.0,146812.0,27728.12
ORD-101679,2026-04-11,2026,Apr,4,CUST-0292,Ira Kumar,P020,Printer,Office Supplies,Machines,Consumer,East,West Bengal,Kolkata,4,16172.84,64691.36,0.1,58222.22,20464.37
ORD-101684,2026-04-11,2026,Apr,4,CUST-0058,Nisha Rao,P008,4K Monitor 27,Technology,Monitors,Consumer,North,Uttar Pradesh,Lucknow,1,29173.92,29173.92,0.05,27715.22,6478.34
ORD-102888,2026-04-12,2026,Apr,4,CUST-0133,Aadhya Rao,P019,Conference Table,Furniture,Tables,Corporate,East,Odisha,Bhubaneswar,1,40641.96,40641.96,0.1,36577.76,6857.61
ORD-101586,2026-04-13,2026,Apr,4,CUST-0271,Diya Sharma,P032,Air Purifier,Home Appliances,Air Care,Corporate,North,Uttar Pradesh,Lucknow,3,15787.1,47361.3,0.1,42625.17,9604.21
ORD-101692,2026-04-13,2026,Apr,4,CUST-0403,Aditya Rao,P004,Wireless Headphones,Technology,Accessories,Consumer,East,Assam,Guwahati,5,4588.29,22941.45,0.05,21794.38,4301.2
ORD-102333,2026-04-13,2026,Apr,4,CUST-0339,Pooja Iyer,P030,Mixer Grinder,Home Appliances,Kitchen,Consumer,South,Tamil Nadu,Chennai,1,7012.72,7012.72,0.1,6311.45,849.38
ORD-102540,2026-04-13,2026,Apr,4,CUST-0161,Aarav Sharma,P033,Robot Vacuum,Home Appliances,Cleaning,Consumer,South,Tamil Nadu,Chennai,3,28651.01,85953.03,0.0,85953.03,14360.97
ORD-102954,2026-04-13,2026,Apr,4,CUST-0451,Diya Sharma,P025,Desk Organizer,Office Supplies,Accessories,Corporate,South,Tamil Nadu,Chennai,1,799.88,799.88,0.0,799.88,144.04
ORD-101421,2026-04-14,2026,Apr,4,CUST-0438,Nisha Rao,P020,Printer,Office Supplies,Machines,Consumer,South,Telangana,Hyderabad,4,15730.09,62920.36,0.05,59774.34,17267.22
ORD-101565,2026-04-14,2026,Apr,4,CUST-0189,Saanvi Iyer,P020,Printer,Office Supplies,Machines,Corporate,West,Gujarat,Ahmedabad,1,15560.46,15560.46,0.0,15560.46,3768.62
ORD-101745,2026-04-14,2026,Apr,4,CUST-0093,Aadhya Rao,P021,Laser Printer Pro,Office Supplies,Machines,Small Business,South,Tamil Nadu,Chennai,6,27468.87,164813.22,0.1,148331.9,43738.87
ORD-102155,2026-04-14,2026,Apr,4,CUST-0288,Karthik Rao,P022,Printer Paper Pack,Office Supplies,Paper,Consumer,South,Karnataka,Bengaluru,2,630.28,1260.56,0.05,1197.53,281.99
ORD-100925,2026-04-15,2026,Apr,4,CUST-0387,Rahul Kumar,P014,Ergonomic Chair Pro,Furniture,Chairs,Small Business,North,Uttar Pradesh,Lucknow,3,17450.25,52350.75,0.1,47115.68,7137.14
ORD-101298,2026-04-15,2026,Apr,4,CUST-0199,Pooja Iyer,P003,Gaming Laptop X,Technology,Laptops,Consumer,North,Uttar Pradesh,Lucknow,4,90340.49,361361.96,0.05,343293.86,74375.03
ORD-101547,2026-04-15,2026,Apr,4,CUST-0256,Kavya Sharma,P031,Microwave Oven,Home Appliances,Kitchen,Small Business,West,Maharashtra,Pune,8,14896.46,119171.68,0.0,119171.68,19385.11
ORD-102591,2026-04-15,2026,Apr,4,CUST-0484,Arjun Iyer,P010,Tablet Air 11,Technology,Tablets,Corporate,West,Gujarat,Ahmedabad,2,35497.7,70995.4,0.15,60346.09,9975.95
ORD-101252,2026-04-16,2026,Apr,4,CUST-0203,Aditya Rao,P023,Premium Notebook,Office Supplies,Paper,Corporate,South,Tamil Nadu,Chennai,1,446.79,446.79,0.15,379.77,125.36
ORD-101792,2026-04-16,2026,Apr,4,CUST-0470,Ananya Deshmukh,P017,Bookshelf,Furniture,Storage,Corporate,South,Karnataka,Bengaluru,2,9972.95,19945.9,0.15,16954.01,4610.25
ORD-102003,2026-04-16,2026,Apr,4,CUST-0435,Priya Deshmukh,P032,Air Purifier,Home Appliances,Air Care,Small Business,West,Maharashtra,Pune,1,16089.43,16089.43,0.15,13676.02,2472.91
ORD-102602,2026-04-16,2026,Apr,4,CUST-0357,Sneha Kumar,P003,Gaming Laptop X,Technology,Laptops,Corporate,North,Delhi,Delhi,1,88827.78,88827.78,0.05,84386.39,11067.72
ORD-100027,2026-04-17,2026,Apr,4,CUST-0403,Aditya Rao,P019,Conference Table,Furniture,Tables,Consumer,North,Rajasthan,Jaipur,1,43660.32,43660.32,0.1,39294.29,6177.95
ORD-101609,2026-04-17,2026,Apr,4,CUST-0074,Meera Iyer,P017,Bookshelf,Furniture,Storage,Corporate,East,Odisha,Bhubaneswar,3,9970.78,29912.34,0.15,25425.49,3471.51
ORD-102498,2026-04-17,2026,Apr,4,CUST-0407,Rahul Kumar,P034,Smart Watch,Technology,Wearables,Consumer,North,Uttar Pradesh,Lucknow,2,12105.71,24211.42,0.05,23000.85,4346.57
ORD-102549,2026-04-17,2026,Apr,4,CUST-0182,Vivaan Kumar,P032,Air Purifier,Home Appliances,Air Care,Corporate,North,Rajasthan,Jaipur,10,17282.13,172821.3,0.1,155539.17,33136.37
ORD-102566,2026-04-17,2026,Apr,4,CUST-0112,Ira Kumar,P023,Premium Notebook,Office Supplies,Paper,Consumer,North,Delhi,Delhi,2,463.67,927.34,0.0,927.34,206.6
ORD-102914,2026-04-17,2026,Apr,4,CUST-0274,Meera Iyer,P035,Fitness Band,Technology,Wearables,Consumer,West,Gujarat,Ahmedabad,4,4195.37,16781.48,0.0,16781.48,4126.43
ORD-100081,2026-04-18,2026,Apr,4,CUST-0370,Ananya Deshmukh,P032,Air Purifier,Home Appliances,Air Care,Consumer,West,Maharashtra,Pune,3,17209.09,51627.27,0.0,51627.27,9132.96
ORD-100701,2026-04-18,2026,Apr,4,CUST-0167,Rahul Kumar,P018,Filing Cabinet,Furniture,Storage,Corporate,North,Delhi,Delhi,4,11615.22,46460.88,0.2,37168.7,5895.91
ORD-102018,2026-04-18,2026,Apr,4,CUST-0236,Kavya Sharma,P025,Desk Organizer,Office Supplies,Accessories,Consumer,South,Karnataka,Bengaluru,3,837.94,2513.82,0.1,2262.44,429.86
ORD-102417,2026-04-18,2026,Apr,4,CUST-0393,Aadhya Rao,P030,Mixer Grinder,Home Appliances,Kitchen,Corporate,West,Gujarat,Ahmedabad,2,6404.46,12808.92,0.2,10247.14,2081.08
ORD-102977,2026-04-18,2026,Apr,4,CUST-0256,Kavya Sharma,P035,Fitness Band,Technology,Wearables,Corporate,West,Maharashtra,Mumbai,3,4089.76,12269.28,0.1,11042.35,1218.55
ORD-100238,2026-04-19,2026,Apr,4,CUST-0271,Diya Sharma,P024,Gel Pen Set,Office Supplies,Writing,Small Business,West,Gujarat,Ahmedabad,2,321.1,642.2,0.1,577.98,180.76
ORD-101305,2026-04-19,2026,Apr,4,CUST-0410,Ananya Deshmukh,P036,Bluetooth Speaker,Technology,Audio,Consumer,North,Uttar Pradesh,Lucknow,2,5295.19,10590.38,0.1,9531.34,1662.52
ORD-101780,2026-04-19,2026,Apr,4,CUST-0353,Aadhya Rao,P025,Desk Organizer,Office Supplies,Accessories,Consumer,South,Telangana,Hyderabad,1,885.4,885.4,0.05,841.13,302.0
ORD-101943,2026-04-19,2026,Apr,4,CUST-0425,Ishaan Deshmukh,P009,UltraWide Monitor 34,Technology,Monitors,Corporate,West,Maharashtra,Mumbai,8,39538.7,316309.6,0.05,300494.12,45480.55
ORD-102010,2026-04-20,2026,Apr,4,CUST-0443,Aditya Rao,P033,Robot Vacuum,Home Appliances,Cleaning,Consumer,West,Gujarat,Ahmedabad,2,30176.95,60353.9,0.1,54318.51,6214.9
ORD-100489,2026-04-21,2026,Apr,4,CUST-0442,Vivaan Kumar,P010,Tablet Air 11,Technology,Tablets,Corporate,West,Gujarat,Ahmedabad,1,34501.39,34501.39,0.1,31051.25,6226.21
ORD-101144,2026-04-21,2026,Apr,4,CUST-0431,Diya Sharma,P004,Wireless Headphones,Technology,Accessories,Corporate,South,Telangana,Hyderabad,3,4600.44,13801.32,0.05,13111.25,2740.1
ORD-100338,2026-04-22,2026,Apr,4,CUST-0230,Ananya Deshmukh,P040,Travel Backpack Pro,Office Supplies,Bags,Consumer,North,Rajasthan,Jaipur,3,4944.58,14833.74,0.1,13350.37,3713.23
ORD-100786,2026-04-22,2026,Apr,4,CUST-0322,Vivaan Kumar,P002,Business Laptop 15,Technology,Laptops,Small Business,East,Odisha,Bhubaneswar,1,52765.13,52765.13,0.05,50126.87,7024.27
ORD-101100,2026-04-22,2026,Apr,4,CUST-0055,Priya Deshmukh,P004,Wireless Headphones,Technology,Accessories,Consumer,North,Delhi,Delhi,2,4724.07,9448.14,0.05,8975.73,1233.88
ORD-101239,2026-04-22,2026,Apr,4,CUST-0266,Rohan Sharma,P021,Laser Printer Pro,Office Supplies,Machines,Consumer,East,Assam,Guwahati,3,28923.62,86770.86,0.0,86770.86,21529.51
ORD-101247,2026-04-23,2026,Apr,4,CUST-0258,Nisha Rao,P035,Fitness Band,Technology,Wearables,Consumer,West,Maharashtra,Pune,1,4265.27,4265.27,0.1,3838.74,702.21
ORD-102260,2026-04-23,2026,Apr,4,CUST-0333,Aadhya Rao,P023,Premium Notebook,Office Supplies,Paper,Corporate,South,Telangana,Hyderabad,1,448.1,448.1,0.1,403.29,125.07
ORD-100874,2026-04-24,2026,Apr,4,CUST-0426,Rohan Sharma,P020,Printer,Office Supplies,Machines,Consumer,East,Odisha,Bhubaneswar,3,16370.91,49112.73,0.1,44201.46,15908.69
ORD-101420,2026-04-24,2026,Apr,4,CUST-0443,Aditya Rao,P027,Whiteboard,Office Supplies,Presentation,Corporate,East,Odisha,Bhubaneswar,4,5015.01,20060.04,0.1,18054.04,6452.86
ORD-101798,2026-04-24,2026,Apr,4,CUST-0023,Aditya Rao,P023,Premium Notebook,Office Supplies,Paper,Corporate,West,Maharashtra,Pune,5,452.24,2261.2,0.05,2148.14,487.84
ORD-101959,2026-04-24,2026,Apr,4,CUST-0371,Diya Sharma,P021,Laser Printer Pro,Office Supplies,Machines,Small Business,West,Gujarat,Ahmedabad,2,29338.18,58676.36,0.05,55742.54,11410.11
ORD-102644,2026-04-24,2026,Apr,4,CUST-0297,Sneha Kumar,P034,Smart Watch,Technology,Wearables,Corporate,East,Assam,Guwahati,5,12070.96,60354.8,0.15,51301.58,9492.17
ORD-100597,2026-04-25,2026,Apr,4,CUST-0295,Priya Deshmukh,P020,Printer,Office Supplies,Machines,Consumer,East,Odisha,Bhubaneswar,1,16104.63,16104.63,0.05,15299.4,3576.05
ORD-101182,2026-04-25,2026,Apr,4,CUST-0478,Nisha Rao,P007,Wireless Mouse,Technology,Accessories,Consumer,West,Maharashtra,Mumbai,5,1861.32,9306.6,0.05,8841.27,2140.88
ORD-101309,2026-04-25,2026,Apr,4,CUST-0128,Karthik Rao,P027,Whiteboard,Office Supplies,Presentation,Consumer,North,Rajasthan,Jaipur,1,4566.75,4566.75,0.05,4338.41,1259.32
ORD-101675,2026-04-25,2026,Apr,4,CUST-0374,Meera Iyer,P039,Backpack,Office Supplies,Bags,Corporate,East,Odisha,Bhubaneswar,2,2262.79,4525.58,0.15,3846.74,1328.9
ORD-101731,2026-04-25,2026,Apr,4,CUST-0089,Saanvi Iyer,P027,Whiteboard,Office Supplies,Presentation,Consumer,North,Delhi,Delhi,1,5025.3,5025.3,0.05,4774.03,1381.53
ORD-100678,2026-04-26,2026,Apr,4,CUST-0475,Priya Deshmukh,P020,Printer,Office Supplies,Machines,Corporate,South,Telangana,Hyderabad,2,16364.67,32729.34,0.1,29456.41,8231.85
ORD-101559,2026-04-26,2026,Apr,4,CUST-0027,Rahul Kumar,P018,Filing Cabinet,Furniture,Storage,Corporate,East,Assam,Guwahati,1,11994.0,11994.0,0.1,10794.6,2960.95
ORD-102467,2026-04-26,2026,Apr,4,CUST-0034,Meera Iyer,P012,Smartphone Plus,Technology,Phones,Corporate,East,West Bengal,Kolkata,1,49262.46,49262.46,0.15,41873.09,8853.19
ORD-102729,2026-04-26,2026,Apr,4,CUST-0486,Rohan Sharma,P003,Gaming Laptop X,Technology,Laptops,Small Business,West,Maharashtra,Mumbai,4,90601.81,362407.24,0.0,362407.24,62819.97
ORD-101260,2026-04-27,2026,Apr,4,CUST-0061,Aarav Sharma,P030,Mixer Grinder,Home Appliances,Kitchen,Consumer,North,Rajasthan,Jaipur,3,6808.98,20426.94,0.15,17362.9,3951.93
ORD-101327,2026-04-27,2026,Apr,4,CUST-0480,Anika Deshmukh,P032,Air Purifier,Home Appliances,Air Care,Consumer,North,Delhi,Delhi,2,16087.64,32175.28,0.05,30566.52,4830.61
ORD-102579,2026-04-27,2026,Apr,4,CUST-0242,Vivaan Kumar,P015,Executive Desk,Furniture,Tables,Corporate,East,Assam,Guwahati,4,22667.14,90668.56,0.15,77068.28,14398.06
ORD-102912,2026-04-27,2026,Apr,4,CUST-0037,Sneha Kumar,P007,Wireless Mouse,Technology,Accessories,Small Business,East,West Bengal,Kolkata,3,1724.99,5174.97,0.1,4657.47,971.59
ORD-100170,2026-04-28,2026,Apr,4,CUST-0497,Sneha Kumar,P038,USB-C Hub,Technology,Accessories,Consumer,South,Telangana,Hyderabad,6,2624.64,15747.84,0.0,15747.84,1665.83
ORD-100456,2026-04-28,2026,Apr,4,CUST-0016,Kavya Sharma,P040,Travel Backpack Pro,Office Supplies,Bags,Corporate,South,Telangana,Hyderabad,6,5031.73,30190.38,0.0,30190.38,9737.38
ORD-101112,2026-04-28,2026,Apr,4,CUST-0444,Arjun Iyer,P024,Gel Pen Set,Office Supplies,Writing,Corporate,West,Maharashtra,Pune,4,332.92,1331.68,0.1,1198.51,306.98
ORD-101116,2026-04-28,2026,Apr,4,CUST-0261,Aarav Sharma,P038,USB-C Hub,Technology,Accessories,Small Business,East,Odisha,Bhubaneswar,1,2666.32,2666.32,0.1,2399.69,485.1
ORD-101589,2026-04-28,2026,Apr,4,CUST-0428,Karthik Rao,P017,Bookshelf,Furniture,Storage,Small Business,West,Maharashtra,Pune,5,9988.21,49941.05,0.1,44946.95,6315.52
ORD-101872,2026-04-28,2026,Apr,4,CUST-0018,Nisha Rao,P019,Conference Table,Furniture,Tables,Consumer,North,Delhi,Delhi,1,41270.27,41270.27,0.05,39206.76,8339.31
ORD-101983,2026-04-28,2026,Apr,4,CUST-0322,Vivaan Kumar,P025,Desk Organizer,Office Supplies,Accessories,Consumer,West,Maharashtra,Mumbai,3,825.4,2476.2,0.05,2352.39,683.29
ORD-101357,2026-04-29,2026,Apr,4,CUST-0005,Ishaan Deshmukh,P016,Standing Desk,Furniture,Tables,Corporate,East,Odisha,Bhubaneswar,3,31231.19,93693.57,0.15,79639.53,9556.91
ORD-102295,2026-04-29,2026,Apr,4,CUST-0160,Anika Deshmukh,P003,Gaming Laptop X,Technology,Laptops,Consumer,South,Tamil Nadu,Chennai,4,89417.98,357671.92,0.1,321904.73,80207.09
ORD-102949,2026-04-29,2026,Apr,4,CUST-0420,Anika Deshmukh,P033,Robot Vacuum,Home Appliances,Cleaning,Small Business,West,Maharashtra,Pune,2,27589.48,55178.96,0.0,55178.96,7760.53
ORD-100426,2026-04-30,2026,Apr,4,CUST-0148,Karthik Rao,P019,Conference Table,Furniture,Tables,Consumer,North,Rajasthan,Jaipur,1,42092.25,42092.25,0.0,42092.25,6157.28
ORD-101373,2026-04-30,2026,Apr,4,CUST-0194,Meera Iyer,P033,Robot Vacuum,Home Appliances,Cleaning,Consumer,North,Uttar Pradesh,Lucknow,1,29974.97,29974.97,0.05,28476.22,6573.48
ORD-101551,2026-04-30,2026,Apr,4,CUST-0328,Karthik Rao,P027,Whiteboard,Office Supplies,Presentation,Consumer,North,Rajasthan,Jaipur,3,4766.31,14298.93,0.05,13583.98,3606.12
ORD-100487,2026-05-01,2026,May,5,CUST-0048,Karthik Rao,P013,Office Chair,Furniture,Chairs,Corporate,West,Maharashtra,Pune,2,11808.37,23616.74,0.1,21255.07,2864.36
ORD-100770,2026-05-01,2026,May,5,CUST-0184,Arjun Iyer,P030,Mixer Grinder,Home Appliances,Kitchen,Corporate,South,Telangana,Hyderabad,1,6946.07,6946.07,0.15,5904.16,1051.36
ORD-101237,2026-05-01,2026,May,5,CUST-0114,Meera Iyer,P022,Printer Paper Pack,Office Supplies,Paper,Corporate,South,Karnataka,Bengaluru,1,684.42,684.42,0.15,581.76,140.0
ORD-101630,2026-05-01,2026,May,5,CUST-0394,Meera Iyer,P030,Mixer Grinder,Home Appliances,Kitchen,Consumer,West,Maharashtra,Mumbai,2,6766.38,13532.76,0.0,13532.76,2757.72
ORD-101816,2026-05-01,2026,May,5,CUST-0043,Aditya Rao,P013,Office Chair,Furniture,Chairs,Consumer,West,Maharashtra,Pune,6,12474.65,74847.9,0.05,71105.5,9910.48
ORD-102191,2026-05-01,2026,May,5,CUST-0381,Aarav Sharma,P027,Whiteboard,Office Supplies,Presentation,Consumer,East,West Bengal,Kolkata,1,4729.85,4729.85,0.1,4256.87,930.44
ORD-102531,2026-05-01,2026,May,5,CUST-0247,Rahul Kumar,P024,Gel Pen Set,Office Supplies,Writing,Consumer,North,Uttar Pradesh,Lucknow,1,333.75,333.75,0.05,317.06,94.8
ORD-102684,2026-05-01,2026,May,5,CUST-0009,Saanvi Iyer,P020,Printer,Office Supplies,Machines,Corporate,East,West Bengal,Kolkata,1,15860.79,15860.79,0.1,14274.71,3559.49
ORD-102847,2026-05-01,2026,May,5,CUST-0128,Karthik Rao,P032,Air Purifier,Home Appliances,Air Care,Small Business,West,Gujarat,Ahmedabad,1,16123.74,16123.74,0.1,14511.37,1904.78
ORD-100107,2026-05-02,2026,May,5,CUST-0284,Arjun Iyer,P030,Mixer Grinder,Home Appliances,Kitchen,Consumer,North,Uttar Pradesh,Lucknow,2,6402.18,12804.36,0.1,11523.92,2046.99
ORD-100367,2026-05-02,2026,May,5,CUST-0346,Rohan Sharma,P026,Stapler Heavy Duty,Office Supplies,Accessories,Small Business,North,Uttar Pradesh,Lucknow,2,749.02,1498.04,0.0,1498.04,469.14
ORD-100398,2026-05-02,2026,May,5,CUST-0292,Ira Kumar,P009,UltraWide Monitor 34,Technology,Monitors,Consumer,West,Maharashtra,Mumbai,4,41870.18,167480.72,0.05,159106.68,23408.29
ORD-100557,2026-05-02,2026,May,5,CUST-0350,Ananya Deshmukh,P014,Ergonomic Chair Pro,Furniture,Chairs,Consumer,South,Telangana,Hyderabad,3,17801.86,53405.58,0.05,50735.3,6665.96
ORD-101563,2026-05-02,2026,May,5,CUST-0336,Kavya Sharma,P039,Backpack,Office Supplies,Bags,Consumer,West,Maharashtra,Mumbai,3,2181.37,6544.11,0.05,6216.9,1196.57
ORD-101603,2026-05-02,2026,May,5,CUST-0279,Pooja Iyer,P014,Ergonomic Chair Pro,Furniture,Chairs,Consumer,East,West Bengal,Kolkata,2,17648.63,35297.26,0.1,31767.53,7371.61
ORD-102724,2026-05-02,2026,May,5,CUST-0300,Anika Deshmukh,P003,Gaming Laptop X,Technology,Laptops,Corporate,West,Maharashtra,Pune,4,85082.51,340330.04,0.2,272264.03,29370.95
ORD-100402,2026-05-03,2026,May,5,CUST-0341,Aarav Sharma,P010,Tablet Air 11,Technology,Tablets,Small Business,East,Assam,Guwahati,1,36641.3,36641.3,0.1,32977.17,6337.91
ORD-100432,2026-05-03,2026,May,5,CUST-0346,Rohan Sharma,P027,Whiteboard,Office Supplies,Presentation,Corporate,North,Uttar Pradesh,Lucknow,2,4819.21,9638.42,0.05,9156.5,1821.65
ORD-100945,2026-05-03,2026,May,5,CUST-0200,Anika Deshmukh,P001,Laptop Pro 14,Technology,Laptops,Small Business,West,Maharashtra,Mumbai,2,65703.31,131406.62,0.05,124836.29,21075.69
ORD-102244,2026-05-03,2026,May,5,CUST-0324,Arjun Iyer,P034,Smart Watch,Technology,Wearables,Consumer,South,Karnataka,Bengaluru,2,12609.94,25219.88,0.0,25219.88,4957.15
ORD-102902,2026-05-03,2026,May,5,CUST-0081,Aarav Sharma,P013,Office Chair,Furniture,Chairs,Corporate,South,Karnataka,Bengaluru,4,12920.97,51683.88,0.05,49099.69,7594.75
ORD-100282,2026-05-05,2026,May,5,CUST-0223,Aditya Rao,P004,Wireless Headphones,Technology,Accessories,Corporate,East,West Bengal,Kolkata,1,4645.9,4645.9,0.15,3949.01,751.74
ORD-101529,2026-05-05,2026,May,5,CUST-0260,Anika Deshmukh,P020,Printer,Office Supplies,Machines,Corporate,East,Assam,Guwahati,5,16107.39,80536.95,0.1,72483.26,13094.53
ORD-101865,2026-05-05,2026,May,5,CUST-0351,Diya Sharma,P010,Tablet Air 11,Technology,Tablets,Consumer,South,Tamil Nadu,Chennai,3,35440.0,106320.0,0.05,101004.0,21157.37
ORD-100137,2026-05-06,2026,May,5,CUST-0477,Sneha Kumar,P024,Gel Pen Set,Office Supplies,Writing,Corporate,North,Uttar Pradesh,Lucknow,2,338.28,676.56,0.1,608.9,184.73
ORD-101699,2026-05-06,2026,May,5,CUST-0027,Rahul Kumar,P013,Office Chair,Furniture,Chairs,Consumer,West,Maharashtra,Pune,4,11900.33,47601.32,0.1,42841.19,9145.36
ORD-102008,2026-05-06,2026,May,5,CUST-0334,Meera Iyer,P023,Premium Notebook,Office Supplies,Paper,Small Business,East,West Bengal,Kolkata,4,455.8,1823.2,0.1,1640.88,360.24
ORD-101023,2026-05-07,2026,May,5,CUST-0255,Priya Deshmukh,P007,Wireless Mouse,Technology,Accessories,Consumer,North,Rajasthan,Jaipur,3,1785.92,5357.76,0.1,4821.98,790.32
ORD-101527,2026-05-07,2026,May,5,CUST-0260,Anika Deshmukh,P039,Backpack,Office Supplies,Bags,Consumer,East,Assam,Guwahati,4,2095.48,8381.92,0.0,8381.92,1551.25
ORD-100875,2026-05-08,2026,May,5,CUST-0175,Priya Deshmukh,P010,Tablet Air 11,Technology,Tablets,Consumer,East,Odisha,Bhubaneswar,2,33915.28,67830.56,0.0,67830.56,9547.45
ORD-101000,2026-05-08,2026,May,5,CUST-0348,Karthik Rao,P013,Office Chair,Furniture,Chairs,Small Business,South,Telangana,Hyderabad,2,12983.97,25967.94,0.0,25967.94,4229.99
ORD-101481,2026-05-08,2026,May,5,CUST-0164,Arjun Iyer,P012,Smartphone Plus,Technology,Phones,Consumer,West,Maharashtra,Pune,1,49053.42,49053.42,0.0,49053.42,5260.67
ORD-101616,2026-05-08,2026,May,5,CUST-0224,Arjun Iyer,P027,Whiteboard,Office Supplies,Presentation,Consumer,North,Delhi,Delhi,5,4923.99,24619.95,0.0,24619.95,8777.6
ORD-101782,2026-05-09,2026,May,5,CUST-0052,Ira Kumar,P008,4K Monitor 27,Technology,Monitors,Consumer,North,Rajasthan,Jaipur,2,28024.26,56048.52,0.05,53246.09,5924.24
ORD-101942,2026-05-09,2026,May,5,CUST-0305,Ishaan Deshmukh,P030,Mixer Grinder,Home Appliances,Kitchen,Corporate,North,Delhi,Delhi,5,6848.37,34241.85,0.15,29105.57,6561.14
ORD-101962,2026-05-09,2026,May,5,CUST-0214,Meera Iyer,P035,Fitness Band,Technology,Wearables,Consumer,East,Assam,Guwahati,1,4131.67,4131.67,0.1,3718.5,889.14
ORD-100759,2026-05-10,2026,May,5,CUST-0441,Aarav Sharma,P025,Desk Organizer,Office Supplies,Accessories,Small Business,East,Assam,Guwahati,2,827.1,1654.2,0.1,1488.78,450.43
ORD-102857,2026-05-10,2026,May,5,CUST-0039,Pooja Iyer,P032,Air Purifier,Home Appliances,Air Care,Small Business,South,Karnataka,Bengaluru,1,15903.6,15903.6,0.1,14313.24,3151.37
ORD-100052,2026-05-11,2026,May,5,CUST-0079,Pooja Iyer,P023,Premium Notebook,Office Supplies,Paper,Corporate,South,Telangana,Hyderabad,1,468.87,468.87,0.0,468.87,152.0
ORD-100103,2026-05-11,2026,May,5,CUST-0072,Ira Kumar,P027,Whiteboard,Office Supplies,Presentation,Corporate,South,Telangana,Hyderabad,10,4514.31,45143.1,0.0,45143.1,16195.32
ORD-100254,2026-05-11,2026,May,5,CUST-0348,Karthik Rao,P002,Business Laptop 15,Technology,Laptops,Consumer,South,Tamil Nadu,Chennai,2,53442.27,106884.54,0.0,106884.54,23906.05
ORD-100417,2026-05-11,2026,May,5,CUST-0492,Ira Kumar,P039,Backpack,Office Supplies,Bags,Corporate,East,Assam,Guwahati,3,2250.33,6750.99,0.05,6413.44,1372.1
ORD-101154,2026-05-11,2026,May,5,CUST-0084,Arjun Iyer,P032,Air Purifier,Home Appliances,Air Care,Corporate,South,Telangana,Hyderabad,2,15532.63,31065.26,0.0,31065.26,6618.17
ORD-101223,2026-05-11,2026,May,5,CUST-0422,Vivaan Kumar,P024,Gel Pen Set,Office Supplies,Writing,Consumer,East,Assam,Guwahati,4,337.11,1348.44,0.05,1281.02,261.68
ORD-102058,2026-05-11,2026,May,5,CUST-0071,Diya Sharma,P007,Wireless Mouse,Technology,Accessories,Consumer,South,Karnataka,Bengaluru,2,1833.58,3667.16,0.1,3300.44,589.71
ORD-102075,2026-05-11,2026,May,5,CUST-0018,Nisha Rao,P002,Business Laptop 15,Technology,Laptops,Corporate,North,Rajasthan,Jaipur,3,52563.15,157689.45,0.05,149804.98,30330.84
ORD-102605,2026-05-11,2026,May,5,CUST-0493,Aadhya Rao,P030,Mixer Grinder,Home Appliances,Kitchen,Corporate,East,Odisha,Bhubaneswar,5,6482.99,32414.95,0.15,27552.71,5282.79
ORD-100111,2026-05-12,2026,May,5,CUST-0452,Ira Kumar,P034,Smart Watch,Technology,Wearables,Consumer,East,Odisha,Bhubaneswar,1,12865.4,12865.4,0.0,12865.4,3176.26
ORD-100136,2026-05-12,2026,May,5,CUST-0383,Aditya Rao,P011,Smartphone Pro,Technology,Phones,Corporate,South,Karnataka,Bengaluru,6,69429.79,416578.74,0.1,374920.87,76937.01
ORD-100385,2026-05-12,2026,May,5,CUST-0500,Anika Deshmukh,P001,Laptop Pro 14,Technology,Laptops,Corporate,East,Odisha,Bhubaneswar,1,62668.04,62668.04,0.15,53267.83,10026.17
ORD-101017,2026-05-12,2026,May,5,CUST-0212,Ira Kumar,P040,Travel Backpack Pro,Office Supplies,Bags,Small Business,East,Odisha,Bhubaneswar,1,4771.7,4771.7,0.1,4294.53,1057.38
ORD-101193,2026-05-12,2026,May,5,CUST-0267,Rahul Kumar,P022,Printer Paper Pack,Office Supplies,Paper,Small Business,West,Maharashtra,Mumbai,3,669.39,2008.17,0.05,1907.76,678.81
ORD-101251,2026-05-12,2026,May,5,CUST-0281,Aarav Sharma,P015,Executive Desk,Furniture,Tables,Corporate,West,Gujarat,Ahmedabad,8,22718.75,181750.0,0.0,181750.0,38345.21
ORD-102407,2026-05-12,2026,May,5,CUST-0081,Aarav Sharma,P008,4K Monitor 27,Technology,Monitors,Consumer,West,Maharashtra,Mumbai,2,29369.83,58739.66,0.05,55802.68,8460.29
ORD-102567,2026-05-12,2026,May,5,CUST-0428,Karthik Rao,P027,Whiteboard,Office Supplies,Presentation,Consumer,West,Maharashtra,Pune,1,4533.55,4533.55,0.1,4080.2,1170.24
ORD-100802,2026-05-13,2026,May,5,CUST-0159,Pooja Iyer,P020,Printer,Office Supplies,Machines,Consumer,West,Maharashtra,Mumbai,3,17191.15,51573.45,0.0,51573.45,9540.03
ORD-102336,2026-05-13,2026,May,5,CUST-0409,Saanvi Iyer,P004,Wireless Headphones,Technology,Accessories,Consumer,West,Maharashtra,Pune,5,4709.33,23546.65,0.0,23546.65,4619.4
ORD-102351,2026-05-13,2026,May,5,CUST-0112,Ira Kumar,P013,Office Chair,Furniture,Chairs,Corporate,East,Assam,Guwahati,3,12632.78,37898.34,0.1,34108.51,6242.9
ORD-102706,2026-05-13,2026,May,5,CUST-0292,Ira Kumar,P032,Air Purifier,Home Appliances,Air Care,Consumer,East,West Bengal,Kolkata,1,16327.82,16327.82,0.0,16327.82,2027.29
ORD-100050,2026-05-14,2026,May,5,CUST-0022,Vivaan Kumar,P040,Travel Backpack Pro,Office Supplies,Bags,Corporate,South,Karnataka,Bengaluru,3,4564.09,13692.27,0.15,11638.43,2155.67
ORD-101395,2026-05-14,2026,May,5,CUST-0435,Priya Deshmukh,P013,Office Chair,Furniture,Chairs,Corporate,South,Tamil Nadu,Chennai,4,12298.89,49195.56,0.0,49195.56,7249.77
ORD-101740,2026-05-14,2026,May,5,CUST-0377,Sneha Kumar,P019,Conference Table,Furniture,Tables,Corporate,North,Rajasthan,Jaipur,2,40139.46,80278.92,0.15,68237.08,17229.01
ORD-102084,2026-05-14,2026,May,5,CUST-0123,Aditya Rao,P007,Wireless Mouse,Technology,Accessories,Corporate,North,Rajasthan,Jaipur,3,1903.23,5709.69,0.05,5424.21,813.46
ORD-102796,2026-05-14,2026,May,5,CUST-0239,Pooja Iyer,P029,Air Fryer,Home Appliances,Kitchen,Consumer,East,West Bengal,Kolkata,2,9688.01,19376.02,0.05,18407.22,3830.15
ORD-100218,2026-05-15,2026,May,5,CUST-0262,Vivaan Kumar,P034,Smart Watch,Technology,Wearables,Consumer,South,Telangana,Hyderabad,3,12889.95,38669.85,0.0,38669.85,8396.22
ORD-100656,2026-05-15,2026,May,5,CUST-0439,Pooja Iyer,P008,4K Monitor 27,Technology,Monitors,Consumer,East,Assam,Guwahati,5,27621.01,138105.05,0.05,131199.8,27184.08
ORD-100714,2026-05-15,2026,May,5,CUST-0202,Vivaan Kumar,P037,Power Bank,Technology,Accessories,Corporate,West,Gujarat,Ahmedabad,2,2220.55,4441.1,0.1,3996.99,659.74
ORD-101051,2026-05-15,2026,May,5,CUST-0491,Diya Sharma,P035,Fitness Band,Technology,Wearables,Small Business,North,Delhi,Delhi,2,4276.42,8552.84,0.05,8125.2,1804.2
ORD-101776,2026-05-15,2026,May,5,CUST-0393,Aadhya Rao,P032,Air Purifier,Home Appliances,Air Care,Corporate,North,Uttar Pradesh,Lucknow,1,15677.39,15677.39,0.1,14109.65,1720.24
ORD-102840,2026-05-15,2026,May,5,CUST-0366,Rohan Sharma,P035,Fitness Band,Technology,Wearables,Small Business,East,Assam,Guwahati,2,4198.96,8397.92,0.1,7558.13,1076.95
ORD-100028,2026-05-16,2026,May,5,CUST-0168,Karthik Rao,P023,Premium Notebook,Office Supplies,Paper,Small Business,North,Delhi,Delhi,3,445.28,1335.84,0.05,1269.05,325.71
ORD-100712,2026-05-16,2026,May,5,CUST-0296,Kavya Sharma,P025,Desk Organizer,Office Supplies,Accessories,Corporate,North,Rajasthan,Jaipur,1,872.6,872.6,0.05,828.97,272.92
ORD-101808,2026-05-16,2026,May,5,CUST-0448,Karthik Rao,P031,Microwave Oven,Home Appliances,Kitchen,Consumer,South,Karnataka,Bengaluru,2,15063.69,30127.38,0.05,28621.01,5462.05
ORD-102253,2026-05-16,2026,May,5,CUST-0448,Karthik Rao,P004,Wireless Headphones,Technology,Accessories,Corporate,West,Maharashtra,Mumbai,3,4551.7,13655.1,0.15,11606.83,2156.01
ORD-102646,2026-05-16,2026,May,5,CUST-0135,Priya Deshmukh,P025,Desk Organizer,Office Supplies,Accessories,Consumer,South,Karnataka,Bengaluru,2,802.22,1604.44,0.05,1524.22,362.53
ORD-100452,2026-05-17,2026,May,5,CUST-0055,Priya Deshmukh,P006,Mechanical Keyboard,Technology,Accessories,Corporate,West,Maharashtra,Pune,1,5436.17,5436.17,0.15,4620.74,1031.54
ORD-101312,2026-05-17,2026,May,5,CUST-0129,Saanvi Iyer,P008,4K Monitor 27,Technology,Monitors,Consumer,South,Tamil Nadu,Chennai,4,29737.89,118951.56,0.0,118951.56,18201.64
ORD-101322,2026-05-17,2026,May,5,CUST-0010,Ananya Deshmukh,P021,Laser Printer Pro,Office Supplies,Machines,Consumer,North,Rajasthan,Jaipur,10,29575.01,295750.1,0.05,280962.59,84980.35
ORD-101541,2026-05-17,2026,May,5,CUST-0212,Ira Kumar,P009,UltraWide Monitor 34,Technology,Monitors,Corporate,West,Maharashtra,Mumbai,2,40860.01,81720.02,0.1,73548.02,12606.69
ORD-101730,2026-05-17,2026,May,5,CUST-0153,Aadhya Rao,P015,Executive Desk,Furniture,Tables,Consumer,East,West Bengal,Kolkata,3,25402.12,76206.36,0.0,76206.36,11972.97
ORD-100387,2026-05-18,2026,May,5,CUST-0236,Kavya Sharma,P013,Office Chair,Furniture,Chairs,Consumer,North,Uttar Pradesh,Lucknow,1,13229.94,13229.94,0.0,13229.94,3312.51
ORD-100572,2026-05-18,2026,May,5,CUST-0341,Aarav Sharma,P008,4K Monitor 27,Technology,Monitors,Corporate,South,Telangana,Hyderabad,1,29325.75,29325.75,0.15,24926.89,5933.95
ORD-100654,2026-05-18,2026,May,5,CUST-0492,Ira Kumar,P007,Wireless Mouse,Technology,Accessories,Small Business,North,Rajasthan,Jaipur,1,1820.57,1820.57,0.15,1547.48,278.12
ORD-100762,2026-05-18,2026,May,5,CUST-0206,Rohan Sharma,P039,Backpack,Office Supplies,Bags,Consumer,East,Assam,Guwahati,2,2268.55,4537.1,0.1,4083.39,798.15
ORD-101158,2026-05-18,2026,May,5,CUST-0046,Rohan Sharma,P002,Business Laptop 15,Technology,Laptops,Corporate,North,Delhi,Delhi,2,55477.14,110954.28,0.15,94311.14,16600.14
ORD-101535,2026-05-18,2026,May,5,CUST-0348,Karthik Rao,P023,Premium Notebook,Office Supplies,Paper,Consumer,North,Rajasthan,Jaipur,3,430.22,1290.66,0.1,1161.59,329.61
ORD-101543,2026-05-18,2026,May,5,CUST-0051,Diya Sharma,P024,Gel Pen Set,Office Supplies,Writing,Consumer,South,Telangana,Hyderabad,1,303.84,303.84,0.05,288.65,63.95
ORD-102852,2026-05-18,2026,May,5,CUST-0009,Saanvi Iyer,P013,Office Chair,Furniture,Chairs,Corporate,East,West Bengal,Kolkata,1,12961.09,12961.09,0.2,10368.87,1400.58
ORD-101351,2026-05-19,2026,May,5,CUST-0477,Sneha Kumar,P036,Bluetooth Speaker,Technology,Audio,Small Business,West,Gujarat,Ahmedabad,1,5602.5,5602.5,0.05,5322.38,1240.69
ORD-102207,2026-05-19,2026,May,5,CUST-0016,Kavya Sharma,P029,Air Fryer,Home Appliances,Kitchen,Corporate,South,Telangana,Hyderabad,2,9624.84,19249.68,0.15,16362.23,2421.92
ORD-102829,2026-05-19,2026,May,5,CUST-0111,Diya Sharma,P020,Printer,Office Supplies,Machines,Consumer,North,Delhi,Delhi,3,15746.71,47240.13,0.0,47240.13,16889.8
ORD-102896,2026-05-19,2026,May,5,CUST-0274,Meera Iyer,P025,Desk Organizer,Office Supplies,Accessories,Small Business,South,Telangana,Hyderabad,5,848.48,4242.4,0.05,4030.28,1313.44
ORD-100093,2026-05-20,2026,May,5,CUST-0157,Sneha Kumar,P002,Business Laptop 15,Technology,Laptops,Consumer,East,Odisha,Bhubaneswar,1,55284.27,55284.27,0.0,55284.27,8033.4
ORD-100594,2026-05-20,2026,May,5,CUST-0383,Aditya Rao,P021,Laser Printer Pro,Office Supplies,Machines,Corporate,West,Maharashtra,Mumbai,5,30196.76,150983.8,0.05,143434.61,32824.99
ORD-101037,2026-05-20,2026,May,5,CUST-0067,Rahul Kumar,P023,Premium Notebook,Office Supplies,Paper,Consumer,North,Uttar Pradesh,Lucknow,3,440.19,1320.57,0.05,1254.54,374.7
ORD-101390,2026-05-20,2026,May,5,CUST-0458,Nisha Rao,P024,Gel Pen Set,Office Supplies,Writing,Small Business,West,Maharashtra,Pune,3,301.42,904.26,0.1,813.83,183.24
ORD-101685,2026-05-20,2026,May,5,CUST-0137,Sneha Kumar,P037,Power Bank,Technology,Accessories,Corporate,West,Maharashtra,Pune,2,2019.81,4039.62,0.05,3837.64,761.18
ORD-101839,2026-05-20,2026,May,5,CUST-0339,Pooja Iyer,P013,Office Chair,Furniture,Chairs,Consumer,North,Rajasthan,Jaipur,1,12096.91,12096.91,0.0,12096.91,2278.61
ORD-101172,2026-05-21,2026,May,5,CUST-0377,Sneha Kumar,P035,Fitness Band,Technology,Wearables,Small Business,North,Uttar Pradesh,Lucknow,4,4430.27,17721.08,0.0,17721.08,4298.27
ORD-101332,2026-05-21,2026,May,5,CUST-0032,Ira Kumar,P008,4K Monitor 27,Technology,Monitors,Consumer,East,Assam,Guwahati,6,27343.8,164062.8,0.1,147656.52,29172.28
ORD-101869,2026-05-21,2026,May,5,CUST-0152,Ira Kumar,P033,Robot Vacuum,Home Appliances,Cleaning,Small Business,West,Gujarat,Ahmedabad,2,26983.35,53966.7,0.05,51268.36,8148.07
ORD-101997,2026-05-21,2026,May,5,CUST-0077,Sneha Kumar,P012,Smartphone Plus,Technology,Phones,Corporate,West,Gujarat,Ahmedabad,2,50267.44,100534.88,0.1,90481.39,20779.0
ORD-102069,2026-05-21,2026,May,5,CUST-0350,Ananya Deshmukh,P014,Ergonomic Chair Pro,Furniture,Chairs,Corporate,West,Gujarat,Ahmedabad,3,18667.07,56001.21,0.15,47601.03,7607.01
ORD-100013,2026-05-22,2026,May,5,CUST-0086,Rohan Sharma,P037,Power Bank,Technology,Accessories,Consumer,East,Assam,Guwahati,3,1979.75,5939.25,0.15,5048.36,870.06
ORD-101053,2026-05-22,2026,May,5,CUST-0149,Saanvi Iyer,P022,Printer Paper Pack,Office Supplies,Paper,Consumer,East,West Bengal,Kolkata,3,634.84,1904.52,0.0,1904.52,421.27
ORD-102043,2026-05-22,2026,May,5,CUST-0201,Aarav Sharma,P001,Laptop Pro 14,Technology,Laptops,Corporate,North,Delhi,Delhi,2,64533.75,129067.5,0.1,116160.75,23275.74
ORD-102196,2026-05-22,2026,May,5,CUST-0138,Nisha Rao,P017,Bookshelf,Furniture,Storage,Corporate,North,Uttar Pradesh,Lucknow,2,9462.72,18925.44,0.1,17032.9,2358.2
ORD-102919,2026-05-22,2026,May,5,CUST-0010,Ananya Deshmukh,P014,Ergonomic Chair Pro,Furniture,Chairs,Corporate,South,Tamil Nadu,Chennai,3,18261.21,54783.63,0.1,49305.27,11911.05
ORD-100216,2026-05-23,2026,May,5,CUST-0138,Nisha Rao,P038,USB-C Hub,Technology,Accessories,Consumer,South,Karnataka,Bengaluru,1,2708.16,2708.16,0.05,2572.75,270.83
ORD-101043,2026-05-23,2026,May,5,CUST-0397,Sneha Kumar,P008,4K Monitor 27,Technology,Monitors,Small Business,West,Maharashtra,Mumbai,4,28886.03,115544.12,0.0,115544.12,13759.99
ORD-101394,2026-05-23,2026,May,5,CUST-0142,Vivaan Kumar,P024,Gel Pen Set,Office Supplies,Writing,Consumer,East,Assam,Guwahati,2,337.28,674.56,0.05,640.83,219.22
ORD-101894,2026-05-23,2026,May,5,CUST-0184,Arjun Iyer,P001,Laptop Pro 14,Technology,Laptops,Consumer,North,Rajasthan,Jaipur,1,64378.14,64378.14,0.0,64378.14,9613.31
ORD-102014,2026-05-23,2026,May,5,CUST-0004,Arjun Iyer,P016,Standing Desk,Furniture,Tables,Corporate,East,West Bengal,Kolkata,6,29312.13,175872.78,0.1,158285.5,28143.77
ORD-102356,2026-05-23,2026,May,5,CUST-0327,Rahul Kumar,P032,Air Purifier,Home Appliances,Air Care,Consumer,South,Telangana,Hyderabad,3,15950.48,47851.44,0.1,43066.3,8775.05
ORD-102745,2026-05-23,2026,May,5,CUST-0175,Priya Deshmukh,P024,Gel Pen Set,Office Supplies,Writing,Corporate,South,Telangana,Hyderabad,3,301.83,905.49,0.0,905.49,321.7
ORD-101316,2026-05-24,2026,May,5,CUST-0446,Rohan Sharma,P023,Premium Notebook,Office Supplies,Paper,Corporate,North,Delhi,Delhi,3,465.54,1396.62,0.05,1326.79,443.97
ORD-101337,2026-05-24,2026,May,5,CUST-0442,Vivaan Kumar,P019,Conference Table,Furniture,Tables,Consumer,East,Assam,Guwahati,3,44138.46,132415.38,0.05,125794.61,34419.43
ORD-102387,2026-05-24,2026,May,5,CUST-0248,Karthik Rao,P004,Wireless Headphones,Technology,Accessories,Consumer,West,Maharashtra,Pune,4,4515.32,18061.28,0.0,18061.28,1835.23
ORD-100044,2026-05-25,2026,May,5,CUST-0361,Aarav Sharma,P025,Desk Organizer,Office Supplies,Accessories,Consumer,South,Karnataka,Bengaluru,4,867.47,3469.88,0.05,3296.39,1126.4
ORD-100112,2026-05-25,2026,May,5,CUST-0495,Priya Deshmukh,P028,Coffee Maker,Home Appliances,Kitchen,Small Business,West,Maharashtra,Pune,2,8315.52,16631.04,0.1,14967.94,2776.98
ORD-102001,2026-05-25,2026,May,5,CUST-0204,Arjun Iyer,P032,Air Purifier,Home Appliances,Air Care,Corporate,South,Karnataka,Bengaluru,3,17273.92,51821.76,0.05,49230.67,7582.41
ORD-102017,2026-05-25,2026,May,5,CUST-0060,Anika Deshmukh,P010,Tablet Air 11,Technology,Tablets,Consumer,South,Karnataka,Bengaluru,2,34684.35,69368.7,0.0,69368.7,13705.01
ORD-100035,2026-05-26,2026,May,5,CUST-0452,Ira Kumar,P040,Travel Backpack Pro,Office Supplies,Bags,Corporate,West,Maharashtra,Mumbai,3,4960.7,14882.1,0.05,14137.99,3909.04
ORD-100042,2026-05-26,2026,May,5,CUST-0361,Aarav Sharma,P004,Wireless Headphones,Technology,Accessories,Corporate,North,Rajasthan,Jaipur,1,4535.07,4535.07,0.1,4081.56,693.45
ORD-101512,2026-05-26,2026,May,5,CUST-0136,Kavya Sharma,P003,Gaming Laptop X,Technology,Laptops,Consumer,East,Assam,Guwahati,5,85896.05,429480.25,0.05,408006.24,58394.4
ORD-101883,2026-05-26,2026,May,5,CUST-0391,Diya Sharma,P030,Mixer Grinder,Home Appliances,Kitchen,Corporate,North,Uttar Pradesh,Lucknow,6,6798.58,40791.48,0.1,36712.33,8084.12
ORD-102060,2026-05-26,2026,May,5,CUST-0485,Ishaan Deshmukh,P004,Wireless Headphones,Technology,Accessories,Small Business,South,Karnataka,Bengaluru,1,4558.35,4558.35,0.05,4330.43,1015.29
ORD-102243,2026-05-26,2026,May,5,CUST-0197,Sneha Kumar,P010,Tablet Air 11,Technology,Tablets,Consumer,East,West Bengal,Kolkata,4,37314.4,149257.6,0.1,134331.84,15236.18
ORD-102925,2026-05-26,2026,May,5,CUST-0215,Priya Deshmukh,P006,Mechanical Keyboard,Technology,Accessories,Consumer,East,Odisha,Bhubaneswar,4,5343.12,21372.48,0.0,21372.48,2403.03
ORD-100036,2026-05-27,2026,May,5,CUST-0162,Vivaan Kumar,P034,Smart Watch,Technology,Wearables,Consumer,North,Delhi,Delhi,2,12709.34,25418.68,0.0,25418.68,3074.78
ORD-100167,2026-05-27,2026,May,5,CUST-0467,Rahul Kumar,P015,Executive Desk,Furniture,Tables,Consumer,East,West Bengal,Kolkata,3,23890.04,71670.12,0.05,68086.61,14209.94
ORD-100357,2026-05-27,2026,May,5,CUST-0486,Rohan Sharma,P010,Tablet Air 11,Technology,Tablets,Consumer,West,Maharashtra,Mumbai,5,34818.04,174090.2,0.05,165385.69,41119.99
ORD-100492,2026-05-27,2026,May,5,CUST-0075,Priya Deshmukh,P032,Air Purifier,Home Appliances,Air Care,Corporate,West,Gujarat,Ahmedabad,8,16002.86,128022.88,0.15,108819.45,22677.92
ORD-100832,2026-05-27,2026,May,5,CUST-0410,Ananya Deshmukh,P002,Business Laptop 15,Technology,Laptops,Corporate,South,Telangana,Hyderabad,1,55013.58,55013.58,0.15,46761.54,5092.32
ORD-101627,2026-05-27,2026,May,5,CUST-0452,Ira Kumar,P026,Stapler Heavy Duty,Office Supplies,Accessories,Small Business,North,Uttar Pradesh,Lucknow,4,735.02,2940.08,0.05,2793.08,760.71
ORD-101919,2026-05-27,2026,May,5,CUST-0222,Vivaan Kumar,P004,Wireless Headphones,Technology,Accessories,Consumer,West,Gujarat,Ahmedabad,3,4413.0,13239.0,0.05,12577.05,2776.74
ORD-102766,2026-05-27,2026,May,5,CUST-0297,Sneha Kumar,P031,Microwave Oven,Home Appliances,Kitchen,Corporate,West,Maharashtra,Pune,3,15356.6,46069.8,0.1,41462.82,7898.76
ORD-100328,2026-05-28,2026,May,5,CUST-0484,Arjun Iyer,P035,Fitness Band,Technology,Wearables,Corporate,East,Assam,Guwahati,3,4054.72,12164.16,0.15,10339.54,1807.25
ORD-101769,2026-05-28,2026,May,5,CUST-0328,Karthik Rao,P035,Fitness Band,Technology,Wearables,Small Business,East,Odisha,Bhubaneswar,3,4051.71,12155.13,0.15,10331.86,1304.18
ORD-101486,2026-05-29,2026,May,5,CUST-0105,Ishaan Deshmukh,P023,Premium Notebook,Office Supplies,Paper,Consumer,East,Assam,Guwahati,1,456.43,456.43,0.1,410.79,78.82
ORD-102110,2026-05-29,2026,May,5,CUST-0061,Aarav Sharma,P040,Travel Backpack Pro,Office Supplies,Bags,Consumer,North,Uttar Pradesh,Lucknow,5,4747.09,23735.45,0.15,20175.13,6005.06
ORD-102152,2026-05-29,2026,May,5,CUST-0130,Ananya Deshmukh,P036,Bluetooth Speaker,Technology,Audio,Corporate,South,Telangana,Hyderabad,3,5722.78,17168.34,0.05,16309.92,3914.88
ORD-100566,2026-05-30,2026,May,5,CUST-0449,Saanvi Iyer,P027,Whiteboard,Office Supplies,Presentation,Consumer,West,Maharashtra,Mumbai,2,4866.54,9733.08,0.0,9733.08,3322.77
ORD-100669,2026-05-30,2026,May,5,CUST-0113,Aadhya Rao,P017,Bookshelf,Furniture,Storage,Consumer,West,Gujarat,Ahmedabad,4,9535.03,38140.12,0.05,36233.11,7534.36
ORD-100015,2026-05-31,2026,May,5,CUST-0134,Meera Iyer,P013,Office Chair,Furniture,Chairs,Consumer,North,Delhi,Delhi,1,12989.44,12989.44,0.1,11690.5,1665.19
ORD-101110,2026-05-31,2026,May,5,CUST-0208,Karthik Rao,P006,Mechanical Keyboard,Technology,Accessories,Consumer,East,Odisha,Bhubaneswar,5,5190.4,25952.0,0.05,24654.4,4512.95
ORD-101691,2026-05-31,2026,May,5,CUST-0130,Ananya Deshmukh,P021,Laser Printer Pro,Office Supplies,Machines,Consumer,East,Odisha,Bhubaneswar,1,27799.17,27799.17,0.0,27799.17,5129.69
ORD-101755,2026-05-31,2026,May,5,CUST-0251,Diya Sharma,P034,Smart Watch,Technology,Wearables,Consumer,West,Gujarat,Ahmedabad,2,12991.91,25983.82,0.0,25983.82,4678.28
ORD-100464,2026-06-01,2026,Jun,6,CUST-0123,Aditya Rao,P037,Power Bank,Technology,Accessories,Corporate,East,Assam,Guwahati,3,2017.39,6052.17,0.1,5446.95,1170.04
ORD-100983,2026-06-01,2026,Jun,6,CUST-0007,Rahul Kumar,P039,Backpack,Office Supplies,Bags,Corporate,North,Uttar Pradesh,Lucknow,1,2269.96,2269.96,0.15,1929.47,380.35
ORD-102461,2026-06-01,2026,Jun,6,CUST-0145,Ishaan Deshmukh,P035,Fitness Band,Technology,Wearables,Small Business,West,Maharashtra,Mumbai,2,4298.68,8597.36,0.0,8597.36,1686.72
ORD-102468,2026-06-01,2026,Jun,6,CUST-0491,Diya Sharma,P032,Air Purifier,Home Appliances,Air Care,Corporate,North,Delhi,Delhi,1,17114.31,17114.31,0.05,16258.59,3278.62
ORD-102471,2026-06-01,2026,Jun,6,CUST-0301,Aarav Sharma,P024,Gel Pen Set,Office Supplies,Writing,Corporate,East,Odisha,Bhubaneswar,2,330.08,660.16,0.1,594.14,151.44
ORD-102846,2026-06-01,2026,Jun,6,CUST-0496,Kavya Sharma,P036,Bluetooth Speaker,Technology,Audio,Corporate,West,Gujarat,Ahmedabad,3,5436.78,16310.34,0.05,15494.82,2419.23
ORD-100933,2026-06-02,2026,Jun,6,CUST-0001,Aarav Sharma,P009,UltraWide Monitor 34,Technology,Monitors,Consumer,West,Maharashtra,Mumbai,1,42634.6,42634.6,0.0,42634.6,8986.51
ORD-101179,2026-06-02,2026,Jun,6,CUST-0153,Aadhya Rao,P035,Fitness Band,Technology,Wearables,Consumer,South,Telangana,Hyderabad,2,4311.84,8623.68,0.1,7761.31,1514.61
ORD-101272,2026-06-02,2026,Jun,6,CUST-0132,Ira Kumar,P002,Business Laptop 15,Technology,Laptops,Corporate,North,Uttar Pradesh,Lucknow,1,55181.83,55181.83,0.05,52422.74,5820.89
ORD-102107,2026-06-02,2026,Jun,6,CUST-0368,Karthik Rao,P006,Mechanical Keyboard,Technology,Accessories,Small Business,South,Karnataka,Bengaluru,3,5220.51,15661.53,0.1,14095.38,2316.27
ORD-101338,2026-06-03,2026,Jun,6,CUST-0084,Arjun Iyer,P004,Wireless Headphones,Technology,Accessories,Corporate,South,Tamil Nadu,Chennai,5,4398.09,21990.45,0.15,18691.88,2343.58
ORD-101584,2026-06-03,2026,Jun,6,CUST-0100,Anika Deshmukh,P040,Travel Backpack Pro,Office Supplies,Bags,Corporate,West,Maharashtra,Mumbai,4,4896.53,19586.12,0.2,15668.9,4065.79
ORD-101695,2026-06-03,2026,Jun,6,CUST-0040,Anika Deshmukh,P033,Robot Vacuum,Home Appliances,Cleaning,Consumer,East,Assam,Guwahati,2,29907.26,59814.52,0.0,59814.52,11045.09
ORD-102103,2026-06-03,2026,Jun,6,CUST-0404,Arjun Iyer,P032,Air Purifier,Home Appliances,Air Care,Consumer,South,Telangana,Hyderabad,1,16807.33,16807.33,0.05,15966.96,2431.31
ORD-102820,2026-06-03,2026,Jun,6,CUST-0335,Priya Deshmukh,P021,Laser Printer Pro,Office Supplies,Machines,Consumer,South,Karnataka,Bengaluru,4,29708.02,118832.08,0.05,112890.48,35721.85
ORD-100350,2026-06-04,2026,Jun,6,CUST-0269,Saanvi Iyer,P008,4K Monitor 27,Technology,Monitors,Small Business,South,Karnataka,Bengaluru,2,28137.77,56275.54,0.05,53461.76,9288.53
ORD-100539,2026-06-04,2026,Jun,6,CUST-0204,Arjun Iyer,P025,Desk Organizer,Office Supplies,Accessories,Consumer,West,Gujarat,Ahmedabad,2,836.69,1673.38,0.0,1673.38,520.87
ORD-100768,2026-06-04,2026,Jun,6,CUST-0086,Rohan Sharma,P031,Microwave Oven,Home Appliances,Kitchen,Corporate,South,Karnataka,Bengaluru,2,15208.64,30417.28,0.1,27375.55,4421.13
ORD-101184,2026-06-04,2026,Jun,6,CUST-0374,Meera Iyer,P017,Bookshelf,Furniture,Storage,Consumer,West,Maharashtra,Pune,3,9470.08,28410.24,0.1,25569.22,6125.84
ORD-101328,2026-06-04,2026,Jun,6,CUST-0246,Rohan Sharma,P014,Ergonomic Chair Pro,Furniture,Chairs,Consumer,South,Karnataka,Bengaluru,2,17757.07,35514.14,0.05,33738.43,6644.62
ORD-101633,2026-06-04,2026,Jun,6,CUST-0021,Aarav Sharma,P038,USB-C Hub,Technology,Accessories,Consumer,North,Uttar Pradesh,Lucknow,3,2507.0,7521.0,0.05,7144.95,1540.58
ORD-101998,2026-06-04,2026,Jun,6,CUST-0221,Aarav Sharma,P013,Office Chair,Furniture,Chairs,Small Business,South,Telangana,Hyderabad,5,12884.64,64423.2,0.1,57980.88,14523.1
ORD-102346,2026-06-04,2026,Jun,6,CUST-0036,Kavya Sharma,P031,Microwave Oven,Home Appliances,Kitchen,Corporate,East,Assam,Guwahati,4,13941.54,55766.16,0.15,47401.24,11373.58
ORD-102693,2026-06-04,2026,Jun,6,CUST-0058,Nisha Rao,P032,Air Purifier,Home Appliances,Air Care,Corporate,North,Uttar Pradesh,Lucknow,1,16727.77,16727.77,0.1,15054.99,3603.94
ORD-100337,2026-06-05,2026,Jun,6,CUST-0309,Saanvi Iyer,P026,Stapler Heavy Duty,Office Supplies,Accessories,Corporate,South,Karnataka,Bengaluru,3,711.02,2133.06,0.0,2133.06,422.33
ORD-100406,2026-06-05,2026,Jun,6,CUST-0044,Arjun Iyer,P011,Smartphone Pro,Technology,Phones,Consumer,North,Rajasthan,Jaipur,1,73376.47,73376.47,0.1,66038.82,14141.75
ORD-100482,2026-06-05,2026,Jun,6,CUST-0137,Sneha Kumar,P034,Smart Watch,Technology,Wearables,Consumer,South,Tamil Nadu,Chennai,1,12213.87,12213.87,0.0,12213.87,1803.36
ORD-100765,2026-06-05,2026,Jun,6,CUST-0401,Aarav Sharma,P034,Smart Watch,Technology,Wearables,Corporate,East,Odisha,Bhubaneswar,1,11806.33,11806.33,0.15,10035.38,1829.92
ORD-100796,2026-06-05,2026,Jun,6,CUST-0278,Nisha Rao,P003,Gaming Laptop X,Technology,Laptops,Corporate,South,Karnataka,Bengaluru,3,91739.8,275219.4,0.15,233936.49,53474.62
ORD-101064,2026-06-05,2026,Jun,6,CUST-0051,Diya Sharma,P001,Laptop Pro 14,Technology,Laptops,Consumer,West,Maharashtra,Pune,4,63561.44,254245.76,0.05,241533.47,46818.23
ORD-101369,2026-06-05,2026,Jun,6,CUST-0123,Aditya Rao,P023,Premium Notebook,Office Supplies,Paper,Corporate,West,Maharashtra,Pune,5,455.67,2278.35,0.1,2050.51,414.5
ORD-101416,2026-06-05,2026,Jun,6,CUST-0263,Aditya Rao,P013,Office Chair,Furniture,Chairs,Consumer,South,Karnataka,Bengaluru,3,12888.99,38666.97,0.05,36733.62,7217.59
ORD-101723,2026-06-05,2026,Jun,6,CUST-0151,Diya Sharma,P010,Tablet Air 11,Technology,Tablets,Small Business,West,Maharashtra,Pune,5,34486.57,172432.85,0.1,155189.57,33952.32
ORD-101928,2026-06-05,2026,Jun,6,CUST-0120,Anika Deshmukh,P011,Smartphone Pro,Technology,Phones,Corporate,East,Odisha,Bhubaneswar,10,69786.49,697864.9,0.1,628078.41,148556.22
ORD-102624,2026-06-05,2026,Jun,6,CUST-0132,Ira Kumar,P005,Noise Cancelling Headphones,Technology,Accessories,Consumer,South,Tamil Nadu,Chennai,4,7557.7,30230.8,0.15,25696.18,3736.86
ORD-102837,2026-06-05,2026,Jun,6,CUST-0455,Priya Deshmukh,P035,Fitness Band,Technology,Wearables,Consumer,North,Uttar Pradesh,Lucknow,5,4311.54,21557.7,0.05,20479.81,3553.55
ORD-102839,2026-06-05,2026,Jun,6,CUST-0396,Kavya Sharma,P023,Premium Notebook,Office Supplies,Paper,Corporate,East,Odisha,Bhubaneswar,2,463.1,926.2,0.05,879.89,313.37
ORD-100045,2026-06-06,2026,Jun,6,CUST-0382,Vivaan Kumar,P011,Smartphone Pro,Technology,Phones,Consumer,East,West Bengal,Kolkata,1,68956.85,68956.85,0.1,62061.17,10282.64
ORD-100720,2026-06-06,2026,Jun,6,CUST-0159,Pooja Iyer,P029,Air Fryer,Home Appliances,Kitchen,Consumer,West,Gujarat,Ahmedabad,4,8873.42,35493.68,0.1,31944.31,4159.82
ORD-101248,2026-06-06,2026,Jun,6,CUST-0063,Aditya Rao,P030,Mixer Grinder,Home Appliances,Kitchen,Corporate,South,Tamil Nadu,Chennai,3,7096.48,21289.44,0.15,18096.02,3561.91
ORD-101446,2026-06-06,2026,Jun,6,CUST-0100,Anika Deshmukh,P031,Microwave Oven,Home Appliances,Kitchen,Consumer,West,Maharashtra,Pune,5,14965.17,74825.85,0.1,67343.27,15243.09
ORD-102435,2026-06-06,2026,Jun,6,CUST-0469,Saanvi Iyer,P011,Smartphone Pro,Technology,Phones,Corporate,North,Delhi,Delhi,1,74004.06,74004.06,0.05,70303.86,9198.62
ORD-100722,2026-06-07,2026,Jun,6,CUST-0368,Karthik Rao,P017,Bookshelf,Furniture,Storage,Consumer,North,Delhi,Delhi,3,10091.07,30273.21,0.0,30273.21,8145.46
ORD-101456,2026-06-07,2026,Jun,6,CUST-0261,Aarav Sharma,P037,Power Bank,Technology,Accessories,Small Business,East,West Bengal,Kolkata,6,2113.87,12683.22,0.05,12049.06,2989.93
ORD-101518,2026-06-07,2026,Jun,6,CUST-0387,Rahul Kumar,P038,USB-C Hub,Technology,Accessories,Corporate,East,West Bengal,Kolkata,1,2647.12,2647.12,0.05,2514.76,280.61
ORD-102004,2026-06-07,2026,Jun,6,CUST-0403,Aditya Rao,P020,Printer,Office Supplies,Machines,Corporate,South,Tamil Nadu,Chennai,4,17118.11,68472.44,0.0,68472.44,17914.75
ORD-102135,2026-06-07,2026,Jun,6,CUST-0318,Nisha Rao,P019,Conference Table,Furniture,Tables,Small Business,South,Tamil Nadu,Chennai,4,43099.28,172397.12,0.05,163777.26,45363.95
ORD-100164,2026-06-08,2026,Jun,6,CUST-0235,Priya Deshmukh,P023,Premium Notebook,Office Supplies,Paper,Corporate,East,Assam,Guwahati,1,475.85,475.85,0.1,428.27,115.15
ORD-100569,2026-06-08,2026,Jun,6,CUST-0236,Kavya Sharma,P028,Coffee Maker,Home Appliances,Kitchen,Consumer,South,Tamil Nadu,Chennai,1,8118.14,8118.14,0.05,7712.23,1193.49
ORD-101208,2026-06-08,2026,Jun,6,CUST-0476,Kavya Sharma,P008,4K Monitor 27,Technology,Monitors,Corporate,South,Tamil Nadu,Chennai,2,28115.54,56231.08,0.1,50607.97,12425.14
ORD-101893,2026-06-08,2026,Jun,6,CUST-0461,Aarav Sharma,P008,4K Monitor 27,Technology,Monitors,Consumer,West,Maharashtra,Pune,1,28314.46,28314.46,0.1,25483.01,4786.17
ORD-102670,2026-06-08,2026,Jun,6,CUST-0058,Nisha Rao,P040,Travel Backpack Pro,Office Supplies,Bags,Small Business,North,Uttar Pradesh,Lucknow,1,4514.2,4514.2,0.0,4514.2,1179.76
ORD-102942,2026-06-08,2026,Jun,6,CUST-0044,Arjun Iyer,P004,Wireless Headphones,Technology,Accessories,Small Business,East,Assam,Guwahati,1,4731.56,4731.56,0.1,4258.4,532.25
ORD-100931,2026-06-09,2026,Jun,6,CUST-0484,Arjun Iyer,P015,Executive Desk,Furniture,Tables,Consumer,North,Delhi,Delhi,3,25401.73,76205.19,0.15,64774.41,11268.39
ORD-101195,2026-06-09,2026,Jun,6,CUST-0467,Rahul Kumar,P033,Robot Vacuum,Home Appliances,Cleaning,Small Business,West,Maharashtra,Mumbai,3,29777.91,89333.73,0.05,84867.04,14729.98
ORD-101655,2026-06-09,2026,Jun,6,CUST-0082,Vivaan Kumar,P025,Desk Organizer,Office Supplies,Accessories,Corporate,West,Gujarat,Ahmedabad,2,827.42,1654.84,0.15,1406.61,428.14
ORD-102292,2026-06-09,2026,Jun,6,CUST-0219,Pooja Iyer,P028,Coffee Maker,Home Appliances,Kitchen,Consumer,West,Maharashtra,Mumbai,2,8546.58,17093.16,0.1,15383.84,3280.84
ORD-102609,2026-06-09,2026,Jun,6,CUST-0212,Ira Kumar,P040,Travel Backpack Pro,Office Supplies,Bags,Corporate,West,Maharashtra,Pune,1,4838.54,4838.54,0.2,3870.83,1341.73
ORD-102861,2026-06-10,2026,Jun,6,CUST-0084,Arjun Iyer,P022,Printer Paper Pack,Office Supplies,Paper,Small Business,South,Telangana,Hyderabad,1,629.61,629.61,0.1,566.65,136.39
ORD-102176,2026-06-11,2026,Jun,6,CUST-0026,Rohan Sharma,P027,Whiteboard,Office Supplies,Presentation,Consumer,East,Odisha,Bhubaneswar,4,4708.53,18834.12,0.05,17892.41,6192.59
ORD-100794,2026-06-12,2026,Jun,6,CUST-0268,Karthik Rao,P019,Conference Table,Furniture,Tables,Consumer,East,Assam,Guwahati,3,44335.43,133006.29,0.1,119705.66,25319.39
ORD-101098,2026-06-12,2026,Jun,6,CUST-0331,Diya Sharma,P014,Ergonomic Chair Pro,Furniture,Chairs,Corporate,North,Uttar Pradesh,Lucknow,1,19554.01,19554.01,0.15,16620.91,2704.31
ORD-101200,2026-06-12,2026,Jun,6,CUST-0047,Rahul Kumar,P019,Conference Table,Furniture,Tables,Consumer,East,Odisha,Bhubaneswar,5,42305.78,211528.9,0.05,200952.45,25542.09
ORD-101352,2026-06-12,2026,Jun,6,CUST-0483,Aditya Rao,P008,4K Monitor 27,Technology,Monitors,Corporate,South,Tamil Nadu,Chennai,1,29294.7,29294.7,0.05,27829.97,5542.07
ORD-101952,2026-06-12,2026,Jun,6,CUST-0159,Pooja Iyer,P038,USB-C Hub,Technology,Accessories,Consumer,West,Gujarat,Ahmedabad,3,2668.76,8006.28,0.0,8006.28,1564.98
ORD-102092,2026-06-12,2026,Jun,6,CUST-0472,Ira Kumar,P038,USB-C Hub,Technology,Accessories,Consumer,East,West Bengal,Kolkata,2,2650.38,5300.76,0.1,4770.68,1187.42
ORD-100127,2026-06-13,2026,Jun,6,CUST-0461,Aarav Sharma,P013,Office Chair,Furniture,Chairs,Consumer,North,Delhi,Delhi,4,12684.06,50736.24,0.1,45662.62,11277.83
ORD-100520,2026-06-13,2026,Jun,6,CUST-0352,Ira Kumar,P020,Printer,Office Supplies,Machines,Consumer,South,Telangana,Hyderabad,2,16795.22,33590.44,0.05,31910.92,6279.41
ORD-101281,2026-06-13,2026,Jun,6,CUST-0363,Aditya Rao,P006,Mechanical Keyboard,Technology,Accessories,Consumer,East,Odisha,Bhubaneswar,5,5198.63,25993.15,0.05,24693.49,4323.81
ORD-101726,2026-06-13,2026,Jun,6,CUST-0081,Aarav Sharma,P032,Air Purifier,Home Appliances,Air Care,Consumer,South,Karnataka,Bengaluru,1,16994.02,16994.02,0.05,16144.32,2603.72
ORD-102052,2026-06-13,2026,Jun,6,CUST-0112,Ira Kumar,P020,Printer,Office Supplies,Machines,Consumer,South,Telangana,Hyderabad,5,16939.19,84695.95,0.0,84695.95,27281.75
ORD-102809,2026-06-13,2026,Jun,6,CUST-0053,Aadhya Rao,P016,Standing Desk,Furniture,Tables,Consumer,West,Maharashtra,Pune,4,29251.67,117006.68,0.15,99455.68,19094.27
ORD-101908,2026-06-14,2026,Jun,6,CUST-0073,Aadhya Rao,P013,Office Chair,Furniture,Chairs,Consumer,West,Maharashtra,Pune,1,13079.39,13079.39,0.15,11117.48,2868.3
ORD-102201,2026-06-14,2026,Jun,6,CUST-0493,Aadhya Rao,P020,Printer,Office Supplies,Machines,Small Business,East,Odisha,Bhubaneswar,6,16493.67,98962.02,0.05,94013.92,25089.88
ORD-100221,2026-06-15,2026,Jun,6,CUST-0394,Meera Iyer,P036,Bluetooth Speaker,Technology,Audio,Corporate,East,West Bengal,Kolkata,3,5615.52,16846.56,0.05,16004.23,3509.48
ORD-101539,2026-06-15,2026,Jun,6,CUST-0035,Priya Deshmukh,P013,Office Chair,Furniture,Chairs,Corporate,East,Odisha,Bhubaneswar,3,12492.28,37476.84,0.15,31855.31,5521.46
ORD-100146,2026-06-16,2026,Jun,6,CUST-0399,Pooja Iyer,P040,Travel Backpack Pro,Office Supplies,Bags,Small Business,North,Rajasthan,Jaipur,2,4566.83,9133.66,0.1,8220.29,2924.78
ORD-101103,2026-06-16,2026,Jun,6,CUST-0060,Anika Deshmukh,P027,Whiteboard,Office Supplies,Presentation,Consumer,West,Gujarat,Ahmedabad,8,5027.35,40218.8,0.05,38207.86,7091.24
ORD-101956,2026-06-16,2026,Jun,6,CUST-0047,Rahul Kumar,P008,4K Monitor 27,Technology,Monitors,Consumer,South,Telangana,Hyderabad,2,27968.22,55936.44,0.05,53139.62,10812.07
ORD-101085,2026-06-17,2026,Jun,6,CUST-0483,Aditya Rao,P027,Whiteboard,Office Supplies,Presentation,Corporate,South,Tamil Nadu,Chennai,1,5026.58,5026.58,0.1,4523.92,1279.82
ORD-101267,2026-06-17,2026,Jun,6,CUST-0178,Nisha Rao,P034,Smart Watch,Technology,Wearables,Corporate,West,Maharashtra,Mumbai,1,13229.08,13229.08,0.2,10583.26,1760.34
ORD-101756,2026-06-17,2026,Jun,6,CUST-0368,Karthik Rao,P016,Standing Desk,Furniture,Tables,Consumer,West,Maharashtra,Mumbai,2,32458.05,64916.1,0.05,61670.29,16317.93
ORD-101799,2026-06-17,2026,Jun,6,CUST-0051,Diya Sharma,P029,Air Fryer,Home Appliances,Kitchen,Corporate,North,Delhi,Delhi,3,9515.2,28545.6,0.0,28545.6,3893.01
ORD-100199,2026-06-18,2026,Jun,6,CUST-0088,Karthik Rao,P014,Ergonomic Chair Pro,Furniture,Chairs,Consumer,East,West Bengal,Kolkata,1,18074.5,18074.5,0.0,18074.5,3760.19
ORD-100425,2026-06-18,2026,Jun,6,CUST-0138,Nisha Rao,P032,Air Purifier,Home Appliances,Air Care,Corporate,South,Telangana,Hyderabad,1,17109.51,17109.51,0.1,15398.56,2083.87
ORD-100542,2026-06-18,2026,Jun,6,CUST-0168,Karthik Rao,P036,Bluetooth Speaker,Technology,Audio,Consumer,North,Uttar Pradesh,Lucknow,3,5640.13,16920.39,0.05,16074.37,3795.36
ORD-100942,2026-06-18,2026,Jun,6,CUST-0040,Anika Deshmukh,P001,Laptop Pro 14,Technology,Laptops,Consumer,South,Tamil Nadu,Chennai,1,62534.95,62534.95,0.0,62534.95,8791.03
ORD-101242,2026-06-18,2026,Jun,6,CUST-0489,Saanvi Iyer,P001,Laptop Pro 14,Technology,Laptops,Corporate,North,Uttar Pradesh,Lucknow,2,60861.82,121723.64,0.15,103465.09,20994.09
ORD-102548,2026-06-18,2026,Jun,6,CUST-0030,Ananya Deshmukh,P027,Whiteboard,Office Supplies,Presentation,Small Business,East,West Bengal,Kolkata,3,5003.01,15009.03,0.05,14258.58,2971.09
ORD-102596,2026-06-18,2026,Jun,6,CUST-0345,Ishaan Deshmukh,P038,USB-C Hub,Technology,Accessories,Corporate,East,Assam,Guwahati,3,2632.53,7897.59,0.05,7502.71,1485.16
ORD-102965,2026-06-18,2026,Jun,6,CUST-0083,Aditya Rao,P008,4K Monitor 27,Technology,Monitors,Consumer,North,Uttar Pradesh,Lucknow,1,29924.07,29924.07,0.05,28427.87,6371.47
ORD-102997,2026-06-18,2026,Jun,6,CUST-0215,Priya Deshmukh,P039,Backpack,Office Supplies,Bags,Corporate,South,Telangana,Hyderabad,2,2130.06,4260.12,0.1,3834.11,1013.89
ORD-100064,2026-06-19,2026,Jun,6,CUST-0039,Pooja Iyer,P013,Office Chair,Furniture,Chairs,Consumer,West,Maharashtra,Mumbai,2,12864.04,25728.08,0.0,25728.08,6492.42
ORD-100686,2026-06-19,2026,Jun,6,CUST-0009,Saanvi Iyer,P021,Laser Printer Pro,Office Supplies,Machines,Corporate,North,Delhi,Delhi,2,26800.97,53601.94,0.1,48241.75,9154.95
ORD-101578,2026-06-19,2026,Jun,6,CUST-0417,Sneha Kumar,P008,4K Monitor 27,Technology,Monitors,Consumer,South,Tamil Nadu,Chennai,3,29144.8,87434.4,0.0,87434.4,15442.48
ORD-102019,2026-06-19,2026,Jun,6,CUST-0447,Rahul Kumar,P011,Smartphone Pro,Technology,Phones,Corporate,North,Delhi,Delhi,1,71647.51,71647.51,0.15,60900.38,13320.86
ORD-102383,2026-06-19,2026,Jun,6,CUST-0003,Aditya Rao,P024,Gel Pen Set,Office Supplies,Writing,Corporate,North,Uttar Pradesh,Lucknow,6,329.75,1978.5,0.15,1681.72,379.53
ORD-102545,2026-06-19,2026,Jun,6,CUST-0158,Nisha Rao,P008,4K Monitor 27,Technology,Monitors,Consumer,West,Maharashtra,Mumbai,1,29650.11,29650.11,0.0,29650.11,4213.42
ORD-102871,2026-06-19,2026,Jun,6,CUST-0307,Rahul Kumar,P023,Premium Notebook,Office Supplies,Paper,Corporate,East,Assam,Guwahati,5,453.71,2268.55,0.1,2041.7,649.05
ORD-100159,2026-06-20,2026,Jun,6,CUST-0446,Rohan Sharma,P019,Conference Table,Furniture,Tables,Small Business,East,West Bengal,Kolkata,1,40564.5,40564.5,0.1,36508.05,5522.86
ORD-100753,2026-06-20,2026,Jun,6,CUST-0434,Meera Iyer,P014,Ergonomic Chair Pro,Furniture,Chairs,Corporate,East,Odisha,Bhubaneswar,2,17423.72,34847.44,0.0,34847.44,5270.48
ORD-100870,2026-06-20,2026,Jun,6,CUST-0293,Aadhya Rao,P009,UltraWide Monitor 34,Technology,Monitors,Consumer,East,Odisha,Bhubaneswar,2,40075.36,80150.72,0.1,72135.65,11954.81
ORD-100211,2026-06-21,2026,Jun,6,CUST-0107,Rahul Kumar,P001,Laptop Pro 14,Technology,Laptops,Small Business,North,Delhi,Delhi,1,59827.51,59827.51,0.05,56836.13,12588.7
ORD-100892,2026-06-21,2026,Jun,6,CUST-0036,Kavya Sharma,P017,Bookshelf,Furniture,Storage,Consumer,South,Karnataka,Bengaluru,1,9535.55,9535.55,0.1,8581.99,1823.43
ORD-102329,2026-06-21,2026,Jun,6,CUST-0228,Karthik Rao,P039,Backpack,Office Supplies,Bags,Corporate,South,Telangana,Hyderabad,2,2238.63,4477.26,0.1,4029.53,899.82
ORD-102506,2026-06-21,2026,Jun,6,CUST-0082,Vivaan Kumar,P017,Bookshelf,Furniture,Storage,Small Business,North,Uttar Pradesh,Lucknow,4,10158.41,40633.64,0.05,38601.96,5844.94
ORD-100305,2026-06-22,2026,Jun,6,CUST-0017,Sneha Kumar,P003,Gaming Laptop X,Technology,Laptops,Consumer,South,Telangana,Hyderabad,1,93132.47,93132.47,0.0,93132.47,12080.93
ORD-100623,2026-06-22,2026,Jun,6,CUST-0149,Saanvi Iyer,P003,Gaming Laptop X,Technology,Laptops,Consumer,North,Delhi,Delhi,2,91100.18,182200.36,0.0,182200.36,34943.15
ORD-100673,2026-06-22,2026,Jun,6,CUST-0088,Karthik Rao,P023,Premium Notebook,Office Supplies,Paper,Consumer,West,Gujarat,Ahmedabad,6,445.33,2671.98,0.1,2404.78,613.07
ORD-101863,2026-06-22,2026,Jun,6,CUST-0417,Sneha Kumar,P034,Smart Watch,Technology,Wearables,Small Business,North,Rajasthan,Jaipur,3,13091.41,39274.23,0.05,37310.52,8137.44
ORD-102923,2026-06-22,2026,Jun,6,CUST-0274,Meera Iyer,P023,Premium Notebook,Office Supplies,Paper,Consumer,North,Delhi,Delhi,4,436.08,1744.32,0.1,1569.89,347.0
ORD-100810,2026-06-23,2026,Jun,6,CUST-0022,Vivaan Kumar,P023,Premium Notebook,Office Supplies,Paper,Consumer,West,Maharashtra,Pune,2,437.1,874.2,0.15,743.07,188.8
ORD-100823,2026-06-23,2026,Jun,6,CUST-0339,Pooja Iyer,P015,Executive Desk,Furniture,Tables,Consumer,South,Telangana,Hyderabad,5,22653.11,113265.55,0.1,101939.0,18463.01
ORD-102294,2026-06-23,2026,Jun,6,CUST-0255,Priya Deshmukh,P001,Laptop Pro 14,Technology,Laptops,Consumer,West,Maharashtra,Mumbai,3,59115.56,177346.68,0.05,168479.35,37562.61
ORD-102980,2026-06-23,2026,Jun,6,CUST-0235,Priya Deshmukh,P038,USB-C Hub,Technology,Accessories,Consumer,North,Uttar Pradesh,Lucknow,3,2642.42,7927.26,0.0,7927.26,1778.68
ORD-102999,2026-06-23,2026,Jun,6,CUST-0301,Aarav Sharma,P028,Coffee Maker,Home Appliances,Kitchen,Consumer,East,West Bengal,Kolkata,1,8774.12,8774.12,0.1,7896.71,1642.55
ORD-100132,2026-06-24,2026,Jun,6,CUST-0227,Rahul Kumar,P025,Desk Organizer,Office Supplies,Accessories,Consumer,North,Delhi,Delhi,6,836.37,5018.22,0.1,4516.4,1140.69
ORD-102238,2026-06-24,2026,Jun,6,CUST-0438,Nisha Rao,P025,Desk Organizer,Office Supplies,Accessories,Consumer,East,Odisha,Bhubaneswar,10,869.06,8690.6,0.1,7821.54,1415.74
ORD-102316,2026-06-24,2026,Jun,6,CUST-0476,Kavya Sharma,P012,Smartphone Plus,Technology,Phones,Corporate,South,Tamil Nadu,Chennai,1,46994.05,46994.05,0.2,37595.24,7872.42
ORD-102416,2026-06-25,2026,Jun,6,CUST-0327,Rahul Kumar,P020,Printer,Office Supplies,Machines,Consumer,West,Maharashtra,Pune,4,16940.44,67761.76,0.15,57597.5,14520.51
ORD-102830,2026-06-25,2026,Jun,6,CUST-0500,Anika Deshmukh,P013,Office Chair,Furniture,Chairs,Corporate,South,Tamil Nadu,Chennai,2,11896.01,23792.02,0.05,22602.42,4496.79
ORD-100250,2026-06-26,2026,Jun,6,CUST-0226,Rohan Sharma,P035,Fitness Band,Technology,Wearables,Consumer,East,West Bengal,Kolkata,1,4403.57,4403.57,0.05,4183.39,512.49
ORD-100423,2026-06-26,2026,Jun,6,CUST-0209,Saanvi Iyer,P001,Laptop Pro 14,Technology,Laptops,Consumer,South,Tamil Nadu,Chennai,1,60896.67,60896.67,0.1,54807.0,11980.66
ORD-100440,2026-06-26,2026,Jun,6,CUST-0040,Anika Deshmukh,P014,Ergonomic Chair Pro,Furniture,Chairs,Consumer,South,Tamil Nadu,Chennai,2,19350.54,38701.08,0.0,38701.08,7868.83
ORD-100729,2026-06-26,2026,Jun,6,CUST-0086,Rohan Sharma,P020,Printer,Office Supplies,Machines,Corporate,North,Rajasthan,Jaipur,5,16227.79,81138.95,0.05,77082.0,19425.01
ORD-100862,2026-06-26,2026,Jun,6,CUST-0092,Ira Kumar,P023,Premium Notebook,Office Supplies,Paper,Small Business,West,Maharashtra,Pune,2,454.28,908.56,0.1,817.7,260.96
ORD-101877,2026-06-26,2026,Jun,6,CUST-0485,Ishaan Deshmukh,P017,Bookshelf,Furniture,Storage,Consumer,North,Delhi,Delhi,2,9286.11,18572.22,0.1,16715.0,2068.21
ORD-101985,2026-06-26,2026,Jun,6,CUST-0237,Sneha Kumar,P031,Microwave Oven,Home Appliances,Kitchen,Consumer,South,Tamil Nadu,Chennai,1,14799.12,14799.12,0.05,14059.16,3025.85
ORD-101433,2026-06-27,2026,Jun,6,CUST-0233,Aadhya Rao,P024,Gel Pen Set,Office Supplies,Writing,Consumer,North,Rajasthan,Jaipur,10,334.17,3341.7,0.1,3007.53,615.6
ORD-101448,2026-06-27,2026,Jun,6,CUST-0041,Aarav Sharma,P026,Stapler Heavy Duty,Office Supplies,Accessories,Small Business,West,Gujarat,Ahmedabad,2,742.57,1485.14,0.0,1485.14,295.16
ORD-102735,2026-06-27,2026,Jun,6,CUST-0248,Karthik Rao,P023,Premium Notebook,Office Supplies,Paper,Corporate,South,Karnataka,Bengaluru,10,428.21,4282.1,0.1,3853.89,1049.13
ORD-102880,2026-06-27,2026,Jun,6,CUST-0155,Priya Deshmukh,P012,Smartphone Plus,Technology,Phones,Consumer,North,Rajasthan,Jaipur,1,49390.39,49390.39,0.1,44451.35,7986.21
ORD-100120,2026-06-28,2026,Jun,6,CUST-0056,Kavya Sharma,P031,Microwave Oven,Home Appliances,Kitchen,Consumer,East,West Bengal,Kolkata,6,13839.94,83039.64,0.1,74735.68,9196.33
ORD-100449,2026-06-28,2026,Jun,6,CUST-0035,Priya Deshmukh,P032,Air Purifier,Home Appliances,Air Care,Small Business,West,Gujarat,Ahmedabad,5,17118.77,85593.85,0.05,81314.16,11605.35
ORD-100530,2026-06-28,2026,Jun,6,CUST-0205,Ishaan Deshmukh,P024,Gel Pen Set,Office Supplies,Writing,Consumer,South,Karnataka,Bengaluru,1,336.5,336.5,0.0,336.5,94.8
ORD-101265,2026-06-28,2026,Jun,6,CUST-0459,Pooja Iyer,P024,Gel Pen Set,Office Supplies,Writing,Corporate,East,Odisha,Bhubaneswar,1,322.83,322.83,0.1,290.55,56.63
ORD-101884,2026-06-28,2026,Jun,6,CUST-0267,Rahul Kumar,P004,Wireless Headphones,Technology,Accessories,Consumer,North,Uttar Pradesh,Lucknow,3,4637.55,13912.65,0.05,13217.02,2863.23
ORD-102563,2026-06-28,2026,Jun,6,CUST-0003,Aditya Rao,P013,Office Chair,Furniture,Chairs,Small Business,West,Gujarat,Ahmedabad,1,12518.38,12518.38,0.1,11266.54,2522.31
ORD-102806,2026-06-28,2026,Jun,6,CUST-0134,Meera Iyer,P020,Printer,Office Supplies,Machines,Consumer,East,West Bengal,Kolkata,4,16089.93,64359.72,0.1,57923.75,17244.71
ORD-100006,2026-06-29,2026,Jun,6,CUST-0064,Arjun Iyer,P031,Microwave Oven,Home Appliances,Kitchen,Corporate,North,Delhi,Delhi,2,15046.4,30092.8,0.05,28588.16,3229.11
ORD-100894,2026-06-29,2026,Jun,6,CUST-0110,Ananya Deshmukh,P013,Office Chair,Furniture,Chairs,Corporate,East,West Bengal,Kolkata,2,11840.92,23681.84,0.0,23681.84,3201.26
ORD-101178,2026-06-29,2026,Jun,6,CUST-0236,Kavya Sharma,P025,Desk Organizer,Office Supplies,Accessories,Corporate,West,Maharashtra,Pune,5,800.66,4003.3,0.15,3402.81,626.38
ORD-101232,2026-06-29,2026,Jun,6,CUST-0052,Ira Kumar,P023,Premium Notebook,Office Supplies,Paper,Consumer,North,Rajasthan,Jaipur,5,425.51,2127.55,0.05,2021.17,700.65
ORD-102525,2026-06-29,2026,Jun,6,CUST-0224,Arjun Iyer,P006,Mechanical Keyboard,Technology,Accessories,Consumer,West,Gujarat,Ahmedabad,3,5008.78,15026.34,0.0,15026.34,3457.1
ORD-100089,2026-06-30,2026,Jun,6,CUST-0121,Aarav Sharma,P013,Office Chair,Furniture,Chairs,Small Business,South,Tamil Nadu,Chennai,2,12592.23,25184.46,0.1,22666.01,5562.51
ORD-100327,2026-06-30,2026,Jun,6,CUST-0192,Ira Kumar,P031,Microwave Oven,Home Appliances,Kitchen,Consumer,East,West Bengal,Kolkata,3,15298.83,45896.49,0.05,43601.67,5084.95
ORD-100341,2026-06-30,2026,Jun,6,CUST-0384,Arjun Iyer,P035,Fitness Band,Technology,Wearables,Consumer,East,West Bengal,Kolkata,2,4408.31,8816.62,0.0,8816.62,1419.73
ORD-100446,2026-06-30,2026,Jun,6,CUST-0264,Arjun Iyer,P039,Backpack,Office Supplies,Bags,Consumer,West,Gujarat,Ahmedabad,5,2311.51,11557.55,0.05,10979.67,2376.9
ORD-101715,2026-06-30,2026,Jun,6,CUST-0296,Kavya Sharma,P011,Smartphone Pro,Technology,Phones,Corporate,South,Karnataka,Bengaluru,2,69773.63,139547.26,0.15,118615.17,25843.97
ORD-102720,2026-06-30,2026,Jun,6,CUST-0027,Rahul Kumar,P015,Executive Desk,Furniture,Tables,Corporate,East,Odisha,Bhubaneswar,5,24754.65,123773.25,0.1,111395.93,13770.86
ORD-100462,2026-07-01,2026,Jul,7,CUST-0171,Diya Sharma,P033,Robot Vacuum,Home Appliances,Cleaning,Consumer,West,Maharashtra,Pune,3,26792.2,80376.6,0.05,76357.77,15528.33
ORD-100548,2026-07-01,2026,Jul,7,CUST-0027,Rahul Kumar,P019,Conference Table,Furniture,Tables,Consumer,West,Maharashtra,Pune,1,42959.66,42959.66,0.05,40811.68,7611.73
ORD-102606,2026-07-01,2026,Jul,7,CUST-0070,Ananya Deshmukh,P012,Smartphone Plus,Technology,Phones,Consumer,South,Telangana,Hyderabad,2,46262.52,92525.04,0.0,92525.04,13361.03
ORD-100837,2026-07-02,2026,Jul,7,CUST-0079,Pooja Iyer,P033,Robot Vacuum,Home Appliances,Cleaning,Consumer,South,Telangana,Hyderabad,3,28519.94,85559.82,0.05,81281.83,16406.22
ORD-101045,2026-07-02,2026,Jul,7,CUST-0017,Sneha Kumar,P002,Business Laptop 15,Technology,Laptops,Consumer,East,Assam,Guwahati,3,51561.59,154684.77,0.05,146950.53,31827.1
ORD-102303,2026-07-02,2026,Jul,7,CUST-0456,Kavya Sharma,P012,Smartphone Plus,Technology,Phones,Small Business,West,Gujarat,Ahmedabad,6,49188.47,295130.82,0.05,280374.28,36247.96
ORD-102705,2026-07-02,2026,Jul,7,CUST-0136,Kavya Sharma,P034,Smart Watch,Technology,Wearables,Consumer,North,Rajasthan,Jaipur,5,12978.77,64893.85,0.0,64893.85,12387.56
ORD-102908,2026-07-02,2026,Jul,7,CUST-0224,Arjun Iyer,P029,Air Fryer,Home Appliances,Kitchen,Corporate,North,Uttar Pradesh,Lucknow,1,8788.73,8788.73,0.05,8349.29,1213.1
ORD-100110,2026-07-03,2026,Jul,7,CUST-0323,Aditya Rao,P020,Printer,Office Supplies,Machines,Corporate,West,Maharashtra,Pune,4,17060.26,68241.04,0.1,61416.94,12211.57
ORD-100340,2026-07-03,2026,Jul,7,CUST-0362,Vivaan Kumar,P001,Laptop Pro 14,Technology,Laptops,Consumer,South,Tamil Nadu,Chennai,2,59514.99,119029.98,0.05,113078.48,18132.77
ORD-100400,2026-07-03,2026,Jul,7,CUST-0192,Ira Kumar,P040,Travel Backpack Pro,Office Supplies,Bags,Corporate,South,Tamil Nadu,Chennai,3,4514.87,13544.61,0.05,12867.38,3788.12
ORD-101859,2026-07-03,2026,Jul,7,CUST-0410,Ananya Deshmukh,P010,Tablet Air 11,Technology,Tablets,Small Business,West,Gujarat,Ahmedabad,5,36430.33,182151.65,0.05,173044.07,38258.1
ORD-102024,2026-07-03,2026,Jul,7,CUST-0018,Nisha Rao,P011,Smartphone Pro,Technology,Phones,Consumer,North,Uttar Pradesh,Lucknow,2,74363.12,148726.24,0.0,148726.24,26049.99
ORD-100695,2026-07-04,2026,Jul,7,CUST-0327,Rahul Kumar,P020,Printer,Office Supplies,Machines,Consumer,West,Gujarat,Ahmedabad,4,16459.02,65836.08,0.0,65836.08,14909.36
ORD-101263,2026-07-04,2026,Jul,7,CUST-0313,Aadhya Rao,P022,Printer Paper Pack,Office Supplies,Paper,Corporate,North,Uttar Pradesh,Lucknow,1,657.11,657.11,0.1,591.4,133.1
ORD-101641,2026-07-04,2026,Jul,7,CUST-0225,Ishaan Deshmukh,P038,USB-C Hub,Technology,Accessories,Small Business,North,Delhi,Delhi,4,2574.96,10299.84,0.0,10299.84,1270.79
ORD-102127,2026-07-04,2026,Jul,7,CUST-0077,Sneha Kumar,P028,Coffee Maker,Home Appliances,Kitchen,Consumer,South,Tamil Nadu,Chennai,2,8202.67,16405.34,0.15,13944.54,1729.53
ORD-100169,2026-07-05,2026,Jul,7,CUST-0108,Karthik Rao,P022,Printer Paper Pack,Office Supplies,Paper,Consumer,East,West Bengal,Kolkata,4,683.35,2733.4,0.05,2596.73,780.09
ORD-100702,2026-07-05,2026,Jul,7,CUST-0159,Pooja Iyer,P004,Wireless Headphones,Technology,Accessories,Corporate,West,Maharashtra,Mumbai,3,4622.02,13866.06,0.1,12479.45,1270.89
ORD-101288,2026-07-05,2026,Jul,7,CUST-0338,Nisha Rao,P021,Laser Printer Pro,Office Supplies,Machines,Consumer,South,Telangana,Hyderabad,2,28242.67,56485.34,0.0,56485.34,12407.04
ORD-101906,2026-07-05,2026,Jul,7,CUST-0390,Ananya Deshmukh,P007,Wireless Mouse,Technology,Accessories,Consumer,East,Assam,Guwahati,3,1708.71,5126.13,0.0,5126.13,561.83
ORD-102570,2026-07-05,2026,Jul,7,CUST-0119,Pooja Iyer,P026,Stapler Heavy Duty,Office Supplies,Accessories,Consumer,North,Rajasthan,Jaipur,4,744.46,2977.84,0.05,2828.95,731.03
ORD-102601,2026-07-05,2026,Jul,7,CUST-0018,Nisha Rao,P028,Coffee Maker,Home Appliances,Kitchen,Corporate,South,Tamil Nadu,Chennai,1,8883.24,8883.24,0.1,7994.92,1414.59
ORD-102909,2026-07-05,2026,Jul,7,CUST-0453,Aadhya Rao,P028,Coffee Maker,Home Appliances,Kitchen,Consumer,West,Maharashtra,Pune,1,8836.46,8836.46,0.1,7952.81,1044.66
ORD-102946,2026-07-05,2026,Jul,7,CUST-0232,Ira Kumar,P031,Microwave Oven,Home Appliances,Kitchen,Small Business,North,Rajasthan,Jaipur,2,14364.84,28729.68,0.0,28729.68,3887.97
ORD-100097,2026-07-06,2026,Jul,7,CUST-0356,Kavya Sharma,P006,Mechanical Keyboard,Technology,Accessories,Consumer,North,Rajasthan,Jaipur,6,4893.78,29362.68,0.0,29362.68,3074.05
ORD-100190,2026-07-06,2026,Jul,7,CUST-0311,Diya Sharma,P014,Ergonomic Chair Pro,Furniture,Chairs,Corporate,East,Assam,Guwahati,3,17795.84,53387.52,0.05,50718.14,11386.77
ORD-100403,2026-07-06,2026,Jul,7,CUST-0248,Karthik Rao,P024,Gel Pen Set,Office Supplies,Writing,Consumer,South,Tamil Nadu,Chennai,1,323.75,323.75,0.05,307.56,68.9
ORD-100591,2026-07-06,2026,Jul,7,CUST-0076,Kavya Sharma,P006,Mechanical Keyboard,Technology,Accessories,Small Business,West,Maharashtra,Pune,1,5453.11,5453.11,0.05,5180.45,1021.51
ORD-100706,2026-07-06,2026,Jul,7,CUST-0385,Ishaan Deshmukh,P013,Office Chair,Furniture,Chairs,Corporate,West,Gujarat,Ahmedabad,4,12120.13,48480.52,0.05,46056.49,8163.49
ORD-101803,2026-07-06,2026,Jul,7,CUST-0060,Anika Deshmukh,P021,Laser Printer Pro,Office Supplies,Machines,Small Business,South,Karnataka,Bengaluru,4,26866.82,107467.28,0.0,107467.28,34703.66
ORD-102477,2026-07-06,2026,Jul,7,CUST-0293,Aadhya Rao,P026,Stapler Heavy Duty,Office Supplies,Accessories,Small Business,North,Delhi,Delhi,3,704.93,2114.79,0.0,2114.79,603.9
ORD-102784,2026-07-06,2026,Jul,7,CUST-0457,Sneha Kumar,P015,Executive Desk,Furniture,Tables,Consumer,East,West Bengal,Kolkata,5,22671.3,113356.5,0.0,113356.5,21077.58
ORD-102794,2026-07-06,2026,Jul,7,CUST-0107,Rahul Kumar,P004,Wireless Headphones,Technology,Accessories,Consumer,North,Delhi,Delhi,5,4308.16,21540.8,0.1,19386.72,3022.18
ORD-102838,2026-07-06,2026,Jul,7,CUST-0390,Ananya Deshmukh,P038,USB-C Hub,Technology,Accessories,Corporate,North,Rajasthan,Jaipur,2,2645.37,5290.74,0.05,5026.2,822.24
ORD-100518,2026-07-07,2026,Jul,7,CUST-0194,Meera Iyer,P017,Bookshelf,Furniture,Storage,Consumer,North,Rajasthan,Jaipur,5,9618.9,48094.5,0.1,43285.05,6630.25
ORD-102989,2026-07-07,2026,Jul,7,CUST-0113,Aadhya Rao,P014,Ergonomic Chair Pro,Furniture,Chairs,Consumer,West,Maharashtra,Pune,1,19298.42,19298.42,0.0,19298.42,3088.89
ORD-101138,2026-07-08,2026,Jul,7,CUST-0414,Meera Iyer,P031,Microwave Oven,Home Appliances,Kitchen,Corporate,North,Uttar Pradesh,Lucknow,6,15026.36,90158.16,0.1,81142.34,18955.3
ORD-101554,2026-07-08,2026,Jul,7,CUST-0153,Aadhya Rao,P025,Desk Organizer,Office Supplies,Accessories,Consumer,North,Rajasthan,Jaipur,4,819.4,3277.6,0.0,3277.6,770.97
ORD-101819,2026-07-08,2026,Jul,7,CUST-0498,Nisha Rao,P019,Conference Table,Furniture,Tables,Corporate,North,Rajasthan,Jaipur,1,40373.12,40373.12,0.05,38354.46,4773.84
ORD-102030,2026-07-08,2026,Jul,7,CUST-0139,Pooja Iyer,P007,Wireless Mouse,Technology,Accessories,Consumer,South,Tamil Nadu,Chennai,6,1797.11,10782.66,0.0,10782.66,1353.86
ORD-102117,2026-07-08,2026,Jul,7,CUST-0472,Ira Kumar,P024,Gel Pen Set,Office Supplies,Writing,Corporate,East,Odisha,Bhubaneswar,6,303.07,1818.42,0.15,1545.66,338.56
ORD-102433,2026-07-08,2026,Jul,7,CUST-0051,Diya Sharma,P013,Office Chair,Furniture,Chairs,Consumer,West,Maharashtra,Pune,4,12442.56,49770.24,0.05,47281.73,11907.21
ORD-101325,2026-07-09,2026,Jul,7,CUST-0362,Vivaan Kumar,P004,Wireless Headphones,Technology,Accessories,Consumer,East,Odisha,Bhubaneswar,3,4289.79,12869.37,0.1,11582.43,2618.42
ORD-101841,2026-07-09,2026,Jul,7,CUST-0057,Sneha Kumar,P023,Premium Notebook,Office Supplies,Paper,Corporate,South,Telangana,Hyderabad,4,429.42,1717.68,0.15,1460.03,317.51
ORD-102162,2026-07-09,2026,Jul,7,CUST-0277,Sneha Kumar,P032,Air Purifier,Home Appliances,Air Care,Consumer,West,Maharashtra,Pune,3,16421.45,49264.35,0.0,49264.35,6555.05
ORD-102449,2026-07-09,2026,Jul,7,CUST-0373,Aadhya Rao,P017,Bookshelf,Furniture,Storage,Consumer,South,Telangana,Hyderabad,1,10061.39,10061.39,0.05,9558.32,1841.48
ORD-102753,2026-07-09,2026,Jul,7,CUST-0296,Kavya Sharma,P030,Mixer Grinder,Home Appliances,Kitchen,Corporate,South,Tamil Nadu,Chennai,1,6665.67,6665.67,0.2,5332.54,810.8
ORD-102798,2026-07-09,2026,Jul,7,CUST-0431,Diya Sharma,P012,Smartphone Plus,Technology,Phones,Corporate,West,Maharashtra,Mumbai,10,45874.89,458748.9,0.15,389936.57,69815.53
ORD-102934,2026-07-09,2026,Jul,7,CUST-0234,Meera Iyer,P037,Power Bank,Technology,Accessories,Consumer,West,Gujarat,Ahmedabad,2,2048.35,4096.7,0.0,4096.7,931.47
ORD-100180,2026-07-10,2026,Jul,7,CUST-0185,Ishaan Deshmukh,P039,Backpack,Office Supplies,Bags,Consumer,East,Assam,Guwahati,3,2147.67,6443.01,0.1,5798.71,1090.86
ORD-101528,2026-07-10,2026,Jul,7,CUST-0488,Karthik Rao,P027,Whiteboard,Office Supplies,Presentation,Consumer,South,Tamil Nadu,Chennai,1,5081.1,5081.1,0.05,4827.05,1211.1
ORD-101631,2026-07-10,2026,Jul,7,CUST-0052,Ira Kumar,P020,Printer,Office Supplies,Machines,Consumer,North,Uttar Pradesh,Lucknow,1,17231.28,17231.28,0.0,17231.28,3965.03
ORD-102039,2026-07-10,2026,Jul,7,CUST-0158,Nisha Rao,P011,Smartphone Pro,Technology,Phones,Corporate,East,West Bengal,Kolkata,1,74962.25,74962.25,0.15,63717.91,6409.21
ORD-102679,2026-07-10,2026,Jul,7,CUST-0474,Meera Iyer,P009,UltraWide Monitor 34,Technology,Monitors,Consumer,South,Karnataka,Bengaluru,1,41327.6,41327.6,0.05,39261.22,8824.12
ORD-100057,2026-07-11,2026,Jul,7,CUST-0287,Rahul Kumar,P006,Mechanical Keyboard,Technology,Accessories,Consumer,South,Tamil Nadu,Chennai,3,5324.66,15973.98,0.05,15175.28,3658.6
ORD-100483,2026-07-11,2026,Jul,7,CUST-0042,Vivaan Kumar,P006,Mechanical Keyboard,Technology,Accessories,Small Business,East,Odisha,Bhubaneswar,1,5020.71,5020.71,0.15,4267.6,996.49
ORD-101142,2026-07-11,2026,Jul,7,CUST-0330,Ananya Deshmukh,P016,Standing Desk,Furniture,Tables,Corporate,West,Gujarat,Ahmedabad,1,30252.12,30252.12,0.2,24201.7,5468.39
ORD-101470,2026-07-11,2026,Jul,7,CUST-0329,Saanvi Iyer,P003,Gaming Laptop X,Technology,Laptops,Consumer,East,Assam,Guwahati,3,85151.55,255454.65,0.0,255454.65,34046.18
ORD-101011,2026-07-12,2026,Jul,7,CUST-0405,Ishaan Deshmukh,P012,Smartphone Plus,Technology,Phones,Corporate,North,Delhi,Delhi,5,46962.54,234812.7,0.15,199590.8,23147.24
ORD-101410,2026-07-12,2026,Jul,7,CUST-0392,Ira Kumar,P030,Mixer Grinder,Home Appliances,Kitchen,Consumer,East,Assam,Guwahati,1,7109.89,7109.89,0.0,7109.89,1322.0
ORD-101890,2026-07-12,2026,Jul,7,CUST-0056,Kavya Sharma,P008,4K Monitor 27,Technology,Monitors,Corporate,South,Telangana,Hyderabad,2,27086.23,54172.46,0.05,51463.84,7647.99
ORD-101974,2026-07-12,2026,Jul,7,CUST-0498,Nisha Rao,P002,Business Laptop 15,Technology,Laptops,Consumer,North,Delhi,Delhi,2,52930.49,105860.98,0.05,100567.93,10628.68
ORD-102011,2026-07-12,2026,Jul,7,CUST-0266,Rohan Sharma,P003,Gaming Laptop X,Technology,Laptops,Consumer,North,Uttar Pradesh,Lucknow,2,85602.31,171204.62,0.05,162644.39,19801.92
ORD-102365,2026-07-12,2026,Jul,7,CUST-0455,Priya Deshmukh,P017,Bookshelf,Furniture,Storage,Consumer,North,Delhi,Delhi,4,9529.13,38116.52,0.05,36210.69,6084.83
ORD-102851,2026-07-12,2026,Jul,7,CUST-0291,Diya Sharma,P025,Desk Organizer,Office Supplies,Accessories,Consumer,West,Gujarat,Ahmedabad,6,899.78,5398.68,0.05,5128.75,1128.17
ORD-101003,2026-07-13,2026,Jul,7,CUST-0460,Anika Deshmukh,P012,Smartphone Plus,Technology,Phones,Small Business,North,Delhi,Delhi,5,50384.85,251924.25,0.05,239328.04,28251.93
ORD-101036,2026-07-13,2026,Jul,7,CUST-0349,Saanvi Iyer,P008,4K Monitor 27,Technology,Monitors,Corporate,West,Gujarat,Ahmedabad,4,27950.83,111803.32,0.2,89442.66,9354.95
ORD-101504,2026-07-13,2026,Jul,7,CUST-0223,Aditya Rao,P004,Wireless Headphones,Technology,Accessories,Consumer,South,Tamil Nadu,Chennai,2,4237.59,8475.18,0.05,8051.42,1104.33
ORD-101858,2026-07-13,2026,Jul,7,CUST-0036,Kavya Sharma,P032,Air Purifier,Home Appliances,Air Care,Corporate,South,Tamil Nadu,Chennai,2,15557.8,31115.6,0.1,28004.04,3699.34
ORD-102802,2026-07-13,2026,Jul,7,CUST-0347,Rahul Kumar,P007,Wireless Mouse,Technology,Accessories,Corporate,South,Karnataka,Bengaluru,1,1866.2,1866.2,0.1,1679.58,182.21
ORD-100496,2026-07-14,2026,Jul,7,CUST-0080,Anika Deshmukh,P019,Conference Table,Furniture,Tables,Consumer,East,West Bengal,Kolkata,1,40881.86,40881.86,0.1,36793.67,5387.06
ORD-100576,2026-07-14,2026,Jul,7,CUST-0294,Meera Iyer,P035,Fitness Band,Technology,Wearables,Corporate,South,Telangana,Hyderabad,6,4106.2,24637.2,0.1,22173.48,4684.23
ORD-100598,2026-07-14,2026,Jul,7,CUST-0309,Saanvi Iyer,P010,Tablet Air 11,Technology,Tablets,Consumer,East,West Bengal,Kolkata,2,37181.0,74362.0,0.1,66925.8,14054.53
ORD-100849,2026-07-14,2026,Jul,7,CUST-0081,Aarav Sharma,P008,4K Monitor 27,Technology,Monitors,Corporate,South,Karnataka,Bengaluru,1,29266.91,29266.91,0.2,23413.53,3074.51
ORD-101484,2026-07-14,2026,Jul,7,CUST-0404,Arjun Iyer,P032,Air Purifier,Home Appliances,Air Care,Corporate,East,Assam,Guwahati,1,17259.67,17259.67,0.15,14670.72,3116.47
ORD-102108,2026-07-14,2026,Jul,7,CUST-0131,Diya Sharma,P037,Power Bank,Technology,Accessories,Consumer,South,Karnataka,Bengaluru,2,2022.21,4044.42,0.15,3437.76,829.82
ORD-100129,2026-07-15,2026,Jul,7,CUST-0032,Ira Kumar,P018,Filing Cabinet,Furniture,Storage,Consumer,East,West Bengal,Kolkata,3,11352.24,34056.72,0.1,30651.05,5243.32
ORD-100666,2026-07-15,2026,Jul,7,CUST-0366,Rohan Sharma,P001,Laptop Pro 14,Technology,Laptops,Consumer,North,Rajasthan,Jaipur,5,58625.39,293126.95,0.05,278470.6,53535.46
ORD-100970,2026-07-15,2026,Jul,7,CUST-0387,Rahul Kumar,P015,Executive Desk,Furniture,Tables,Consumer,South,Karnataka,Bengaluru,2,23719.22,47438.44,0.05,45066.52,7653.29
ORD-101163,2026-07-15,2026,Jul,7,CUST-0120,Anika Deshmukh,P011,Smartphone Pro,Technology,Phones,Consumer,West,Gujarat,Ahmedabad,1,72825.46,72825.46,0.0,72825.46,10231.09
ORD-102159,2026-07-15,2026,Jul,7,CUST-0219,Pooja Iyer,P040,Travel Backpack Pro,Office Supplies,Bags,Consumer,West,Maharashtra,Pune,6,4591.47,27548.82,0.1,24793.94,5281.06
ORD-102197,2026-07-15,2026,Jul,7,CUST-0140,Anika Deshmukh,P007,Wireless Mouse,Technology,Accessories,Corporate,East,Assam,Guwahati,1,1824.16,1824.16,0.1,1641.74,296.69
ORD-102789,2026-07-15,2026,Jul,7,CUST-0492,Ira Kumar,P037,Power Bank,Technology,Accessories,Consumer,North,Uttar Pradesh,Lucknow,1,2201.19,2201.19,0.0,2201.19,369.17
ORD-102842,2026-07-15,2026,Jul,7,CUST-0225,Ishaan Deshmukh,P008,4K Monitor 27,Technology,Monitors,Consumer,West,Gujarat,Ahmedabad,3,28879.91,86639.73,0.05,82307.74,8689.63
ORD-100087,2026-07-16,2026,Jul,7,CUST-0172,Ira Kumar,P016,Standing Desk,Furniture,Tables,Corporate,East,Odisha,Bhubaneswar,3,30198.49,90595.47,0.15,77006.15,12137.37
ORD-100379,2026-07-16,2026,Jul,7,CUST-0109,Saanvi Iyer,P011,Smartphone Pro,Technology,Phones,Corporate,South,Karnataka,Bengaluru,1,69078.55,69078.55,0.05,65624.62,11973.28
ORD-100842,2026-07-16,2026,Jul,7,CUST-0252,Ira Kumar,P027,Whiteboard,Office Supplies,Presentation,Corporate,West,Gujarat,Ahmedabad,6,4951.61,29709.66,0.1,26738.69,6129.82
ORD-102212,2026-07-16,2026,Jul,7,CUST-0242,Vivaan Kumar,P001,Laptop Pro 14,Technology,Laptops,Corporate,North,Rajasthan,Jaipur,1,62311.16,62311.16,0.05,59195.6,6123.98
ORD-102338,2026-07-16,2026,Jul,7,CUST-0372,Ira Kumar,P025,Desk Organizer,Office Supplies,Accessories,Consumer,South,Karnataka,Bengaluru,1,859.01,859.01,0.1,773.11,221.1
ORD-102485,2026-07-16,2026,Jul,7,CUST-0473,Aadhya Rao,P025,Desk Organizer,Office Supplies,Accessories,Corporate,South,Telangana,Hyderabad,8,801.4,6411.2,0.1,5770.08,1201.51
ORD-100476,2026-07-18,2026,Jul,7,CUST-0494,Meera Iyer,P038,USB-C Hub,Technology,Accessories,Consumer,South,Tamil Nadu,Chennai,1,2520.9,2520.9,0.0,2520.9,337.46
ORD-100485,2026-07-18,2026,Jul,7,CUST-0180,Anika Deshmukh,P024,Gel Pen Set,Office Supplies,Writing,Consumer,North,Uttar Pradesh,Lucknow,4,334.53,1338.12,0.05,1271.21,359.59
ORD-100843,2026-07-18,2026,Jul,7,CUST-0250,Ananya Deshmukh,P013,Office Chair,Furniture,Chairs,Corporate,West,Gujarat,Ahmedabad,2,12272.29,24544.58,0.1,22090.12,4488.89
ORD-100956,2026-07-18,2026,Jul,7,CUST-0270,Ananya Deshmukh,P023,Premium Notebook,Office Supplies,Paper,Consumer,East,Assam,Guwahati,3,425.19,1275.57,0.0,1275.57,372.73
ORD-102957,2026-07-18,2026,Jul,7,CUST-0115,Priya Deshmukh,P033,Robot Vacuum,Home Appliances,Cleaning,Corporate,South,Karnataka,Bengaluru,1,29058.89,29058.89,0.15,24700.06,3957.2
ORD-100556,2026-07-19,2026,Jul,7,CUST-0047,Rahul Kumar,P030,Mixer Grinder,Home Appliances,Kitchen,Corporate,North,Rajasthan,Jaipur,1,6442.29,6442.29,0.1,5798.06,790.41
ORD-101262,2026-07-19,2026,Jul,7,CUST-0384,Arjun Iyer,P008,4K Monitor 27,Technology,Monitors,Corporate,East,Assam,Guwahati,3,28948.52,86845.56,0.05,82503.28,15420.03
ORD-102408,2026-07-19,2026,Jul,7,CUST-0454,Meera Iyer,P016,Standing Desk,Furniture,Tables,Consumer,West,Maharashtra,Pune,1,31139.61,31139.61,0.1,28025.65,5242.13
ORD-102677,2026-07-19,2026,Jul,7,CUST-0454,Meera Iyer,P014,Ergonomic Chair Pro,Furniture,Chairs,Consumer,North,Delhi,Delhi,3,18224.76,54674.28,0.05,51940.57,6760.29
ORD-102894,2026-07-19,2026,Jul,7,CUST-0375,Priya Deshmukh,P038,USB-C Hub,Technology,Accessories,Consumer,South,Telangana,Hyderabad,4,2444.54,9778.16,0.1,8800.34,1516.35
ORD-100546,2026-07-20,2026,Jul,7,CUST-0281,Aarav Sharma,P036,Bluetooth Speaker,Technology,Audio,Corporate,East,West Bengal,Kolkata,3,5551.23,16653.69,0.1,14988.32,2643.87
ORD-100888,2026-07-20,2026,Jul,7,CUST-0442,Vivaan Kumar,P018,Filing Cabinet,Furniture,Storage,Consumer,East,West Bengal,Kolkata,2,10979.96,21959.92,0.1,19763.93,4131.99
ORD-101014,2026-07-20,2026,Jul,7,CUST-0277,Sneha Kumar,P014,Ergonomic Chair Pro,Furniture,Chairs,Consumer,North,Delhi,Delhi,6,18116.29,108697.74,0.1,97827.97,22605.89
ORD-101447,2026-07-20,2026,Jul,7,CUST-0115,Priya Deshmukh,P021,Laser Printer Pro,Office Supplies,Machines,Consumer,East,West Bengal,Kolkata,1,27787.39,27787.39,0.0,27787.39,9353.55
ORD-101489,2026-07-20,2026,Jul,7,CUST-0368,Karthik Rao,P005,Noise Cancelling Headphones,Technology,Accessories,Consumer,East,Odisha,Bhubaneswar,1,6908.43,6908.43,0.05,6563.01,1291.75
ORD-101964,2026-07-20,2026,Jul,7,CUST-0183,Aditya Rao,P008,4K Monitor 27,Technology,Monitors,Corporate,South,Tamil Nadu,Chennai,1,28477.04,28477.04,0.05,27053.19,4002.12
ORD-102178,2026-07-20,2026,Jul,7,CUST-0217,Sneha Kumar,P011,Smartphone Pro,Technology,Phones,Consumer,West,Maharashtra,Pune,3,75380.66,226141.98,0.05,214834.88,42306.22
ORD-102364,2026-07-20,2026,Jul,7,CUST-0302,Vivaan Kumar,P006,Mechanical Keyboard,Technology,Accessories,Consumer,West,Gujarat,Ahmedabad,2,5251.87,10503.74,0.0,10503.74,1917.43
ORD-100135,2026-07-21,2026,Jul,7,CUST-0164,Arjun Iyer,P008,4K Monitor 27,Technology,Monitors,Small Business,South,Karnataka,Bengaluru,1,29074.04,29074.04,0.0,29074.04,4107.37
ORD-100230,2026-07-21,2026,Jul,7,CUST-0085,Ishaan Deshmukh,P037,Power Bank,Technology,Accessories,Consumer,East,Odisha,Bhubaneswar,1,2027.37,2027.37,0.0,2027.37,239.26
ORD-100309,2026-07-21,2026,Jul,7,CUST-0029,Saanvi Iyer,P033,Robot Vacuum,Home Appliances,Cleaning,Corporate,North,Uttar Pradesh,Lucknow,2,29510.7,59021.4,0.1,53119.26,9300.43
ORD-100335,2026-07-21,2026,Jul,7,CUST-0188,Karthik Rao,P039,Backpack,Office Supplies,Bags,Consumer,West,Gujarat,Ahmedabad,2,2211.43,4422.86,0.05,4201.72,1243.18
ORD-100366,2026-07-21,2026,Jul,7,CUST-0051,Diya Sharma,P006,Mechanical Keyboard,Technology,Accessories,Consumer,West,Maharashtra,Mumbai,1,5285.98,5285.98,0.05,5021.68,665.35
ORD-101829,2026-07-21,2026,Jul,7,CUST-0311,Diya Sharma,P021,Laser Printer Pro,Office Supplies,Machines,Consumer,North,Delhi,Delhi,2,29751.0,59502.0,0.1,53551.8,13744.95
ORD-101198,2026-07-22,2026,Jul,7,CUST-0312,Ira Kumar,P032,Air Purifier,Home Appliances,Air Care,Consumer,North,Uttar Pradesh,Lucknow,10,17309.07,173090.7,0.05,164436.17,33539.7
ORD-101318,2026-07-22,2026,Jul,7,CUST-0177,Sneha Kumar,P035,Fitness Band,Technology,Wearables,Consumer,South,Karnataka,Bengaluru,3,4247.78,12743.34,0.0,12743.34,1457.29
ORD-101552,2026-07-22,2026,Jul,7,CUST-0205,Ishaan Deshmukh,P001,Laptop Pro 14,Technology,Laptops,Consumer,East,West Bengal,Kolkata,2,65313.74,130627.48,0.05,124096.11,19191.81
ORD-101620,2026-07-22,2026,Jul,7,CUST-0004,Arjun Iyer,P024,Gel Pen Set,Office Supplies,Writing,Consumer,North,Rajasthan,Jaipur,1,307.48,307.48,0.0,307.48,61.76
ORD-101968,2026-07-22,2026,Jul,7,CUST-0490,Ananya Deshmukh,P016,Standing Desk,Furniture,Tables,Corporate,East,Odisha,Bhubaneswar,2,29578.82,59157.64,0.15,50283.99,10875.53
ORD-100769,2026-07-23,2026,Jul,7,CUST-0207,Rahul Kumar,P023,Premium Notebook,Office Supplies,Paper,Corporate,North,Uttar Pradesh,Lucknow,2,462.25,924.5,0.15,785.82,258.9
ORD-101368,2026-07-23,2026,Jul,7,CUST-0432,Ira Kumar,P003,Gaming Laptop X,Technology,Laptops,Corporate,West,Maharashtra,Pune,4,87197.59,348790.36,0.1,313911.32,77883.2
ORD-101379,2026-07-23,2026,Jul,7,CUST-0388,Karthik Rao,P022,Printer Paper Pack,Office Supplies,Paper,Corporate,West,Maharashtra,Pune,1,664.18,664.18,0.1,597.76,109.94
ORD-101830,2026-07-23,2026,Jul,7,CUST-0390,Ananya Deshmukh,P016,Standing Desk,Furniture,Tables,Consumer,South,Tamil Nadu,Chennai,2,30160.59,60321.18,0.05,57305.12,12887.58
ORD-102247,2026-07-23,2026,Jul,7,CUST-0131,Diya Sharma,P026,Stapler Heavy Duty,Office Supplies,Accessories,Consumer,South,Telangana,Hyderabad,4,690.29,2761.16,0.05,2623.1,640.89
ORD-102281,2026-07-23,2026,Jul,7,CUST-0438,Nisha Rao,P002,Business Laptop 15,Technology,Laptops,Consumer,South,Karnataka,Bengaluru,3,56823.97,170471.91,0.1,153424.72,23897.31
ORD-102604,2026-07-23,2026,Jul,7,CUST-0119,Pooja Iyer,P004,Wireless Headphones,Technology,Accessories,Corporate,West,Gujarat,Ahmedabad,10,4322.89,43228.9,0.2,34583.12,7947.95
ORD-100752,2026-07-24,2026,Jul,7,CUST-0316,Kavya Sharma,P020,Printer,Office Supplies,Machines,Small Business,North,Delhi,Delhi,1,16654.56,16654.56,0.1,14989.1,3696.45
ORD-101124,2026-07-24,2026,Jul,7,CUST-0178,Nisha Rao,P025,Desk Organizer,Office Supplies,Accessories,Corporate,East,Odisha,Bhubaneswar,2,850.32,1700.64,0.1,1530.58,374.92
ORD-101766,2026-07-24,2026,Jul,7,CUST-0014,Meera Iyer,P022,Printer Paper Pack,Office Supplies,Paper,Consumer,West,Maharashtra,Mumbai,1,688.79,688.79,0.0,688.79,244.63
ORD-102453,2026-07-24,2026,Jul,7,CUST-0318,Nisha Rao,P023,Premium Notebook,Office Supplies,Paper,Corporate,West,Maharashtra,Pune,5,456.0,2280.0,0.05,2166.0,746.2
ORD-102494,2026-07-24,2026,Jul,7,CUST-0084,Arjun Iyer,P003,Gaming Laptop X,Technology,Laptops,Corporate,West,Maharashtra,Mumbai,1,87429.99,87429.99,0.2,69943.99,11613.15
ORD-102759,2026-07-24,2026,Jul,7,CUST-0325,Ishaan Deshmukh,P016,Standing Desk,Furniture,Tables,Small Business,East,West Bengal,Kolkata,2,32108.82,64217.64,0.05,61006.76,15424.35
ORD-100133,2026-07-25,2026,Jul,7,CUST-0281,Aarav Sharma,P028,Coffee Maker,Home Appliances,Kitchen,Small Business,North,Rajasthan,Jaipur,2,8650.01,17300.02,0.05,16435.02,2679.9
ORD-100290,2026-07-25,2026,Jul,7,CUST-0236,Kavya Sharma,P004,Wireless Headphones,Technology,Accessories,Small Business,South,Karnataka,Bengaluru,2,4701.17,9402.34,0.05,8932.22,2129.03
ORD-101282,2026-07-25,2026,Jul,7,CUST-0119,Pooja Iyer,P018,Filing Cabinet,Furniture,Storage,Small Business,South,Tamil Nadu,Chennai,4,11035.01,44140.04,0.1,39726.04,10213.33
ORD-101296,2026-07-25,2026,Jul,7,CUST-0404,Arjun Iyer,P023,Premium Notebook,Office Supplies,Paper,Consumer,South,Telangana,Hyderabad,4,451.33,1805.32,0.0,1805.32,404.47
ORD-101598,2026-07-25,2026,Jul,7,CUST-0259,Pooja Iyer,P008,4K Monitor 27,Technology,Monitors,Consumer,North,Rajasthan,Jaipur,2,27893.91,55787.82,0.0,55787.82,11070.45
ORD-101821,2026-07-25,2026,Jul,7,CUST-0002,Vivaan Kumar,P026,Stapler Heavy Duty,Office Supplies,Accessories,Consumer,South,Karnataka,Bengaluru,1,705.43,705.43,0.0,705.43,171.03
ORD-101846,2026-07-25,2026,Jul,7,CUST-0081,Aarav Sharma,P013,Office Chair,Furniture,Chairs,Corporate,East,West Bengal,Kolkata,1,12467.76,12467.76,0.1,11220.98,2250.68
ORD-102033,2026-07-25,2026,Jul,7,CUST-0405,Ishaan Deshmukh,P005,Noise Cancelling Headphones,Technology,Accessories,Corporate,North,Uttar Pradesh,Lucknow,1,6910.73,6910.73,0.2,5528.58,681.98
ORD-102160,2026-07-25,2026,Jul,7,CUST-0294,Meera Iyer,P040,Travel Backpack Pro,Office Supplies,Bags,Consumer,West,Gujarat,Ahmedabad,5,4796.97,23984.85,0.0,23984.85,8429.44
ORD-101111,2026-07-26,2026,Jul,7,CUST-0491,Diya Sharma,P005,Noise Cancelling Headphones,Technology,Accessories,Consumer,West,Maharashtra,Mumbai,1,7132.55,7132.55,0.05,6775.92,886.93
ORD-101545,2026-07-26,2026,Jul,7,CUST-0394,Meera Iyer,P013,Office Chair,Furniture,Chairs,Corporate,North,Rajasthan,Jaipur,4,12201.81,48807.24,0.05,46366.88,12822.88
ORD-102062,2026-07-26,2026,Jul,7,CUST-0241,Aarav Sharma,P006,Mechanical Keyboard,Technology,Accessories,Corporate,West,Maharashtra,Pune,6,5147.97,30887.82,0.2,24710.26,3124.91
ORD-102223,2026-07-26,2026,Jul,7,CUST-0214,Meera Iyer,P013,Office Chair,Furniture,Chairs,Corporate,East,Assam,Guwahati,3,11996.36,35989.08,0.1,32390.17,6273.91
ORD-102248,2026-07-26,2026,Jul,7,CUST-0336,Kavya Sharma,P003,Gaming Laptop X,Technology,Laptops,Corporate,South,Tamil Nadu,Chennai,4,93246.56,372986.24,0.2,298388.99,49292.78
ORD-102405,2026-07-26,2026,Jul,7,CUST-0358,Nisha Rao,P039,Backpack,Office Supplies,Bags,Consumer,South,Tamil Nadu,Chennai,2,2281.59,4563.18,0.05,4335.02,1159.72
ORD-102561,2026-07-26,2026,Jul,7,CUST-0357,Sneha Kumar,P033,Robot Vacuum,Home Appliances,Cleaning,Corporate,South,Telangana,Hyderabad,3,27190.34,81571.02,0.0,81571.02,14590.75
ORD-100251,2026-07-27,2026,Jul,7,CUST-0102,Vivaan Kumar,P025,Desk Organizer,Office Supplies,Accessories,Corporate,South,Karnataka,Bengaluru,6,849.39,5096.34,0.05,4841.52,1287.37
ORD-100401,2026-07-27,2026,Jul,7,CUST-0190,Ananya Deshmukh,P037,Power Bank,Technology,Accessories,Consumer,North,Uttar Pradesh,Lucknow,4,2219.8,8879.2,0.05,8435.24,1656.5
ORD-100491,2026-07-27,2026,Jul,7,CUST-0417,Sneha Kumar,P029,Air Fryer,Home Appliances,Kitchen,Small Business,West,Maharashtra,Pune,2,9352.67,18705.34,0.05,17770.07,3920.7
ORD-100717,2026-07-27,2026,Jul,7,CUST-0134,Meera Iyer,P031,Microwave Oven,Home Appliances,Kitchen,Consumer,North,Uttar Pradesh,Lucknow,4,14445.27,57781.08,0.0,57781.08,13566.57
ORD-100978,2026-07-27,2026,Jul,7,CUST-0220,Anika Deshmukh,P037,Power Bank,Technology,Accessories,Consumer,East,Odisha,Bhubaneswar,5,2109.13,10545.65,0.1,9491.08,1729.79
ORD-101137,2026-07-27,2026,Jul,7,CUST-0153,Aadhya Rao,P010,Tablet Air 11,Technology,Tablets,Consumer,East,Assam,Guwahati,2,35429.43,70858.86,0.1,63772.97,10732.06
ORD-101973,2026-07-27,2026,Jul,7,CUST-0213,Aadhya Rao,P022,Printer Paper Pack,Office Supplies,Paper,Consumer,North,Rajasthan,Jaipur,5,641.97,3209.85,0.05,3049.36,728.94
ORD-101499,2026-07-28,2026,Jul,7,CUST-0177,Sneha Kumar,P006,Mechanical Keyboard,Technology,Accessories,Consumer,North,Delhi,Delhi,2,4945.24,9890.48,0.05,9395.96,1646.69
ORD-102516,2026-07-28,2026,Jul,7,CUST-0492,Ira Kumar,P015,Executive Desk,Furniture,Tables,Small Business,East,Odisha,Bhubaneswar,1,23188.57,23188.57,0.0,23188.57,4738.14
ORD-100756,2026-07-29,2026,Jul,7,CUST-0480,Anika Deshmukh,P021,Laser Printer Pro,Office Supplies,Machines,Consumer,East,West Bengal,Kolkata,5,29660.42,148302.1,0.0,148302.1,43140.44
ORD-101542,2026-07-29,2026,Jul,7,CUST-0375,Priya Deshmukh,P004,Wireless Headphones,Technology,Accessories,Small Business,North,Uttar Pradesh,Lucknow,1,4371.72,4371.72,0.15,3715.96,477.62
ORD-101848,2026-07-29,2026,Jul,7,CUST-0315,Priya Deshmukh,P007,Wireless Mouse,Technology,Accessories,Corporate,West,Gujarat,Ahmedabad,2,1766.43,3532.86,0.1,3179.57,584.6
ORD-102235,2026-07-29,2026,Jul,7,CUST-0287,Rahul Kumar,P022,Printer Paper Pack,Office Supplies,Paper,Consumer,West,Maharashtra,Mumbai,2,646.26,1292.52,0.05,1227.89,267.52
ORD-100118,2026-07-30,2026,Jul,7,CUST-0471,Diya Sharma,P022,Printer Paper Pack,Office Supplies,Paper,Consumer,West,Maharashtra,Mumbai,5,659.11,3295.55,0.05,3130.77,656.7
ORD-101030,2026-07-30,2026,Jul,7,CUST-0145,Ishaan Deshmukh,P022,Printer Paper Pack,Office Supplies,Paper,Consumer,West,Maharashtra,Pune,6,630.87,3785.22,0.0,3785.22,1113.87
ORD-101069,2026-07-30,2026,Jul,7,CUST-0197,Sneha Kumar,P030,Mixer Grinder,Home Appliances,Kitchen,Corporate,East,Assam,Guwahati,6,6872.34,41234.04,0.1,37110.64,5551.81
ORD-100583,2026-08-01,2026,Aug,8,CUST-0298,Nisha Rao,P037,Power Bank,Technology,Accessories,Small Business,West,Gujarat,Ahmedabad,1,2067.56,2067.56,0.0,2067.56,437.03
ORD-101287,2026-08-01,2026,Aug,8,CUST-0003,Aditya Rao,P034,Smart Watch,Technology,Wearables,Consumer,North,Uttar Pradesh,Lucknow,1,12421.85,12421.85,0.0,12421.85,2613.22
ORD-100793,2026-08-02,2026,Aug,8,CUST-0251,Diya Sharma,P021,Laser Printer Pro,Office Supplies,Machines,Consumer,West,Maharashtra,Mumbai,3,28042.37,84127.11,0.0,84127.11,20867.12
ORD-101331,2026-08-02,2026,Aug,8,CUST-0052,Ira Kumar,P024,Gel Pen Set,Office Supplies,Writing,Consumer,North,Delhi,Delhi,4,307.32,1229.28,0.0,1229.28,290.27
ORD-100460,2026-08-03,2026,Aug,8,CUST-0452,Ira Kumar,P027,Whiteboard,Office Supplies,Presentation,Corporate,North,Delhi,Delhi,3,4941.77,14825.31,0.05,14084.04,3798.57
ORD-100789,2026-08-03,2026,Aug,8,CUST-0174,Meera Iyer,P018,Filing Cabinet,Furniture,Storage,Consumer,North,Delhi,Delhi,2,11694.67,23389.34,0.05,22219.87,2934.03
ORD-100964,2026-08-03,2026,Aug,8,CUST-0105,Ishaan Deshmukh,P022,Printer Paper Pack,Office Supplies,Paper,Consumer,South,Telangana,Hyderabad,2,660.05,1320.1,0.1,1188.09,290.37
ORD-101070,2026-08-03,2026,Aug,8,CUST-0446,Rohan Sharma,P035,Fitness Band,Technology,Wearables,Corporate,North,Uttar Pradesh,Lucknow,1,4222.23,4222.23,0.15,3588.9,864.58
ORD-101201,2026-08-03,2026,Aug,8,CUST-0056,Kavya Sharma,P006,Mechanical Keyboard,Technology,Accessories,Corporate,North,Uttar Pradesh,Lucknow,2,4928.89,9857.78,0.05,9364.89,1510.58
ORD-101604,2026-08-03,2026,Aug,8,CUST-0188,Karthik Rao,P013,Office Chair,Furniture,Chairs,Consumer,East,West Bengal,Kolkata,1,13196.76,13196.76,0.0,13196.76,2953.99
ORD-101899,2026-08-03,2026,Aug,8,CUST-0359,Pooja Iyer,P026,Stapler Heavy Duty,Office Supplies,Accessories,Corporate,North,Rajasthan,Jaipur,2,715.73,1431.46,0.05,1359.89,427.08
ORD-102911,2026-08-03,2026,Aug,8,CUST-0069,Saanvi Iyer,P033,Robot Vacuum,Home Appliances,Cleaning,Consumer,West,Gujarat,Ahmedabad,2,29523.24,59046.48,0.1,53141.83,8278.48
ORD-102921,2026-08-03,2026,Aug,8,CUST-0301,Aarav Sharma,P021,Laser Printer Pro,Office Supplies,Machines,Corporate,North,Rajasthan,Jaipur,1,29615.75,29615.75,0.2,23692.6,6570.25
ORD-100898,2026-08-04,2026,Aug,8,CUST-0244,Arjun Iyer,P015,Executive Desk,Furniture,Tables,Consumer,East,West Bengal,Kolkata,3,23898.3,71694.9,0.15,60940.66,12347.94
ORD-102751,2026-08-04,2026,Aug,8,CUST-0424,Arjun Iyer,P040,Travel Backpack Pro,Office Supplies,Bags,Consumer,East,Assam,Guwahati,2,4914.2,9828.4,0.0,9828.4,3527.41
ORD-100920,2026-08-05,2026,Aug,8,CUST-0136,Kavya Sharma,P025,Desk Organizer,Office Supplies,Accessories,Corporate,North,Uttar Pradesh,Lucknow,5,856.47,4282.35,0.0,4282.35,979.58
ORD-100981,2026-08-05,2026,Aug,8,CUST-0131,Diya Sharma,P001,Laptop Pro 14,Technology,Laptops,Corporate,South,Karnataka,Bengaluru,5,64962.87,324814.35,0.1,292332.91,43239.56
ORD-102277,2026-08-05,2026,Aug,8,CUST-0264,Arjun Iyer,P029,Air Fryer,Home Appliances,Kitchen,Corporate,North,Rajasthan,Jaipur,2,9557.95,19115.9,0.1,17204.31,1988.46
ORD-102690,2026-08-05,2026,Aug,8,CUST-0321,Aarav Sharma,P024,Gel Pen Set,Office Supplies,Writing,Small Business,South,Tamil Nadu,Chennai,3,301.81,905.43,0.15,769.62,242.94
ORD-100608,2026-08-06,2026,Aug,8,CUST-0018,Nisha Rao,P008,4K Monitor 27,Technology,Monitors,Small Business,South,Tamil Nadu,Chennai,2,27411.81,54823.62,0.05,52082.44,8312.69
ORD-101388,2026-08-06,2026,Aug,8,CUST-0152,Ira Kumar,P021,Laser Printer Pro,Office Supplies,Machines,Consumer,North,Rajasthan,Jaipur,5,27076.61,135383.05,0.0,135383.05,31066.95
ORD-100889,2026-08-07,2026,Aug,8,CUST-0118,Nisha Rao,P024,Gel Pen Set,Office Supplies,Writing,Consumer,West,Gujarat,Ahmedabad,2,319.78,639.56,0.0,639.56,176.32
ORD-100907,2026-08-07,2026,Aug,8,CUST-0082,Vivaan Kumar,P003,Gaming Laptop X,Technology,Laptops,Small Business,South,Tamil Nadu,Chennai,5,90134.22,450671.1,0.15,383070.43,79841.16
ORD-101775,2026-08-07,2026,Aug,8,CUST-0424,Arjun Iyer,P032,Air Purifier,Home Appliances,Air Care,Corporate,West,Maharashtra,Mumbai,4,16972.19,67888.76,0.15,57705.45,11841.42
ORD-102423,2026-08-07,2026,Aug,8,CUST-0178,Nisha Rao,P033,Robot Vacuum,Home Appliances,Cleaning,Consumer,East,Assam,Guwahati,1,27333.1,27333.1,0.1,24599.79,3361.19
ORD-102586,2026-08-07,2026,Aug,8,CUST-0301,Aarav Sharma,P040,Travel Backpack Pro,Office Supplies,Bags,Consumer,West,Maharashtra,Pune,5,4853.33,24266.65,0.0,24266.65,8125.94
ORD-100634,2026-08-08,2026,Aug,8,CUST-0176,Kavya Sharma,P026,Stapler Heavy Duty,Office Supplies,Accessories,Corporate,South,Karnataka,Bengaluru,1,700.49,700.49,0.2,560.39,132.73
ORD-100883,2026-08-09,2026,Aug,8,CUST-0189,Saanvi Iyer,P023,Premium Notebook,Office Supplies,Paper,Corporate,East,West Bengal,Kolkata,2,440.95,881.9,0.15,749.62,153.25
ORD-101619,2026-08-09,2026,Aug,8,CUST-0167,Rahul Kumar,P017,Bookshelf,Furniture,Storage,Consumer,South,Telangana,Hyderabad,2,9569.64,19139.28,0.1,17225.35,4631.24
ORD-101912,2026-08-09,2026,Aug,8,CUST-0318,Nisha Rao,P007,Wireless Mouse,Technology,Accessories,Consumer,South,Karnataka,Bengaluru,2,1825.0,3650.0,0.1,3285.0,570.46
ORD-101958,2026-08-09,2026,Aug,8,CUST-0455,Priya Deshmukh,P013,Office Chair,Furniture,Chairs,Small Business,South,Telangana,Hyderabad,1,12834.31,12834.31,0.1,11550.88,1688.62
ORD-102284,2026-08-09,2026,Aug,8,CUST-0027,Rahul Kumar,P028,Coffee Maker,Home Appliances,Kitchen,Corporate,South,Telangana,Hyderabad,1,8224.67,8224.67,0.15,6990.97,905.07
ORD-100311,2026-08-10,2026,Aug,8,CUST-0343,Aditya Rao,P010,Tablet Air 11,Technology,Tablets,Consumer,East,West Bengal,Kolkata,2,35836.82,71673.64,0.05,68089.96,9929.02
ORD-101129,2026-08-10,2026,Aug,8,CUST-0010,Ananya Deshmukh,P031,Microwave Oven,Home Appliances,Kitchen,Corporate,East,West Bengal,Kolkata,3,14116.1,42348.3,0.1,38113.47,5382.9
ORD-101605,2026-08-10,2026,Aug,8,CUST-0353,Aadhya Rao,P006,Mechanical Keyboard,Technology,Accessories,Consumer,North,Delhi,Delhi,3,5508.84,16526.52,0.05,15700.19,3901.52
ORD-102188,2026-08-10,2026,Aug,8,CUST-0190,Ananya Deshmukh,P007,Wireless Mouse,Technology,Accessories,Corporate,East,West Bengal,Kolkata,2,1714.6,3429.2,0.05,3257.74,463.34
ORD-102394,2026-08-10,2026,Aug,8,CUST-0338,Nisha Rao,P034,Smart Watch,Technology,Wearables,Consumer,North,Uttar Pradesh,Lucknow,1,12759.6,12759.6,0.0,12759.6,1547.17
ORD-102424,2026-08-10,2026,Aug,8,CUST-0301,Aarav Sharma,P035,Fitness Band,Technology,Wearables,Small Business,South,Tamil Nadu,Chennai,3,4030.66,12091.98,0.05,11487.38,1555.7
ORD-102862,2026-08-10,2026,Aug,8,CUST-0377,Sneha Kumar,P021,Laser Printer Pro,Office Supplies,Machines,Consumer,North,Uttar Pradesh,Lucknow,2,29153.6,58307.2,0.1,52476.48,12936.55
ORD-100209,2026-08-11,2026,Aug,8,CUST-0457,Sneha Kumar,P006,Mechanical Keyboard,Technology,Accessories,Corporate,West,Maharashtra,Mumbai,1,5060.35,5060.35,0.2,4048.28,565.5
ORD-100291,2026-08-11,2026,Aug,8,CUST-0044,Arjun Iyer,P004,Wireless Headphones,Technology,Accessories,Small Business,North,Rajasthan,Jaipur,2,4421.79,8843.58,0.05,8401.4,1364.59
ORD-100601,2026-08-11,2026,Aug,8,CUST-0025,Ishaan Deshmukh,P001,Laptop Pro 14,Technology,Laptops,Corporate,West,Maharashtra,Pune,2,60325.09,120650.18,0.2,96520.14,13304.11
ORD-100629,2026-08-11,2026,Aug,8,CUST-0099,Pooja Iyer,P021,Laser Printer Pro,Office Supplies,Machines,Corporate,South,Telangana,Hyderabad,6,28653.53,171921.18,0.1,154729.06,55408.35
ORD-100857,2026-08-11,2026,Aug,8,CUST-0113,Aadhya Rao,P029,Air Fryer,Home Appliances,Kitchen,Consumer,West,Maharashtra,Mumbai,3,9592.26,28776.78,0.0,28776.78,5918.73
ORD-101704,2026-08-11,2026,Aug,8,CUST-0434,Meera Iyer,P008,4K Monitor 27,Technology,Monitors,Consumer,West,Maharashtra,Mumbai,6,29681.96,178091.76,0.0,178091.76,31968.31
ORD-102976,2026-08-11,2026,Aug,8,CUST-0335,Priya Deshmukh,P034,Smart Watch,Technology,Wearables,Consumer,East,Odisha,Bhubaneswar,3,12257.43,36772.29,0.05,34933.68,6710.08
ORD-100193,2026-08-12,2026,Aug,8,CUST-0211,Diya Sharma,P003,Gaming Laptop X,Technology,Laptops,Consumer,North,Uttar Pradesh,Lucknow,3,83256.8,249770.4,0.15,212304.84,36166.29
ORD-100249,2026-08-12,2026,Aug,8,CUST-0291,Diya Sharma,P001,Laptop Pro 14,Technology,Laptops,Consumer,South,Telangana,Hyderabad,3,61588.48,184765.44,0.05,175527.17,19443.07
ORD-101602,2026-08-12,2026,Aug,8,CUST-0306,Rohan Sharma,P027,Whiteboard,Office Supplies,Presentation,Corporate,North,Delhi,Delhi,1,4563.52,4563.52,0.1,4107.17,1421.57
ORD-101041,2026-08-13,2026,Aug,8,CUST-0439,Pooja Iyer,P011,Smartphone Pro,Technology,Phones,Corporate,North,Uttar Pradesh,Lucknow,1,70070.38,70070.38,0.1,63063.34,9015.15
ORD-101094,2026-08-13,2026,Aug,8,CUST-0287,Rahul Kumar,P014,Ergonomic Chair Pro,Furniture,Chairs,Consumer,North,Uttar Pradesh,Lucknow,6,19598.01,117588.06,0.05,111708.66,30275.15
ORD-101475,2026-08-13,2026,Aug,8,CUST-0409,Saanvi Iyer,P002,Business Laptop 15,Technology,Laptops,Consumer,North,Uttar Pradesh,Lucknow,2,56326.91,112653.82,0.0,112653.82,22538.94
ORD-102012,2026-08-13,2026,Aug,8,CUST-0138,Nisha Rao,P019,Conference Table,Furniture,Tables,Corporate,East,West Bengal,Kolkata,5,40413.15,202065.75,0.05,191962.46,35960.0
ORD-102055,2026-08-13,2026,Aug,8,CUST-0173,Aadhya Rao,P020,Printer,Office Supplies,Machines,Small Business,North,Uttar Pradesh,Lucknow,1,16169.95,16169.95,0.1,14552.96,4942.05
ORD-102466,2026-08-13,2026,Aug,8,CUST-0034,Meera Iyer,P002,Business Laptop 15,Technology,Laptops,Small Business,North,Rajasthan,Jaipur,5,51308.22,256541.1,0.1,230886.99,34468.12
ORD-102772,2026-08-13,2026,Aug,8,CUST-0036,Kavya Sharma,P019,Conference Table,Furniture,Tables,Consumer,North,Rajasthan,Jaipur,4,43614.87,174459.48,0.05,165736.51,44490.75
ORD-102777,2026-08-13,2026,Aug,8,CUST-0160,Anika Deshmukh,P031,Microwave Oven,Home Appliances,Kitchen,Consumer,West,Maharashtra,Pune,1,14099.49,14099.49,0.0,14099.49,1576.53
ORD-102916,2026-08-13,2026,Aug,8,CUST-0018,Nisha Rao,P008,4K Monitor 27,Technology,Monitors,Consumer,East,Odisha,Bhubaneswar,1,28424.79,28424.79,0.05,27003.55,2775.51
ORD-100391,2026-08-15,2026,Aug,8,CUST-0272,Ira Kumar,P012,Smartphone Plus,Technology,Phones,Corporate,East,Odisha,Bhubaneswar,1,47822.21,47822.21,0.1,43039.99,5131.54
ORD-100853,2026-08-15,2026,Aug,8,CUST-0206,Rohan Sharma,P017,Bookshelf,Furniture,Storage,Small Business,West,Maharashtra,Mumbai,3,9668.92,29006.76,0.05,27556.42,4692.08
ORD-101286,2026-08-15,2026,Aug,8,CUST-0231,Diya Sharma,P016,Standing Desk,Furniture,Tables,Corporate,West,Maharashtra,Pune,1,32703.26,32703.26,0.05,31068.1,4428.53
ORD-102147,2026-08-15,2026,Aug,8,CUST-0356,Kavya Sharma,P034,Smart Watch,Technology,Wearables,Consumer,North,Uttar Pradesh,Lucknow,6,12576.34,75458.04,0.05,71685.14,9311.75
ORD-102380,2026-08-15,2026,Aug,8,CUST-0156,Kavya Sharma,P014,Ergonomic Chair Pro,Furniture,Chairs,Consumer,South,Telangana,Hyderabad,4,18946.14,75784.56,0.1,68206.1,12291.27
ORD-102386,2026-08-15,2026,Aug,8,CUST-0034,Meera Iyer,P030,Mixer Grinder,Home Appliances,Kitchen,Consumer,North,Rajasthan,Jaipur,2,6459.98,12919.96,0.15,10981.97,1533.46
ORD-100319,2026-08-16,2026,Aug,8,CUST-0363,Aditya Rao,P003,Gaming Laptop X,Technology,Laptops,Corporate,South,Telangana,Hyderabad,4,91465.77,365863.08,0.15,310983.62,58442.05
ORD-101449,2026-08-16,2026,Aug,8,CUST-0081,Aarav Sharma,P012,Smartphone Plus,Technology,Phones,Consumer,North,Uttar Pradesh,Lucknow,1,45501.4,45501.4,0.05,43226.33,4476.05
ORD-101994,2026-08-16,2026,Aug,8,CUST-0444,Arjun Iyer,P033,Robot Vacuum,Home Appliances,Cleaning,Small Business,West,Gujarat,Ahmedabad,1,27410.84,27410.84,0.05,26040.3,5472.08
ORD-102054,2026-08-16,2026,Aug,8,CUST-0250,Ananya Deshmukh,P024,Gel Pen Set,Office Supplies,Writing,Consumer,East,Assam,Guwahati,6,327.69,1966.14,0.0,1966.14,674.72
ORD-102652,2026-08-16,2026,Aug,8,CUST-0244,Arjun Iyer,P002,Business Laptop 15,Technology,Laptops,Corporate,North,Rajasthan,Jaipur,3,54370.64,163111.92,0.1,146800.73,35997.9
ORD-102717,2026-08-16,2026,Aug,8,CUST-0008,Karthik Rao,P004,Wireless Headphones,Technology,Accessories,Small Business,North,Rajasthan,Jaipur,1,4607.09,4607.09,0.1,4146.38,978.62
ORD-102770,2026-08-16,2026,Aug,8,CUST-0159,Pooja Iyer,P007,Wireless Mouse,Technology,Accessories,Corporate,South,Telangana,Hyderabad,5,1729.97,8649.85,0.05,8217.36,1546.73
ORD-102780,2026-08-16,2026,Aug,8,CUST-0353,Aadhya Rao,P025,Desk Organizer,Office Supplies,Accessories,Consumer,South,Telangana,Hyderabad,2,831.95,1663.9,0.05,1580.7,476.4
ORD-100256,2026-08-17,2026,Aug,8,CUST-0358,Nisha Rao,P036,Bluetooth Speaker,Technology,Audio,Small Business,East,Assam,Guwahati,3,5316.52,15949.56,0.1,14354.6,2757.15
ORD-100292,2026-08-17,2026,Aug,8,CUST-0154,Meera Iyer,P035,Fitness Band,Technology,Wearables,Consumer,South,Tamil Nadu,Chennai,3,3981.85,11945.55,0.0,11945.55,2365.93
ORD-100389,2026-08-17,2026,Aug,8,CUST-0077,Sneha Kumar,P031,Microwave Oven,Home Appliances,Kitchen,Small Business,South,Tamil Nadu,Chennai,2,14215.3,28430.6,0.0,28430.6,3171.01
ORD-100851,2026-08-17,2026,Aug,8,CUST-0079,Pooja Iyer,P018,Filing Cabinet,Furniture,Storage,Small Business,West,Maharashtra,Mumbai,3,11280.91,33842.73,0.05,32150.59,7301.94
ORD-102314,2026-08-17,2026,Aug,8,CUST-0045,Ishaan Deshmukh,P040,Travel Backpack Pro,Office Supplies,Bags,Corporate,North,Rajasthan,Jaipur,2,4837.42,9674.84,0.0,9674.84,2750.24
ORD-102613,2026-08-17,2026,Aug,8,CUST-0365,Ishaan Deshmukh,P040,Travel Backpack Pro,Office Supplies,Bags,Consumer,South,Tamil Nadu,Chennai,4,4983.64,19934.56,0.1,17941.1,6016.96
ORD-100871,2026-08-18,2026,Aug,8,CUST-0346,Rohan Sharma,P023,Premium Notebook,Office Supplies,Paper,Corporate,East,West Bengal,Kolkata,5,460.76,2303.8,0.1,2073.42,614.01
ORD-101818,2026-08-18,2026,Aug,8,CUST-0189,Saanvi Iyer,P027,Whiteboard,Office Supplies,Presentation,Small Business,North,Rajasthan,Jaipur,6,4631.97,27791.82,0.05,26402.23,7368.48
ORD-102174,2026-08-18,2026,Aug,8,CUST-0067,Rahul Kumar,P004,Wireless Headphones,Technology,Accessories,Corporate,North,Delhi,Delhi,3,4402.75,13208.25,0.0,13208.25,2552.38
ORD-100567,2026-08-19,2026,Aug,8,CUST-0079,Pooja Iyer,P036,Bluetooth Speaker,Technology,Audio,Small Business,East,Assam,Guwahati,3,5320.68,15962.04,0.0,15962.04,1775.59
ORD-101236,2026-08-19,2026,Aug,8,CUST-0422,Vivaan Kumar,P001,Laptop Pro 14,Technology,Laptops,Consumer,North,Delhi,Delhi,5,65184.75,325923.75,0.05,309627.56,60800.17
ORD-101315,2026-08-19,2026,Aug,8,CUST-0413,Aadhya Rao,P025,Desk Organizer,Office Supplies,Accessories,Corporate,East,Assam,Guwahati,6,822.0,4932.0,0.05,4685.4,1444.31
ORD-102251,2026-08-19,2026,Aug,8,CUST-0216,Kavya Sharma,P011,Smartphone Pro,Technology,Phones,Consumer,East,Odisha,Bhubaneswar,1,69102.62,69102.62,0.05,65647.49,14618.87
ORD-102967,2026-08-19,2026,Aug,8,CUST-0217,Sneha Kumar,P030,Mixer Grinder,Home Appliances,Kitchen,Consumer,North,Rajasthan,Jaipur,5,6481.77,32408.85,0.1,29167.97,3965.11
ORD-100114,2026-08-20,2026,Aug,8,CUST-0167,Rahul Kumar,P026,Stapler Heavy Duty,Office Supplies,Accessories,Consumer,South,Karnataka,Bengaluru,6,697.85,4187.1,0.0,4187.1,1321.58
ORD-100171,2026-08-20,2026,Aug,8,CUST-0341,Aarav Sharma,P022,Printer Paper Pack,Office Supplies,Paper,Corporate,South,Telangana,Hyderabad,5,649.72,3248.6,0.1,2923.74,529.15
ORD-101651,2026-08-20,2026,Aug,8,CUST-0483,Aditya Rao,P036,Bluetooth Speaker,Technology,Audio,Corporate,East,Odisha,Bhubaneswar,1,5462.37,5462.37,0.05,5189.25,894.99
ORD-101954,2026-08-20,2026,Aug,8,CUST-0053,Aadhya Rao,P034,Smart Watch,Technology,Wearables,Small Business,East,West Bengal,Kolkata,1,12839.09,12839.09,0.05,12197.14,2645.17
ORD-101553,2026-08-21,2026,Aug,8,CUST-0203,Aditya Rao,P018,Filing Cabinet,Furniture,Storage,Small Business,South,Telangana,Hyderabad,5,11971.49,59857.45,0.05,56864.58,9268.27
ORD-102665,2026-08-21,2026,Aug,8,CUST-0441,Aarav Sharma,P033,Robot Vacuum,Home Appliances,Cleaning,Consumer,South,Tamil Nadu,Chennai,5,27915.59,139577.95,0.05,132599.05,17316.29
ORD-100257,2026-08-22,2026,Aug,8,CUST-0308,Karthik Rao,P016,Standing Desk,Furniture,Tables,Consumer,North,Rajasthan,Jaipur,4,29419.06,117676.24,0.1,105908.62,27095.3
ORD-100409,2026-08-22,2026,Aug,8,CUST-0477,Sneha Kumar,P007,Wireless Mouse,Technology,Accessories,Corporate,South,Telangana,Hyderabad,3,1838.02,5514.06,0.1,4962.65,977.46
ORD-101311,2026-08-22,2026,Aug,8,CUST-0212,Ira Kumar,P001,Laptop Pro 14,Technology,Laptops,Consumer,West,Maharashtra,Mumbai,6,58607.19,351643.14,0.1,316478.83,62819.68
ORD-101491,2026-08-22,2026,Aug,8,CUST-0046,Rohan Sharma,P035,Fitness Band,Technology,Wearables,Corporate,East,Assam,Guwahati,4,4135.24,16540.96,0.1,14886.86,1659.91
ORD-101571,2026-08-22,2026,Aug,8,CUST-0363,Aditya Rao,P025,Desk Organizer,Office Supplies,Accessories,Consumer,South,Tamil Nadu,Chennai,2,879.29,1758.58,0.05,1670.65,536.61
ORD-101666,2026-08-22,2026,Aug,8,CUST-0371,Diya Sharma,P006,Mechanical Keyboard,Technology,Accessories,Consumer,North,Rajasthan,Jaipur,3,5122.26,15366.78,0.05,14598.44,2136.24
ORD-101817,2026-08-22,2026,Aug,8,CUST-0306,Rohan Sharma,P022,Printer Paper Pack,Office Supplies,Paper,Consumer,East,Assam,Guwahati,4,634.73,2538.92,0.05,2411.97,836.6
ORD-102401,2026-08-22,2026,Aug,8,CUST-0048,Karthik Rao,P037,Power Bank,Technology,Accessories,Consumer,North,Rajasthan,Jaipur,5,2004.47,10022.35,0.0,10022.35,1806.54
ORD-102873,2026-08-22,2026,Aug,8,CUST-0224,Arjun Iyer,P032,Air Purifier,Home Appliances,Air Care,Consumer,South,Karnataka,Bengaluru,1,16235.05,16235.05,0.05,15423.3,1843.79
ORD-100001,2026-08-23,2026,Aug,8,CUST-0219,Pooja Iyer,P032,Air Purifier,Home Appliances,Air Care,Consumer,North,Rajasthan,Jaipur,5,17103.43,85517.15,0.05,81241.29,11981.68
ORD-102181,2026-08-23,2026,Aug,8,CUST-0423,Aditya Rao,P036,Bluetooth Speaker,Technology,Audio,Small Business,South,Telangana,Hyderabad,1,5449.7,5449.7,0.05,5177.21,970.24
ORD-102952,2026-08-23,2026,Aug,8,CUST-0239,Pooja Iyer,P002,Business Laptop 15,Technology,Laptops,Consumer,South,Telangana,Hyderabad,4,51653.96,206615.84,0.0,206615.84,38804.52
ORD-100573,2026-08-24,2026,Aug,8,CUST-0051,Diya Sharma,P038,USB-C Hub,Technology,Accessories,Consumer,West,Maharashtra,Mumbai,5,2465.94,12329.7,0.0,12329.7,1279.11
ORD-101313,2026-08-24,2026,Aug,8,CUST-0119,Pooja Iyer,P005,Noise Cancelling Headphones,Technology,Accessories,Consumer,East,Assam,Guwahati,1,7516.22,7516.22,0.1,6764.6,1461.59
ORD-102046,2026-08-24,2026,Aug,8,CUST-0115,Priya Deshmukh,P034,Smart Watch,Technology,Wearables,Consumer,West,Maharashtra,Pune,1,13098.13,13098.13,0.1,11788.32,1365.86
ORD-102102,2026-08-24,2026,Aug,8,CUST-0049,Saanvi Iyer,P036,Bluetooth Speaker,Technology,Audio,Corporate,South,Telangana,Hyderabad,3,5552.22,16656.66,0.2,13325.33,2804.67
ORD-102434,2026-08-24,2026,Aug,8,CUST-0498,Nisha Rao,P034,Smart Watch,Technology,Wearables,Corporate,South,Telangana,Hyderabad,2,13110.25,26220.5,0.1,23598.45,5820.67
ORD-102750,2026-08-24,2026,Aug,8,CUST-0460,Anika Deshmukh,P026,Stapler Heavy Duty,Office Supplies,Accessories,Consumer,South,Karnataka,Bengaluru,2,716.09,1432.18,0.0,1432.18,495.4
ORD-100260,2026-08-25,2026,Aug,8,CUST-0393,Aadhya Rao,P024,Gel Pen Set,Office Supplies,Writing,Small Business,South,Tamil Nadu,Chennai,1,327.41,327.41,0.15,278.3,57.64
ORD-100844,2026-08-25,2026,Aug,8,CUST-0217,Sneha Kumar,P034,Smart Watch,Technology,Wearables,Consumer,South,Karnataka,Bengaluru,2,12058.5,24117.0,0.05,22911.15,4703.85
ORD-101814,2026-08-25,2026,Aug,8,CUST-0151,Diya Sharma,P006,Mechanical Keyboard,Technology,Accessories,Consumer,East,Odisha,Bhubaneswar,4,5141.57,20566.28,0.0,20566.28,2766.17
ORD-101972,2026-08-25,2026,Aug,8,CUST-0189,Saanvi Iyer,P019,Conference Table,Furniture,Tables,Corporate,East,Odisha,Bhubaneswar,5,39975.32,199876.6,0.1,179888.94,47309.85
ORD-102530,2026-08-25,2026,Aug,8,CUST-0276,Kavya Sharma,P026,Stapler Heavy Duty,Office Supplies,Accessories,Consumer,South,Telangana,Hyderabad,3,727.55,2182.65,0.05,2073.52,443.87
ORD-100448,2026-08-26,2026,Aug,8,CUST-0325,Ishaan Deshmukh,P030,Mixer Grinder,Home Appliances,Kitchen,Small Business,South,Telangana,Hyderabad,1,6481.9,6481.9,0.1,5833.71,1133.11
ORD-100726,2026-08-26,2026,Aug,8,CUST-0263,Aditya Rao,P040,Travel Backpack Pro,Office Supplies,Bags,Consumer,North,Delhi,Delhi,1,4713.81,4713.81,0.05,4478.12,1518.49
ORD-101860,2026-08-26,2026,Aug,8,CUST-0157,Sneha Kumar,P040,Travel Backpack Pro,Office Supplies,Bags,Consumer,North,Uttar Pradesh,Lucknow,1,5087.07,5087.07,0.1,4578.36,1006.64
ORD-100058,2026-08-27,2026,Aug,8,CUST-0079,Pooja Iyer,P020,Printer,Office Supplies,Machines,Consumer,South,Karnataka,Bengaluru,2,15746.05,31492.1,0.0,31492.1,7244.87
ORD-100323,2026-08-27,2026,Aug,8,CUST-0269,Saanvi Iyer,P023,Premium Notebook,Office Supplies,Paper,Consumer,East,West Bengal,Kolkata,2,470.14,940.28,0.05,893.27,175.33
ORD-101050,2026-08-27,2026,Aug,8,CUST-0010,Ananya Deshmukh,P014,Ergonomic Chair Pro,Furniture,Chairs,Small Business,North,Delhi,Delhi,1,18302.26,18302.26,0.1,16472.03,4349.88
ORD-101078,2026-08-27,2026,Aug,8,CUST-0119,Pooja Iyer,P029,Air Fryer,Home Appliances,Kitchen,Consumer,West,Maharashtra,Pune,3,9432.39,28297.17,0.0,28297.17,6586.21
ORD-101807,2026-08-27,2026,Aug,8,CUST-0483,Aditya Rao,P019,Conference Table,Furniture,Tables,Corporate,South,Tamil Nadu,Chennai,2,39692.16,79384.32,0.1,71445.89,15919.23
ORD-102490,2026-08-27,2026,Aug,8,CUST-0203,Aditya Rao,P031,Microwave Oven,Home Appliances,Kitchen,Corporate,East,Odisha,Bhubaneswar,2,13700.89,27401.78,0.1,24661.6,4622.75
ORD-102580,2026-08-27,2026,Aug,8,CUST-0372,Ira Kumar,P002,Business Laptop 15,Technology,Laptops,Small Business,North,Uttar Pradesh,Lucknow,3,53724.61,161173.83,0.05,153115.14,22454.89
ORD-102963,2026-08-27,2026,Aug,8,CUST-0433,Aadhya Rao,P024,Gel Pen Set,Office Supplies,Writing,Consumer,West,Gujarat,Ahmedabad,1,320.48,320.48,0.15,272.41,86.27
ORD-100225,2026-08-28,2026,Aug,8,CUST-0013,Aadhya Rao,P008,4K Monitor 27,Technology,Monitors,Corporate,East,Assam,Guwahati,2,26978.82,53957.64,0.1,48561.88,11157.82
ORD-100524,2026-08-28,2026,Aug,8,CUST-0496,Kavya Sharma,P013,Office Chair,Furniture,Chairs,Consumer,West,Maharashtra,Mumbai,2,11987.25,23974.5,0.05,22775.77,3255.45
ORD-101066,2026-08-28,2026,Aug,8,CUST-0167,Rahul Kumar,P023,Premium Notebook,Office Supplies,Paper,Corporate,East,Assam,Guwahati,2,453.49,906.98,0.05,861.63,155.26
ORD-101344,2026-08-28,2026,Aug,8,CUST-0221,Aarav Sharma,P001,Laptop Pro 14,Technology,Laptops,Consumer,East,Odisha,Bhubaneswar,6,62317.21,373903.26,0.05,355208.1,52164.25
ORD-101981,2026-08-28,2026,Aug,8,CUST-0499,Pooja Iyer,P014,Ergonomic Chair Pro,Furniture,Chairs,Small Business,North,Rajasthan,Jaipur,2,19331.39,38662.78,0.0,38662.78,5326.51
ORD-102034,2026-08-28,2026,Aug,8,CUST-0472,Ira Kumar,P016,Standing Desk,Furniture,Tables,Corporate,East,West Bengal,Kolkata,1,31837.22,31837.22,0.1,28653.5,7566.26
ORD-102063,2026-08-28,2026,Aug,8,CUST-0399,Pooja Iyer,P037,Power Bank,Technology,Accessories,Consumer,North,Delhi,Delhi,2,1995.59,3991.18,0.05,3791.62,946.85
ORD-100515,2026-08-29,2026,Aug,8,CUST-0311,Diya Sharma,P012,Smartphone Plus,Technology,Phones,Consumer,South,Telangana,Hyderabad,1,45945.7,45945.7,0.1,41351.13,8507.21
ORD-101913,2026-08-29,2026,Aug,8,CUST-0277,Sneha Kumar,P017,Bookshelf,Furniture,Storage,Consumer,East,West Bengal,Kolkata,1,9966.21,9966.21,0.05,9467.9,1753.24
ORD-102899,2026-08-29,2026,Aug,8,CUST-0032,Ira Kumar,P001,Laptop Pro 14,Technology,Laptops,Corporate,North,Delhi,Delhi,2,62133.96,124267.92,0.1,111841.13,20021.87
ORD-102939,2026-08-29,2026,Aug,8,CUST-0236,Kavya Sharma,P033,Robot Vacuum,Home Appliances,Cleaning,Small Business,North,Rajasthan,Jaipur,4,29260.13,117040.52,0.0,117040.52,25542.69
ORD-100048,2026-08-30,2026,Aug,8,CUST-0017,Sneha Kumar,P001,Laptop Pro 14,Technology,Laptops,Consumer,North,Uttar Pradesh,Lucknow,4,60477.47,241909.88,0.05,229814.39,38228.96
ORD-100330,2026-08-30,2026,Aug,8,CUST-0029,Saanvi Iyer,P025,Desk Organizer,Office Supplies,Accessories,Consumer,North,Delhi,Delhi,2,811.18,1622.36,0.0,1622.36,359.99
ORD-100904,2026-08-30,2026,Aug,8,CUST-0053,Aadhya Rao,P020,Printer,Office Supplies,Machines,Consumer,South,Karnataka,Bengaluru,3,15886.38,47659.14,0.0,47659.14,16892.1
ORD-101870,2026-08-30,2026,Aug,8,CUST-0121,Aarav Sharma,P004,Wireless Headphones,Technology,Accessories,Consumer,South,Karnataka,Bengaluru,1,4637.04,4637.04,0.05,4405.19,729.24
ORD-102073,2026-08-30,2026,Aug,8,CUST-0039,Pooja Iyer,P008,4K Monitor 27,Technology,Monitors,Consumer,West,Gujarat,Ahmedabad,4,28927.71,115710.84,0.0,115710.84,16549.22
ORD-102421,2026-08-30,2026,Aug,8,CUST-0467,Rahul Kumar,P004,Wireless Headphones,Technology,Accessories,Consumer,North,Delhi,Delhi,2,4450.48,8900.96,0.0,8900.96,978.23
ORD-102650,2026-08-30,2026,Aug,8,CUST-0452,Ira Kumar,P013,Office Chair,Furniture,Chairs,Consumer,East,Assam,Guwahati,2,12110.98,24221.96,0.1,21799.76,3383.17
ORD-100488,2026-08-31,2026,Aug,8,CUST-0394,Meera Iyer,P030,Mixer Grinder,Home Appliances,Kitchen,Consumer,North,Delhi,Delhi,2,6430.67,12861.34,0.0,12861.34,2133.74
ORD-100838,2026-08-31,2026,Aug,8,CUST-0441,Aarav Sharma,P023,Premium Notebook,Office Supplies,Paper,Consumer,West,Gujarat,Ahmedabad,2,469.72,939.44,0.0,939.44,270.15
ORD-101117,2026-08-31,2026,Aug,8,CUST-0343,Aditya Rao,P020,Printer,Office Supplies,Machines,Consumer,West,Maharashtra,Pune,1,17148.88,17148.88,0.1,15433.99,5158.47
ORD-101165,2026-08-31,2026,Aug,8,CUST-0052,Ira Kumar,P039,Backpack,Office Supplies,Bags,Corporate,North,Delhi,Delhi,3,2115.42,6346.26,0.1,5711.63,1848.59
ORD-100961,2026-09-01,2026,Sep,9,CUST-0285,Ishaan Deshmukh,P012,Smartphone Plus,Technology,Phones,Small Business,West,Gujarat,Ahmedabad,2,50806.26,101612.52,0.1,91451.27,11846.89
ORD-102628,2026-09-01,2026,Sep,9,CUST-0356,Kavya Sharma,P009,UltraWide Monitor 34,Technology,Monitors,Corporate,South,Tamil Nadu,Chennai,3,41354.31,124062.93,0.05,117859.78,25127.44
ORD-100946,2026-09-02,2026,Sep,9,CUST-0422,Vivaan Kumar,P012,Smartphone Plus,Technology,Phones,Consumer,East,Odisha,Bhubaneswar,3,45871.49,137614.47,0.05,130733.75,19140.92
ORD-102790,2026-09-02,2026,Sep,9,CUST-0012,Ira Kumar,P035,Fitness Band,Technology,Wearables,Corporate,West,Maharashtra,Pune,2,4212.25,8424.5,0.05,8003.27,1678.13
ORD-100980,2026-09-03,2026,Sep,9,CUST-0103,Aditya Rao,P005,Noise Cancelling Headphones,Technology,Accessories,Corporate,South,Telangana,Hyderabad,3,6879.06,20637.18,0.0,20637.18,2757.85
ORD-101269,2026-09-03,2026,Sep,9,CUST-0460,Anika Deshmukh,P004,Wireless Headphones,Technology,Accessories,Consumer,South,Karnataka,Bengaluru,1,4241.09,4241.09,0.05,4029.04,789.44
ORD-101634,2026-09-03,2026,Sep,9,CUST-0055,Priya Deshmukh,P013,Office Chair,Furniture,Chairs,Corporate,East,Assam,Guwahati,4,12081.72,48326.88,0.1,43494.19,9780.43
ORD-102893,2026-09-03,2026,Sep,9,CUST-0272,Ira Kumar,P032,Air Purifier,Home Appliances,Air Care,Consumer,East,Assam,Guwahati,5,16732.35,83661.75,0.0,83661.75,10382.69
ORD-100088,2026-09-04,2026,Sep,9,CUST-0281,Aarav Sharma,P036,Bluetooth Speaker,Technology,Audio,Corporate,West,Maharashtra,Mumbai,4,5660.98,22643.92,0.1,20379.53,2953.15
ORD-100884,2026-09-04,2026,Sep,9,CUST-0413,Aadhya Rao,P010,Tablet Air 11,Technology,Tablets,Corporate,East,Odisha,Bhubaneswar,4,35900.62,143602.48,0.05,136422.36,30929.02
ORD-101060,2026-09-04,2026,Sep,9,CUST-0200,Anika Deshmukh,P030,Mixer Grinder,Home Appliances,Kitchen,Consumer,East,Assam,Guwahati,6,7164.87,42989.22,0.05,40839.76,9043.82
ORD-101806,2026-09-04,2026,Sep,9,CUST-0497,Sneha Kumar,P011,Smartphone Pro,Technology,Phones,Consumer,East,Odisha,Bhubaneswar,1,73376.7,73376.7,0.05,69707.86,12434.2
ORD-102371,2026-09-04,2026,Sep,9,CUST-0290,Ananya Deshmukh,P024,Gel Pen Set,Office Supplies,Writing,Consumer,West,Maharashtra,Mumbai,2,326.35,652.7,0.0,652.7,165.16
ORD-100410,2026-09-05,2026,Sep,9,CUST-0220,Anika Deshmukh,P038,USB-C Hub,Technology,Accessories,Consumer,South,Tamil Nadu,Chennai,1,2665.88,2665.88,0.05,2532.59,424.7
ORD-102304,2026-09-05,2026,Sep,9,CUST-0453,Aadhya Rao,P020,Printer,Office Supplies,Machines,Small Business,East,Odisha,Bhubaneswar,4,15930.77,63723.08,0.05,60536.93,21442.7
ORD-102325,2026-09-05,2026,Sep,9,CUST-0482,Vivaan Kumar,P012,Smartphone Plus,Technology,Phones,Corporate,South,Karnataka,Bengaluru,2,48894.88,97789.76,0.15,83121.3,16029.98
ORD-102732,2026-09-05,2026,Sep,9,CUST-0440,Anika Deshmukh,P019,Conference Table,Furniture,Tables,Corporate,South,Tamil Nadu,Chennai,5,39500.99,197504.95,0.1,177754.46,49602.56
ORD-102016,2026-09-06,2026,Sep,9,CUST-0465,Ishaan Deshmukh,P023,Premium Notebook,Office Supplies,Paper,Corporate,South,Tamil Nadu,Chennai,2,442.1,884.2,0.1,795.78,164.31
ORD-102313,2026-09-06,2026,Sep,9,CUST-0451,Diya Sharma,P019,Conference Table,Furniture,Tables,Corporate,East,Odisha,Bhubaneswar,1,39716.84,39716.84,0.15,33759.31,7755.67
ORD-102360,2026-09-06,2026,Sep,9,CUST-0221,Aarav Sharma,P038,USB-C Hub,Technology,Accessories,Small Business,South,Karnataka,Bengaluru,1,2657.1,2657.1,0.05,2524.24,457.32
ORD-102834,2026-09-06,2026,Sep,9,CUST-0135,Priya Deshmukh,P021,Laser Printer Pro,Office Supplies,Machines,Small Business,West,Maharashtra,Mumbai,2,26812.5,53625.0,0.0,53625.0,15759.03
ORD-101007,2026-09-07,2026,Sep,9,CUST-0189,Saanvi Iyer,P006,Mechanical Keyboard,Technology,Accessories,Corporate,North,Rajasthan,Jaipur,2,5119.58,10239.16,0.15,8703.29,1942.39
ORD-101020,2026-09-07,2026,Sep,9,CUST-0263,Aditya Rao,P001,Laptop Pro 14,Technology,Laptops,Small Business,East,Odisha,Bhubaneswar,2,63288.76,126577.52,0.05,120248.64,18673.83
ORD-101219,2026-09-07,2026,Sep,9,CUST-0499,Pooja Iyer,P019,Conference Table,Furniture,Tables,Corporate,South,Telangana,Hyderabad,1,41632.19,41632.19,0.05,39550.58,7283.17
ORD-101458,2026-09-07,2026,Sep,9,CUST-0413,Aadhya Rao,P016,Standing Desk,Furniture,Tables,Corporate,North,Rajasthan,Jaipur,5,32535.8,162679.0,0.1,146411.1,31813.63
ORD-102382,2026-09-07,2026,Sep,9,CUST-0089,Saanvi Iyer,P017,Bookshelf,Furniture,Storage,Corporate,East,West Bengal,Kolkata,2,10350.8,20701.6,0.05,19666.52,4792.54
ORD-102979,2026-09-07,2026,Sep,9,CUST-0320,Anika Deshmukh,P016,Standing Desk,Furniture,Tables,Consumer,South,Telangana,Hyderabad,3,30620.16,91860.48,0.0,91860.48,17950.74
ORD-101466,2026-09-08,2026,Sep,9,CUST-0177,Sneha Kumar,P038,USB-C Hub,Technology,Accessories,Consumer,West,Gujarat,Ahmedabad,1,2754.46,2754.46,0.05,2616.74,600.48
ORD-102305,2026-09-08,2026,Sep,9,CUST-0010,Ananya Deshmukh,P028,Coffee Maker,Home Appliances,Kitchen,Consumer,East,Assam,Guwahati,1,8547.95,8547.95,0.1,7693.16,1352.82
ORD-102446,2026-09-08,2026,Sep,9,CUST-0465,Ishaan Deshmukh,P036,Bluetooth Speaker,Technology,Audio,Consumer,East,Assam,Guwahati,1,5473.87,5473.87,0.05,5200.18,989.28
ORD-102752,2026-09-08,2026,Sep,9,CUST-0431,Diya Sharma,P021,Laser Printer Pro,Office Supplies,Machines,Corporate,South,Telangana,Hyderabad,6,28992.95,173957.7,0.1,156561.93,36645.62
ORD-101770,2026-09-09,2026,Sep,9,CUST-0301,Aarav Sharma,P012,Smartphone Plus,Technology,Phones,Corporate,South,Karnataka,Bengaluru,3,45196.57,135589.71,0.15,115251.25,14550.81
ORD-102228,2026-09-09,2026,Sep,9,CUST-0318,Nisha Rao,P003,Gaming Laptop X,Technology,Laptops,Corporate,North,Rajasthan,Jaipur,1,92744.62,92744.62,0.1,83470.16,15304.0
ORD-102592,2026-09-09,2026,Sep,9,CUST-0210,Ananya Deshmukh,P009,UltraWide Monitor 34,Technology,Monitors,Small Business,South,Telangana,Hyderabad,3,42005.12,126015.36,0.05,119714.59,20493.77
ORD-102995,2026-09-09,2026,Sep,9,CUST-0383,Aditya Rao,P017,Bookshelf,Furniture,Storage,Corporate,East,West Bengal,Kolkata,2,9839.43,19678.86,0.05,18694.92,2506.11
ORD-100053,2026-09-10,2026,Sep,9,CUST-0464,Arjun Iyer,P031,Microwave Oven,Home Appliances,Kitchen,Small Business,East,Odisha,Bhubaneswar,1,13981.1,13981.1,0.0,13981.1,2454.93
ORD-100313,2026-09-10,2026,Sep,9,CUST-0424,Arjun Iyer,P009,UltraWide Monitor 34,Technology,Monitors,Consumer,West,Gujarat,Ahmedabad,1,43321.75,43321.75,0.15,36823.49,3930.25
ORD-100897,2026-09-10,2026,Sep,9,CUST-0022,Vivaan Kumar,P023,Premium Notebook,Office Supplies,Paper,Corporate,North,Rajasthan,Jaipur,2,457.72,915.44,0.15,778.12,206.71
ORD-100913,2026-09-10,2026,Sep,9,CUST-0032,Ira Kumar,P025,Desk Organizer,Office Supplies,Accessories,Corporate,West,Gujarat,Ahmedabad,6,896.62,5379.72,0.1,4841.75,1101.88
ORD-101768,2026-09-10,2026,Sep,9,CUST-0134,Meera Iyer,P001,Laptop Pro 14,Technology,Laptops,Consumer,South,Tamil Nadu,Chennai,2,59976.71,119953.42,0.05,113955.75,22642.05
ORD-102841,2026-09-10,2026,Sep,9,CUST-0425,Ishaan Deshmukh,P008,4K Monitor 27,Technology,Monitors,Corporate,East,Assam,Guwahati,5,28476.55,142382.75,0.1,128144.48,30628.83
ORD-100078,2026-09-11,2026,Sep,9,CUST-0003,Aditya Rao,P002,Business Laptop 15,Technology,Laptops,Corporate,South,Karnataka,Bengaluru,2,57146.3,114292.6,0.1,102863.34,25375.11
ORD-101385,2026-09-11,2026,Sep,9,CUST-0086,Rohan Sharma,P007,Wireless Mouse,Technology,Accessories,Consumer,South,Telangana,Hyderabad,3,1796.91,5390.73,0.0,5390.73,1173.62
ORD-101809,2026-09-11,2026,Sep,9,CUST-0309,Saanvi Iyer,P002,Business Laptop 15,Technology,Laptops,Consumer,East,Assam,Guwahati,1,55004.15,55004.15,0.0,55004.15,13495.92
ORD-101915,2026-09-11,2026,Sep,9,CUST-0110,Ananya Deshmukh,P025,Desk Organizer,Office Supplies,Accessories,Consumer,North,Uttar Pradesh,Lucknow,4,811.84,3247.36,0.0,3247.36,1109.46
ORD-102317,2026-09-11,2026,Sep,9,CUST-0369,Saanvi Iyer,P039,Backpack,Office Supplies,Bags,Consumer,North,Delhi,Delhi,3,2183.7,6551.1,0.0,6551.1,2100.43
ORD-102870,2026-09-11,2026,Sep,9,CUST-0481,Aarav Sharma,P024,Gel Pen Set,Office Supplies,Writing,Consumer,North,Uttar Pradesh,Lucknow,4,304.84,1219.36,0.05,1158.39,362.57
ORD-100272,2026-09-12,2026,Sep,9,CUST-0207,Rahul Kumar,P015,Executive Desk,Furniture,Tables,Corporate,East,Odisha,Bhubaneswar,8,23097.07,184776.56,0.05,175537.73,21937.15
ORD-100972,2026-09-12,2026,Sep,9,CUST-0484,Arjun Iyer,P029,Air Fryer,Home Appliances,Kitchen,Consumer,East,Assam,Guwahati,8,9121.35,72970.8,0.0,72970.8,12071.26
ORD-101105,2026-09-12,2026,Sep,9,CUST-0019,Pooja Iyer,P021,Laser Printer Pro,Office Supplies,Machines,Small Business,East,Assam,Guwahati,5,27522.52,137612.6,0.1,123851.34,34956.26
ORD-101375,2026-09-12,2026,Sep,9,CUST-0419,Pooja Iyer,P021,Laser Printer Pro,Office Supplies,Machines,Consumer,South,Telangana,Hyderabad,4,27692.93,110771.72,0.05,105233.13,29552.77
ORD-102288,2026-09-12,2026,Sep,9,CUST-0440,Anika Deshmukh,P006,Mechanical Keyboard,Technology,Accessories,Small Business,West,Maharashtra,Mumbai,3,5040.78,15122.34,0.05,14366.22,3390.47
ORD-102681,2026-09-12,2026,Sep,9,CUST-0136,Kavya Sharma,P001,Laptop Pro 14,Technology,Laptops,Corporate,East,West Bengal,Kolkata,1,63759.37,63759.37,0.1,57383.43,9864.4
ORD-102993,2026-09-12,2026,Sep,9,CUST-0450,Ananya Deshmukh,P015,Executive Desk,Furniture,Tables,Small Business,East,West Bengal,Kolkata,3,23211.07,69633.21,0.0,69633.21,14939.13
ORD-100025,2026-09-13,2026,Sep,9,CUST-0151,Diya Sharma,P019,Conference Table,Furniture,Tables,Small Business,North,Delhi,Delhi,2,44141.03,88282.06,0.0,88282.06,18436.09
ORD-100846,2026-09-13,2026,Sep,9,CUST-0127,Rahul Kumar,P019,Conference Table,Furniture,Tables,Corporate,West,Maharashtra,Mumbai,5,42799.2,213996.0,0.15,181896.6,26872.0
ORD-101408,2026-09-13,2026,Sep,9,CUST-0494,Meera Iyer,P032,Air Purifier,Home Appliances,Air Care,Consumer,West,Gujarat,Ahmedabad,1,16445.55,16445.55,0.0,16445.55,3728.57
ORD-101665,2026-09-13,2026,Sep,9,CUST-0201,Aarav Sharma,P022,Printer Paper Pack,Office Supplies,Paper,Consumer,North,Delhi,Delhi,3,622.9,1868.7,0.1,1681.83,306.16
ORD-102437,2026-09-13,2026,Sep,9,CUST-0139,Pooja Iyer,P013,Office Chair,Furniture,Chairs,Consumer,South,Tamil Nadu,Chennai,1,12788.68,12788.68,0.0,12788.68,3521.05
ORD-102527,2026-09-13,2026,Sep,9,CUST-0238,Nisha Rao,P003,Gaming Laptop X,Technology,Laptops,Corporate,East,West Bengal,Kolkata,1,88489.33,88489.33,0.1,79640.4,15165.55
ORD-102541,2026-09-13,2026,Sep,9,CUST-0423,Aditya Rao,P021,Laser Printer Pro,Office Supplies,Machines,Corporate,East,Odisha,Bhubaneswar,1,28452.33,28452.33,0.1,25607.1,6851.63
ORD-102716,2026-09-13,2026,Sep,9,CUST-0029,Saanvi Iyer,P012,Smartphone Plus,Technology,Phones,Small Business,South,Tamil Nadu,Chennai,3,49199.29,147597.87,0.1,132838.08,21100.43
ORD-101897,2026-09-14,2026,Sep,9,CUST-0271,Diya Sharma,P024,Gel Pen Set,Office Supplies,Writing,Consumer,West,Gujarat,Ahmedabad,3,324.63,973.89,0.1,876.5,291.04
ORD-102658,2026-09-14,2026,Sep,9,CUST-0470,Ananya Deshmukh,P008,4K Monitor 27,Technology,Monitors,Small Business,North,Uttar Pradesh,Lucknow,5,29886.1,149430.5,0.1,134487.45,16775.4
ORD-100693,2026-09-15,2026,Sep,9,CUST-0401,Aarav Sharma,P036,Bluetooth Speaker,Technology,Audio,Consumer,South,Tamil Nadu,Chennai,4,5685.29,22741.16,0.0,22741.16,2641.46
ORD-102139,2026-09-15,2026,Sep,9,CUST-0243,Aditya Rao,P003,Gaming Laptop X,Technology,Laptops,Consumer,East,West Bengal,Kolkata,1,84919.72,84919.72,0.1,76427.75,15621.85
ORD-101290,2026-09-16,2026,Sep,9,CUST-0350,Ananya Deshmukh,P024,Gel Pen Set,Office Supplies,Writing,Corporate,East,West Bengal,Kolkata,2,333.8,667.6,0.15,567.46,102.32
ORD-102358,2026-09-16,2026,Sep,9,CUST-0430,Ananya Deshmukh,P014,Ergonomic Chair Pro,Furniture,Chairs,Corporate,South,Tamil Nadu,Chennai,1,18944.92,18944.92,0.05,17997.67,2942.51
ORD-102642,2026-09-16,2026,Sep,9,CUST-0150,Ananya Deshmukh,P028,Coffee Maker,Home Appliances,Kitchen,Corporate,North,Uttar Pradesh,Lucknow,5,8389.85,41949.25,0.15,35656.86,4772.46
ORD-102788,2026-09-16,2026,Sep,9,CUST-0337,Sneha Kumar,P035,Fitness Band,Technology,Wearables,Corporate,East,West Bengal,Kolkata,2,4329.69,8659.38,0.05,8226.41,889.31
ORD-100890,2026-09-17,2026,Sep,9,CUST-0292,Ira Kumar,P006,Mechanical Keyboard,Technology,Accessories,Consumer,North,Rajasthan,Jaipur,5,5082.31,25411.55,0.05,24140.97,4683.73
ORD-101864,2026-09-17,2026,Sep,9,CUST-0366,Rohan Sharma,P031,Microwave Oven,Home Appliances,Kitchen,Consumer,East,Assam,Guwahati,2,14137.28,28274.56,0.05,26860.83,5820.07
ORD-102306,2026-09-17,2026,Sep,9,CUST-0407,Rahul Kumar,P005,Noise Cancelling Headphones,Technology,Accessories,Consumer,South,Telangana,Hyderabad,2,6957.8,13915.6,0.1,12524.04,1302.9
ORD-102321,2026-09-17,2026,Sep,9,CUST-0028,Karthik Rao,P009,UltraWide Monitor 34,Technology,Monitors,Corporate,North,Rajasthan,Jaipur,4,41547.87,166191.48,0.1,149572.33,21431.13
ORD-102425,2026-09-17,2026,Sep,9,CUST-0336,Kavya Sharma,P031,Microwave Oven,Home Appliances,Kitchen,Small Business,North,Uttar Pradesh,Lucknow,2,15013.31,30026.62,0.0,30026.62,4710.44
ORD-102558,2026-09-17,2026,Sep,9,CUST-0352,Ira Kumar,P013,Office Chair,Furniture,Chairs,Consumer,East,Assam,Guwahati,1,12269.52,12269.52,0.05,11656.04,1968.25
ORD-102625,2026-09-17,2026,Sep,9,CUST-0228,Karthik Rao,P032,Air Purifier,Home Appliances,Air Care,Consumer,West,Gujarat,Ahmedabad,1,16643.29,16643.29,0.05,15811.13,2393.76
ORD-100377,2026-09-18,2026,Sep,9,CUST-0208,Karthik Rao,P021,Laser Printer Pro,Office Supplies,Machines,Consumer,South,Tamil Nadu,Chennai,2,27213.59,54427.18,0.05,51705.82,14490.46
ORD-101150,2026-09-18,2026,Sep,9,CUST-0019,Pooja Iyer,P017,Bookshelf,Furniture,Storage,Consumer,North,Delhi,Delhi,1,10378.74,10378.74,0.1,9340.87,1234.34
ORD-101813,2026-09-18,2026,Sep,9,CUST-0083,Aditya Rao,P033,Robot Vacuum,Home Appliances,Cleaning,Consumer,West,Maharashtra,Mumbai,4,27525.35,110101.4,0.0,110101.4,15841.37
ORD-100005,2026-09-19,2026,Sep,9,CUST-0108,Karthik Rao,P016,Standing Desk,Furniture,Tables,Consumer,East,Assam,Guwahati,1,30186.75,30186.75,0.0,30186.75,6819.39
ORD-100935,2026-09-19,2026,Sep,9,CUST-0482,Vivaan Kumar,P015,Executive Desk,Furniture,Tables,Corporate,West,Maharashtra,Mumbai,2,25381.43,50762.86,0.05,48224.72,8635.25
ORD-101101,2026-09-19,2026,Sep,9,CUST-0372,Ira Kumar,P038,USB-C Hub,Technology,Accessories,Consumer,South,Karnataka,Bengaluru,3,2573.5,7720.5,0.05,7334.47,1038.98
ORD-101946,2026-09-19,2026,Sep,9,CUST-0080,Anika Deshmukh,P019,Conference Table,Furniture,Tables,Consumer,North,Uttar Pradesh,Lucknow,1,43704.97,43704.97,0.1,39334.47,5743.08
ORD-100108,2026-09-20,2026,Sep,9,CUST-0215,Priya Deshmukh,P004,Wireless Headphones,Technology,Accessories,Small Business,West,Maharashtra,Pune,2,4598.59,9197.18,0.0,9197.18,2246.25
ORD-100758,2026-09-20,2026,Sep,9,CUST-0065,Ishaan Deshmukh,P004,Wireless Headphones,Technology,Accessories,Corporate,South,Karnataka,Bengaluru,1,4267.02,4267.02,0.15,3626.97,798.18
ORD-100927,2026-09-20,2026,Sep,9,CUST-0315,Priya Deshmukh,P023,Premium Notebook,Office Supplies,Paper,Consumer,East,West Bengal,Kolkata,1,429.91,429.91,0.0,429.91,147.57
ORD-101611,2026-09-20,2026,Sep,9,CUST-0154,Meera Iyer,P015,Executive Desk,Furniture,Tables,Consumer,West,Maharashtra,Mumbai,2,23687.01,47374.02,0.1,42636.62,6475.48
ORD-102546,2026-09-20,2026,Sep,9,CUST-0317,Sneha Kumar,P027,Whiteboard,Office Supplies,Presentation,Consumer,West,Maharashtra,Mumbai,5,4942.52,24712.6,0.05,23476.97,5278.35
ORD-100246,2026-09-21,2026,Sep,9,CUST-0319,Pooja Iyer,P022,Printer Paper Pack,Office Supplies,Paper,Corporate,North,Delhi,Delhi,3,642.85,1928.55,0.15,1639.27,393.49
ORD-100454,2026-09-21,2026,Sep,9,CUST-0221,Aarav Sharma,P023,Premium Notebook,Office Supplies,Paper,Consumer,South,Telangana,Hyderabad,1,425.18,425.18,0.05,403.92,136.61
ORD-100549,2026-09-21,2026,Sep,9,CUST-0125,Ishaan Deshmukh,P021,Laser Printer Pro,Office Supplies,Machines,Consumer,West,Maharashtra,Mumbai,3,26811.63,80434.89,0.1,72391.4,13956.75
ORD-100699,2026-09-21,2026,Sep,9,CUST-0379,Pooja Iyer,P023,Premium Notebook,Office Supplies,Paper,Consumer,East,Assam,Guwahati,4,474.71,1898.84,0.05,1803.9,644.91
ORD-100749,2026-09-21,2026,Sep,9,CUST-0442,Vivaan Kumar,P017,Bookshelf,Furniture,Storage,Consumer,North,Uttar Pradesh,Lucknow,2,9450.63,18901.26,0.1,17011.13,4217.31
ORD-101326,2026-09-21,2026,Sep,9,CUST-0033,Aadhya Rao,P005,Noise Cancelling Headphones,Technology,Accessories,Consumer,South,Karnataka,Bengaluru,1,7619.95,7619.95,0.05,7238.95,1383.64
ORD-100610,2026-09-22,2026,Sep,9,CUST-0359,Pooja Iyer,P040,Travel Backpack Pro,Office Supplies,Bags,Small Business,South,Karnataka,Bengaluru,2,4900.9,9801.8,0.05,9311.71,2217.71
ORD-101215,2026-09-22,2026,Sep,9,CUST-0360,Anika Deshmukh,P009,UltraWide Monitor 34,Technology,Monitors,Consumer,West,Maharashtra,Mumbai,1,41221.73,41221.73,0.05,39160.64,6982.96
ORD-101673,2026-09-22,2026,Sep,9,CUST-0080,Anika Deshmukh,P007,Wireless Mouse,Technology,Accessories,Corporate,South,Karnataka,Bengaluru,3,1763.13,5289.39,0.0,5289.39,902.05
ORD-102192,2026-09-22,2026,Sep,9,CUST-0095,Priya Deshmukh,P020,Printer,Office Supplies,Machines,Corporate,East,Assam,Guwahati,4,16458.05,65832.2,0.15,55957.37,13745.65
ORD-102301,2026-09-22,2026,Sep,9,CUST-0314,Meera Iyer,P007,Wireless Mouse,Technology,Accessories,Consumer,North,Delhi,Delhi,1,1895.97,1895.97,0.05,1801.17,287.81
ORD-102518,2026-09-22,2026,Sep,9,CUST-0365,Ishaan Deshmukh,P017,Bookshelf,Furniture,Storage,Small Business,South,Telangana,Hyderabad,1,10277.76,10277.76,0.05,9763.87,1467.09
ORD-102827,2026-09-22,2026,Sep,9,CUST-0261,Aarav Sharma,P014,Ergonomic Chair Pro,Furniture,Chairs,Consumer,South,Karnataka,Bengaluru,8,17540.16,140321.28,0.05,133305.22,20126.9
ORD-101904,2026-09-23,2026,Sep,9,CUST-0103,Aditya Rao,P039,Backpack,Office Supplies,Bags,Consumer,West,Gujarat,Ahmedabad,3,2258.08,6774.24,0.05,6435.53,1772.2
ORD-102418,2026-09-23,2026,Sep,9,CUST-0249,Saanvi Iyer,P031,Microwave Oven,Home Appliances,Kitchen,Corporate,East,West Bengal,Kolkata,4,15247.26,60989.04,0.15,51840.68,8258.19
ORD-100297,2026-09-24,2026,Sep,9,CUST-0350,Ananya Deshmukh,P040,Travel Backpack Pro,Office Supplies,Bags,Consumer,East,West Bengal,Kolkata,3,4584.9,13754.7,0.1,12379.23,3359.5
ORD-100361,2026-09-24,2026,Sep,9,CUST-0047,Rahul Kumar,P033,Robot Vacuum,Home Appliances,Cleaning,Corporate,North,Delhi,Delhi,2,29467.04,58934.08,0.05,55987.38,7517.21
ORD-100602,2026-09-24,2026,Sep,9,CUST-0064,Arjun Iyer,P011,Smartphone Pro,Technology,Phones,Consumer,North,Uttar Pradesh,Lucknow,3,67694.09,203082.27,0.05,192928.16,26538.52
ORD-100697,2026-09-24,2026,Sep,9,CUST-0326,Rohan Sharma,P023,Premium Notebook,Office Supplies,Paper,Small Business,West,Maharashtra,Pune,2,425.69,851.38,0.05,808.81,272.22
ORD-101414,2026-09-24,2026,Sep,9,CUST-0422,Vivaan Kumar,P012,Smartphone Plus,Technology,Phones,Corporate,North,Delhi,Delhi,5,49648.06,248240.3,0.2,198592.24,38830.41
ORD-101786,2026-09-24,2026,Sep,9,CUST-0109,Saanvi Iyer,P039,Backpack,Office Supplies,Bags,Small Business,South,Tamil Nadu,Chennai,2,2159.92,4319.84,0.1,3887.86,1279.91
ORD-101957,2026-09-24,2026,Sep,9,CUST-0090,Ananya Deshmukh,P023,Premium Notebook,Office Supplies,Paper,Consumer,West,Maharashtra,Mumbai,3,425.46,1276.38,0.05,1212.56,380.11
ORD-102100,2026-09-24,2026,Sep,9,CUST-0302,Vivaan Kumar,P019,Conference Table,Furniture,Tables,Consumer,South,Tamil Nadu,Chennai,10,41153.86,411538.6,0.05,390961.67,96006.31
ORD-100555,2026-09-25,2026,Sep,9,CUST-0260,Anika Deshmukh,P005,Noise Cancelling Headphones,Technology,Accessories,Consumer,South,Karnataka,Bengaluru,1,6945.16,6945.16,0.1,6250.64,724.28
ORD-101762,2026-09-25,2026,Sep,9,CUST-0254,Meera Iyer,P006,Mechanical Keyboard,Technology,Accessories,Corporate,East,Odisha,Bhubaneswar,1,5141.73,5141.73,0.05,4884.64,1004.29
ORD-102793,2026-09-25,2026,Sep,9,CUST-0499,Pooja Iyer,P030,Mixer Grinder,Home Appliances,Kitchen,Corporate,North,Uttar Pradesh,Lucknow,2,6916.92,13833.84,0.15,11758.76,1641.28
ORD-100020,2026-09-26,2026,Sep,9,CUST-0235,Priya Deshmukh,P031,Microwave Oven,Home Appliances,Kitchen,Corporate,West,Maharashtra,Mumbai,2,13794.37,27588.74,0.15,23450.43,3379.67
ORD-100689,2026-09-26,2026,Sep,9,CUST-0129,Saanvi Iyer,P007,Wireless Mouse,Technology,Accessories,Consumer,East,Odisha,Bhubaneswar,1,1696.26,1696.26,0.0,1696.26,406.22
ORD-100751,2026-09-26,2026,Sep,9,CUST-0349,Saanvi Iyer,P010,Tablet Air 11,Technology,Tablets,Corporate,North,Rajasthan,Jaipur,5,36497.62,182488.1,0.15,155114.89,23926.89
ORD-100940,2026-09-26,2026,Sep,9,CUST-0441,Aarav Sharma,P024,Gel Pen Set,Office Supplies,Writing,Corporate,South,Tamil Nadu,Chennai,4,311.23,1244.92,0.05,1182.67,282.73
ORD-101294,2026-09-26,2026,Sep,9,CUST-0169,Saanvi Iyer,P025,Desk Organizer,Office Supplies,Accessories,Corporate,North,Rajasthan,Jaipur,2,857.77,1715.54,0.1,1543.99,501.22
ORD-101418,2026-09-26,2026,Sep,9,CUST-0058,Nisha Rao,P004,Wireless Headphones,Technology,Accessories,Consumer,South,Tamil Nadu,Chennai,4,4388.13,17552.52,0.1,15797.27,3828.14
ORD-101562,2026-09-26,2026,Sep,9,CUST-0300,Anika Deshmukh,P030,Mixer Grinder,Home Appliances,Kitchen,Small Business,West,Maharashtra,Mumbai,1,6899.32,6899.32,0.1,6209.39,1222.9
ORD-101804,2026-09-26,2026,Sep,9,CUST-0249,Saanvi Iyer,P025,Desk Organizer,Office Supplies,Accessories,Corporate,West,Maharashtra,Pune,2,813.62,1627.24,0.1,1464.52,493.23
ORD-101812,2026-09-26,2026,Sep,9,CUST-0130,Ananya Deshmukh,P002,Business Laptop 15,Technology,Laptops,Corporate,East,Assam,Guwahati,4,52742.49,210969.96,0.15,179324.47,30224.95
ORD-101204,2026-09-27,2026,Sep,9,CUST-0091,Diya Sharma,P007,Wireless Mouse,Technology,Accessories,Corporate,East,West Bengal,Kolkata,2,1820.77,3641.54,0.1,3277.39,498.36
ORD-101271,2026-09-27,2026,Sep,9,CUST-0279,Pooja Iyer,P010,Tablet Air 11,Technology,Tablets,Consumer,North,Uttar Pradesh,Lucknow,3,34360.18,103080.54,0.05,97926.51,15928.62
ORD-102302,2026-09-27,2026,Sep,9,CUST-0130,Ananya Deshmukh,P001,Laptop Pro 14,Technology,Laptops,Consumer,West,Maharashtra,Mumbai,2,62151.25,124302.5,0.05,118087.38,27379.2
ORD-102594,2026-09-27,2026,Sep,9,CUST-0274,Meera Iyer,P036,Bluetooth Speaker,Technology,Audio,Consumer,South,Karnataka,Bengaluru,4,5465.28,21861.12,0.05,20768.06,5082.01
ORD-102649,2026-09-27,2026,Sep,9,CUST-0160,Anika Deshmukh,P015,Executive Desk,Furniture,Tables,Consumer,North,Uttar Pradesh,Lucknow,3,25414.71,76244.13,0.05,72431.92,11112.92
ORD-100237,2026-09-28,2026,Sep,9,CUST-0112,Ira Kumar,P017,Bookshelf,Furniture,Storage,Consumer,East,West Bengal,Kolkata,4,9853.86,39415.44,0.1,35473.9,6939.01
ORD-101361,2026-09-28,2026,Sep,9,CUST-0150,Ananya Deshmukh,P001,Laptop Pro 14,Technology,Laptops,Consumer,South,Tamil Nadu,Chennai,2,64124.53,128249.06,0.0,128249.06,20307.25
ORD-101639,2026-09-28,2026,Sep,9,CUST-0091,Diya Sharma,P023,Premium Notebook,Office Supplies,Paper,Consumer,East,West Bengal,Kolkata,3,437.53,1312.59,0.05,1246.96,379.44
ORD-101935,2026-09-28,2026,Sep,9,CUST-0278,Nisha Rao,P020,Printer,Office Supplies,Machines,Consumer,North,Delhi,Delhi,1,16092.15,16092.15,0.0,16092.15,4122.31
ORD-102023,2026-09-28,2026,Sep,9,CUST-0334,Meera Iyer,P025,Desk Organizer,Office Supplies,Accessories,Consumer,West,Maharashtra,Pune,4,875.7,3502.8,0.0,3502.8,1022.15
ORD-102391,2026-09-28,2026,Sep,9,CUST-0379,Pooja Iyer,P036,Bluetooth Speaker,Technology,Audio,Consumer,West,Maharashtra,Mumbai,1,5807.82,5807.82,0.05,5517.43,769.44
ORD-102610,2026-09-28,2026,Sep,9,CUST-0284,Arjun Iyer,P007,Wireless Mouse,Technology,Accessories,Consumer,South,Tamil Nadu,Chennai,4,1797.85,7191.4,0.05,6831.83,1016.04
ORD-102874,2026-09-28,2026,Sep,9,CUST-0182,Vivaan Kumar,P021,Laser Printer Pro,Office Supplies,Machines,Consumer,East,Odisha,Bhubaneswar,2,26886.82,53773.64,0.05,51084.96,13568.35
ORD-100086,2026-09-29,2026,Sep,9,CUST-0173,Aadhya Rao,P014,Ergonomic Chair Pro,Furniture,Chairs,Consumer,South,Karnataka,Bengaluru,1,17429.22,17429.22,0.05,16557.76,3667.98
ORD-100570,2026-09-29,2026,Sep,9,CUST-0387,Rahul Kumar,P024,Gel Pen Set,Office Supplies,Writing,Corporate,East,Assam,Guwahati,4,310.73,1242.92,0.15,1056.48,190.75
ORD-101008,2026-09-29,2026,Sep,9,CUST-0011,Diya Sharma,P024,Gel Pen Set,Office Supplies,Writing,Small Business,East,West Bengal,Kolkata,2,327.82,655.64,0.05,622.86,179.38
ORD-101938,2026-09-29,2026,Sep,9,CUST-0040,Anika Deshmukh,P040,Travel Backpack Pro,Office Supplies,Bags,Small Business,West,Maharashtra,Mumbai,2,4650.84,9301.68,0.05,8836.6,2361.81
ORD-100950,2026-09-30,2026,Sep,9,CUST-0226,Rohan Sharma,P006,Mechanical Keyboard,Technology,Accessories,Corporate,South,Tamil Nadu,Chennai,2,5244.13,10488.26,0.15,8915.02,2137.44
ORD-101588,2026-09-30,2026,Sep,9,CUST-0206,Rohan Sharma,P007,Wireless Mouse,Technology,Accessories,Corporate,South,Tamil Nadu,Chennai,1,1785.18,1785.18,0.1,1606.66,266.28
ORD-102208,2026-09-30,2026,Sep,9,CUST-0434,Meera Iyer,P020,Printer,Office Supplies,Machines,Consumer,South,Tamil Nadu,Chennai,2,15862.29,31724.58,0.1,28552.12,8762.72
